0.0 0.9987933971178499 -0.12068257875827797
0.001 0.9986714022494836 -0.12334124792908316
0.002 0.9985469532689396 -0.12553966852661197
0.003 0.9984202036175364 -0.12796815694665442
0.004 0.9982910766319721 -0.13028155321381357
0.005 0.9981596107026283 -0.13265243632388768
0.006 0.9980257866945899 -0.13499451471417032
0.007 0.9978896142370515 -0.13735093326440337
0.008 0.9977510885786547 -0.1397001174838888
0.009000000000000001 0.9976102121597993 -0.1420528536501759
0.01 0.9974669838264978 -0.14440374666477807
0.011 0.9973214042234427 -0.14675549300899096
0.012 0.9971734730974756 -0.14910674258416998
0.013000000000000001 0.9970231906458514 -0.15145816927397054
0.014 0.9968705568421063 -0.15380943436952674
0.015 0.9967155717731239 -0.15616070597761003
0.016 0.9965582354706016 -0.1585118983513936
0.017 0.9963985479953181 -0.16086305305157148
0.018000000000000002 0.9962365093949991 -0.1632141476616035
0.019 0.9960721197253843 -0.16556519202763395
0.02 0.9959053790396943 -0.16791617963331879
0.021 0.9957362873938967 -0.17026711233776626
0.022 0.9955648448440729 -0.1726179876502757
0.023 0.9953910514477354 -0.1749688053897658
0.024 0.995214907263168 -0.17731956410901403
0.025 0.9950364123497566 -0.1796702630856132
0.026000000000000002 0.9948555667678233 -0.1820209011596597
0.027 0.9946723705787093 -0.184371477451353
0.028 0.9944868238447339 -0.18672199089065344
0.029 0.994298926629214 -0.1890724405444614
0.03 0.9941086789964555 -0.19142282537569918
0.031 0.9939160810117567 -0.19377314443005425
0.032 0.9937211327414068 -0.19612339668487166
0.033 0.9935238342526869 -0.1984735811754507
0.034 0.993324185613869 -0.20082369688745286
0.035 0.9931221868942173 -0.2031737428487259
0.036000000000000004 0.9929178381639863 -0.20552371805258032
0.037 0.992711139494423 -0.2078736215188872
0.038 0.9925020909577651 -0.2102234522485582
0.039 0.9922906926272421 -0.21257320925488118
0.04 0.9920769445770744 -0.21492289154431113
0.041 0.9918608468824742 -0.21727249812558605
0.042 0.9916423996196451 -0.2196220280086519
0.043000000000000003 0.991421602865782 -0.22197148019964966
0.044 0.9911984566990709 -0.22432085371045915
0.045 0.9909729611986899 -0.2266701475456798
0.046 0.9907451164448081 -0.2290193607183873
0.047 0.990514922518586 -0.23136849223234696
0.048 0.9902823795021757 -0.23371754110059428
0.049 0.990047487478721 -0.23606650632772647
0.05 0.9898102465323566 -0.23841538692570602
0.051000000000000004 0.9895706567482095 -0.24076418189947513
0.052000000000000005 0.9893287182123977 -0.2431128902614232
0.053 0.9890844310120308 -0.2454615110154037
0.054 0.9888377952352101 -0.24781004317505298
0.055 0.9885888109710288 -0.2501584857428644
0.056 0.9883374783095713 -0.25250683773356386
0.057 0.9880837973419141 -0.2548550981485027
0.058 0.9878277681601251 -0.2572032660032167
0.059000000000000004 0.9875693908572641 -0.2595513402987409
0.06 0.9873086655273827 -0.26189932004991245
0.061 0.9870455922655244 -0.264247204259028
0.062 0.9867801711677244 -0.26659499193901726
0.063 0.98651240233101 -0.2689426820942602
0.064 0.9862422858534006 -0.27129027373508485
0.065 0.985969821833907 -0.273637765868706
0.066 0.9856950103725329 -0.27598515750210684
0.067 0.9854178515702735 -0.2783324476455342
0.068 0.9851383455291166 -0.2806796353032841
0.069 0.9848564923520419 -0.28302671948718416
0.07 0.9845722921430216 -0.2853736992006309
0.07100000000000001 0.98428574500702 -0.2877205734557165
0.07200000000000001 0.9839968510499942 -0.2900673412553581
0.073 0.9837056103788936 -0.2924140016115197
0.074 0.9834120231016599 -0.29476055352784186
0.075 0.9831160893272275 -0.2971069960146722
0.076 0.9828178091655237 -0.2994533280767644
0.077 0.9825171827274685 -0.3017995487237737
0.078 0.9822142101249745 -0.3041456569605627
0.079 0.9819088914709473 -0.3064916517961574
0.08 0.9816012268792854 -0.3088375322359892
0.081 0.9812912164648807 -0.31118329728815436
0.082 0.9809788603436176 -0.3135289459588408
0.083 0.9806641586323742 -0.31587447725481227
0.084 0.9803471114490219 -0.3182198901830458
0.085 0.980027718912425 -0.320565183750046
0.08600000000000001 0.9797059811424418 -0.3229103569618306
0.08700000000000001 0.9793818982599236 -0.3252554088258633
0.088 0.9790554703867161 -0.3276003383466655
0.089 0.978726697645658 -0.3299451445333583
0.09 0.9783955801605824 -0.33228982638778565
0.091 0.9780621180563158 -0.33463438292135445
0.092 0.9777263114586793 -0.33697881313395295
0.093 0.9773881604944875 -0.33932311603759746
0.094 0.97704766529155 -0.3416672906320568
0.095 0.97670482597867 -0.3440113359284348
0.096 0.9763596426856457 -0.34635525092713926
0.097 0.9760121155432693 -0.34869903463829466
0.098 0.9756622446833283 -0.35104268606260747
0.099 0.9753100302386046 -0.3533862042097348
0.1 0.9749554723428752 -0.3557295880804225
0.101 0.9745985711309118 -0.3580728366836912
0.10200000000000001 0.9742393267384816 -0.36041594902035473
0.10300000000000001 0.9738777393023467 -0.3627589240989871
0.10400000000000001 0.973513808960265 -0.36510176092039
0.105 0.9731475358509895 -0.3674444584925052
0.106 0.9727789201142691 -0.3697870158164616
0.107 0.9724079618908483 -0.37212943189931724
0.108 0.9720346613224677 -0.37447170574233973
0.109 0.9716590185518637 -0.37681383635245763
0.11 0.9712810337227687 -0.37915582273003406
0.111 0.9709007069799119 -0.3814976638822414
0.112 0.9705180384690186 -0.3838393588093589
0.113 0.9701330283368108 -0.38618090651737946
0.114 0.9697456767310071 -0.3885223060073611
0.115 0.969355983800323 -0.39086355628427516
0.116 0.968963949694471 -0.393204656349344
0.117 0.9685695745641609 -0.3955456052066656
0.11800000000000001 0.9681728585610996 -0.39788640185794494
0.11900000000000001 0.9677738018379916 -0.4002270453062218
0.12 0.9673724045485389 -0.4025675345533771
0.121 0.9669686668474414 -0.4049078686020283
0.122 0.9665625888903969 -0.4072480464535851
0.123 0.9661541708341013 -0.40958806711048296
0.124 0.9657434128362486 -0.41192792957376817
0.125 0.9653303150555315 -0.4142676328456901
0.126 0.964914877651641 -0.416607175926568
0.127 0.9644971007852668 -0.4189465578188617
0.128 0.9640769846180982 -0.42128577752205204
0.129 0.9636545293128228 -0.42362483403839163
0.13 0.9632297350331279 -0.4259637263674273
0.131 0.9628026019437002 -0.4283024535102585
0.132 0.9623731302102257 -0.4306410144668185
0.133 0.9619413199993908 -0.43297940823753706
0.134 0.9615071714788814 -0.43531763382191446
0.135 0.9610706848173839 -0.4376556902199497
0.136 0.9606318601845848 -0.43999357643119136
0.137 0.9601906977511713 -0.4423312914549576
0.138 0.9597471976888314 -0.444668834289871
0.139 0.959301360170254 -0.4470062039363545
0.14 0.9588531853691292 -0.44934339939097573
0.14100000000000001 0.9584026734601482 -0.45168041965488587
0.14200000000000002 0.9579498246190039 -0.45401726372351353
0.14300000000000002 0.9574946390223911 -0.45635393059831175
0.14400000000000002 0.9570371168480063 -0.4586904192736788
0.145 0.9565772582745481 -0.4610267287511117
0.146 0.9561150634817177 -0.46336285802430827
0.147 0.9556505326502188 -0.4656988060943714
0.148 0.9551836659617577 -0.4680345719549094
0.149 0.9547144635990441 -0.47037015460582515
0.15 0.9542429257457903 -0.4727055530414416
0.151 0.9537690525867124 -0.4750407662598672
0.152 0.9532928443075303 -0.47737579325656654
0.153 0.9528143010949675 -0.4797106330272084
0.154 0.9523334231367514 -0.4820452845692399
0.155 0.9518502106216145 -0.4843797468753168
0.156 0.9513646637392928 -0.4867140189446707
0.157 0.9508767826805282 -0.4890480997677329
0.158 0.9503865676370665 -0.491381988344748
0.159 0.9498940188016598 -0.4937156836641233
0.16 0.9493991363680647 -0.49604918472755694
0.161 0.9489019205310446 -0.4983824905206019
0.162 0.9484023714863677 -0.500715600046982
0.163 0.9479004894308096 -0.5030485122897499
0.164 0.9473962745621514 -0.505381226253066
0.165 0.9468897270791813 -0.5077137409197716
0.166 0.9463808471816947 -0.5100460552923134
0.167 0.9458696350704937 -0.5123781683548093
0.168 0.9453560909473883 -0.5147100791071435
0.169 0.944840215015196 -0.5170417865349605
0.17 0.9443220074777424 -0.5193732896356383
0.171 0.9438014685398615 -0.5217045873964182
0.17200000000000001 0.9432785984073953 -0.5240356788121315
0.17300000000000001 0.9427533972871951 -0.5263665628707704
0.17400000000000002 0.9422258653871209 -0.5286972385661011
0.17500000000000002 0.9416960029160424 -0.5310277048859019
0.176 0.9411638100838384 -0.5333579608230137
0.177 0.9406292871013981 -0.5356880053650295
0.178 0.9400924341806203 -0.5380178375040929
0.179 0.9395532515344147 -0.5403474562269781
0.18 0.9390117393767012 -0.5426768605258352
0.181 0.9384678979224115 -0.545006049386088
0.182 0.9379217273874875 -0.5473350218003223
0.183 0.9373732279888835 -0.5496637767523427
0.184 0.9368223999445653 -0.5519923132349032
0.185 0.9362692434735109 -0.554320630231079
0.186 0.935713758795711 -0.5566487267324064
0.187 0.9351559461321682 -0.5589766017226976
0.188 0.9345958057048995 -0.5613042541907547
0.189 0.9340333377369338 -0.5636316831230292
0.19 0.9334685424523147 -0.565958887503613
0.191 0.9329014200760991 -0.5682858663223607
0.192 0.9323319708343586 -0.5706126185596674
0.193 0.9317601949541792 -0.5729391432064811
0.194 0.9311860926636617 -0.5752654392422856
0.195 0.930609664191922 -0.5775915056568373
0.196 0.9300309097690921 -0.5799173414293646
0.197 0.9294498296263188 -0.5822429455494111
0.198 0.9288664239957662 -0.5845683169944937
0.199 0.9282806931106142 -0.5868934547544536
0.2 0.9276926372050596 -0.5892183578061474
0.201 0.9271022565143164 -0.5915430251376476
0.202 0.9265095512746162 -0.5938674557267131
0.203 0.9259145217232081 -0.5961916485593672
0.20400000000000001 0.9253171680983597 -0.5985156026138393
0.20500000000000002 0.9247174906393569 -0.6008393168745241
0.20600000000000002 0.9241154895865044 -0.6031627903196285
0.20700000000000002 0.923511165181126 -0.6054860219324947
0.20800000000000002 0.9229045176655652 -0.6078090106907188
0.209 0.9222955472831853 -0.6101317555770467
0.21 0.9216842542783698 -0.6124542555684249
0.211 0.9210706388965225 -0.6147765096465156
0.212 0.9204547013840687 -0.6170985167880682
0.213 0.9198364419884544 -0.6194202759736928
0.214 0.9192158609581476 -0.62174178617928
0.215 0.918592958542638 -0.6240630463854381
0.216 0.9179677349924382 -0.6263840555662336
0.217 0.9173401905590829 -0.6287048127026059
0.218 0.9167103254951304 -0.6310253167669799
0.219 0.9160781400541621 -0.6333455667405858
0.22 0.9154436344907836 -0.6356655615937589
0.221 0.9148068090606243 -0.6379853003082581
0.222 0.9141676640203388 -0.6403047818527831
0.223 0.9135261996276061 -0.6426240052089477
0.224 0.9128824161411307 -0.6449429693441765
0.225 0.9122363138206434 -0.6472616732393409
0.226 0.9115878929269005 -0.6495801158618966
0.227 0.910937153721685 -0.6518982961904565
0.228 0.9102840964678072 -0.6542162131932384
0.229 0.9096287214291041 -0.6565338658468963
0.23 0.9089710288704412 -0.658851253119569
0.231 0.9083110190577116 -0.6611683739866016
0.232 0.9076486922578371 -0.6634852274159845
0.233 0.9069840487387684 -0.6658018123810262
0.234 0.9063170887694855 -0.6681181278507917
0.23500000000000001 0.9056478126199984 -0.6704341727956645
0.23600000000000002 0.9049762205613472 -0.6727499461855739
0.23700000000000002 0.9043023128656025 -0.6750654469888471
0.23800000000000002 0.9036260898058661 -0.6773806741754503
0.23900000000000002 0.902947551656271 -0.6796956267125774
0.24 0.9022666986919824 -0.6820103035689166
0.241 0.9015835311891973 -0.6843247037116506
0.242 0.9008980494251462 -0.6866388261076427
0.243 0.9002102536780919 -0.6889526697240961
0.244 0.8995201442273315 -0.6912662335263826
0.245 0.8988277213531958 -0.6935795164812796
0.246 0.8981329853370501 -0.6958925175526197
0.247 0.8974359364612945 -0.698205235707342
0.248 0.896736575009365 -0.7005176699070732
0.249 0.8960349012657326 -0.7028298191192963
0.25 0.8953309155159053 -0.705141682303411
0.251 0.8946246180464275 -0.7074532584266884
0.252 0.8939160091448806 -0.7097645464479315
0.253 0.8932050890998842 -0.7120755453322799
0.254 0.8924918582010952 -0.7143862540393408
0.255 0.89177631673921 -0.716696671531338
0.256 0.8910584650059632 -0.7190067967689278
0.257 0.8903383032941292 -0.7213166287119995
0.258 0.8896158318975226 -0.7236261663206285
0.259 0.8888910511109982 -0.7259354085540659
0.26 0.8881639612304517 -0.7282443543712659
0.261 0.8874345625528204 -0.7305530027300978
0.262 0.8867028553760833 -0.7328613525892627
0.263 0.8859688399992619 -0.7351694029052204
0.264 0.8852325167224204 -0.737477152635695
0.265 0.8844938858466667 -0.7397846007363023
0.266 0.883752947674152 -0.7420917461638254
0.267 0.8830097025080725 -0.7443985878725781
0.268 0.8822641506526687 -0.7467051248187866
0.269 0.8815162924132268 -0.7490113559552386
0.27 0.8807661280960786 -0.7513172802377466
0.271 0.8800136580086027 -0.7536228966174683
0.272 0.8792588824592237 -0.7559282040499037
0.273 0.8785018017574147 -0.7582332014841425
0.274 0.8777424162136958 -0.7605378878760328
0.275 0.8769807261396362 -0.7628422621723506
0.276 0.8762167318478534 -0.7651463233286315
0.277 0.875450433652015 -0.767450070290317
0.278 0.8746818318668381 -0.7697535020119551
0.279 0.8739109268080907 -0.7720566174379606
0.28 0.8731377187925914 -0.7743594155219201
0.281 0.872362208138211 -0.7766618952067736
0.28200000000000003 0.871584395163872 -0.7789640554455637
0.28300000000000003 0.8708042801895498 -0.7812658951798553
0.28400000000000003 0.8700218635362729 -0.7835674133613229
0.28500000000000003 0.8692371455261236 -0.7858686089311743
0.28600000000000003 0.8684501264822387 -0.7881694808391363
0.28700000000000003 0.8676608067288096 -0.790470028026091
0.28800000000000003 0.8668691865910833 -0.7927702494399468
0.289 0.8660752663953628 -0.7950701440211004
0.29 0.8652790464690076 -0.7973697107158079
0.291 0.8644805271404344 -0.7996689484637173
0.292 0.8636797087391176 -0.8019678562095871
0.293 0.8628765915955897 -0.804266432892404
0.294 0.8620711760414422 -0.8065646774551227
0.295 0.8612634624093262 -0.8088625888363495
0.296 0.8604534510329522 -0.8111601659772707
0.297 0.859641142247092 -0.8134574078155973
0.298 0.8588265363875781 -0.8157543132910187
0.299 0.8580096337913048 -0.8180508813409264
0.3 0.8571904347962291 -0.820347110902385
0.301 0.8563689397413705 -0.8226430009133289
0.302 0.8555451489668126 -0.8249385503078683
0.303 0.8547190628137022 -0.8272337580245342
0.304 0.853890681624252 -0.8295286229943463
0.305 0.8530600057417391 -0.8318231441560598
0.306 0.8522270355105073 -0.8341173204390188
0.307 0.8513917712759664 -0.8364111507805022
0.308 0.850554213384594 -0.8387046341089278
0.309 0.849714362183935 -0.8409977693602406
0.31 0.8488722180226032 -0.8432905554614243
0.311 0.8480277812502808 -0.8455829913476588
0.312 0.8471810522177206 -0.8478750759439867
0.313 0.8463320312767448 -0.8501668081850474
0.314 0.8454807187802474 -0.8524581869939362
0.315 0.8446271150821936 -0.8547492113045692
0.316 0.8437712205376209 -0.8570398800382942
0.317 0.8429130355026396 -0.8593301921283152
0.318 0.8420525603344339 -0.861620146493934
0.319 0.8411897953912618 -0.8639097420674937
0.32 0.8403247410324564 -0.8661989777674693
0.321 0.8394573976184262 -0.8684878525233919
0.322 0.838587765510656 -0.8707763652545578
0.323 0.8377158450717074 -0.8730645148865188
0.324 0.8368416366652193 -0.8753523003402678
0.325 0.8359651406559091 -0.8776397205372415
0.326 0.835086357409573 -0.879926774398924
0.327 0.8342052872930865 -0.8822134608447072
0.328 0.8333219306744056 -0.8844997787942547
0.329 0.8324362879225671 -0.8867857271667696
0.33 0.8315483594076892 -0.889071304879551
0.331 0.8306581455009727 -0.8913565108506558
0.332 0.8297656465747012 -0.8936413439962346
0.333 0.828870863002242 -0.8959258032328147
0.334 0.8279737951580468 -0.8982098874749653
0.335 0.8270744434176525 -0.9004935956379269
0.336 0.8261728081576813 -0.9027769266351948
0.337 0.8252688897558426 -0.9050598793797651
0.338 0.8243626885909324 -0.9073424527848146
0.339 0.8234542050428352 -0.9096246457606884
0.34 0.8225434394925235 -0.9119064572203001
0.341 0.8216303923220598 -0.9141878860716485
0.342 0.8207150639145963 -0.9164689312264418
0.343 0.8197974546543763 -0.9187495915913606
0.34400000000000003 0.8188775649267345 -0.9210298660769012
0.34500000000000003 0.8179553951180979 -0.9233097535875828
0.34600000000000003 0.8170309456159868 -0.9255892530327062
0.34700000000000003 0.8161042168090151 -0.927868363315554
0.34800000000000003 0.8151752090868912 -0.9301470833437276
0.34900000000000003 0.814243922840419 -0.9324254120191058
0.35000000000000003 0.8133103584614984 -0.9347033482473367
0.35100000000000003 0.812374516343126 -0.9369808909293929
0.352 0.8114363968793961 -0.9392580389691205
0.353 0.8104960004655013 -0.941534791265887
0.354 0.8095533274977333 -0.943811146722122
0.355 0.8086083783734841 -0.9460871042354647
0.356 0.8076611534912456 -0.9483626627073581
0.357 0.8067116532506119 -0.9506378210326797
0.358 0.8057598780522789 -0.9529125781128418
0.359 0.8048058282980457 -0.9551869328398875
0.36 0.8038495043908152 -0.9574608841142367
0.361 0.802890906734595 -0.9597344308262585
0.362 0.8019300357344976 -0.9620075718749201
0.363 0.8009668917967429 -0.9642803061482224
0.364 0.8000014753286564 -0.9665526325449891
0.365 0.7990337867386728 -0.9688245499497512
0.366 0.7980638264363341 -0.9710960572615116
0.367 0.7970915948322931 -0.9733671533616938
0.368 0.7961170923383117 -0.9756378371486556
0.369 0.795140319367264 -0.9779081075016238
0.37 0.7941612763331353 -0.9801779633172595
0.371 0.7931799636510238 -0.9824474034740567
0.372 0.7921963817371418 -0.9847164268652159
0.373 0.7912105310088154 -0.9869850323697734
0.374 0.7902224118844865 -0.9892532188769398
0.375 0.789232024783713 -0.9915209852662515
0.376 0.7882393701271697 -0.9937883304231339
0.377 0.7872444483366493 -0.9960552532273961
0.378 0.7862472598350634 -0.9983217525610545
0.379 0.785247805046443 -1.0005878273032585
0.38 0.7842460843959397 -1.0028534763339125
0.381 0.7832420983098263 -1.0051186985304121
0.382 0.7822358472154979 -1.0073834927708232
0.383 0.7812273315414725 -1.0096478579311496
0.384 0.7802165517173925 -1.0119117928873347
0.385 0.7792035081740245 -1.0141752965137973
0.386 0.7781882013432614 -1.0164383676844861
0.387 0.7771706316581225 -1.018701005272429
0.388 0.7761507995527547 -1.020963208149176
0.389 0.7751287054624333 -1.0232249751866436
0.39 0.774104349823563 -1.0254863052538583
0.391 0.7730777330736787 -1.0277471972217112
0.392 0.7720488556514465 -1.0300076499565325
0.393 0.7710177179966647 -1.032267662328031
0.394 0.7699843205502646 -1.0345272332004525
0.395 0.768948663754311 -1.0367863614415818
0.396 0.7679107480520043 -1.0390450459139655
0.397 0.7668705738876801 -1.0413032854833715
0.398 0.7658281417068112 -1.0435610790104242
0.399 0.7647834519560078 -1.045818425359491
0.4 0.7637365050830189 -1.0480753233886273
0.401 0.762687301536733 -1.0503317719603986
0.402 0.7616358417671791 -1.0525877699317339
0.403 0.7605821262255279 -1.05484331616185
0.404 0.7595261553640924 -1.0570984095074274
0.405 0.7584679296363293 -1.0593530488243044
0.406 0.7574074494968392 -1.0616072329681527
0.40700000000000003 0.7563447154013688 -1.063860960792312
0.40800000000000003 0.7552797278068106 -1.0661142311506964
0.40900000000000003 0.7542124871712047 -1.0683670428948644
0.41000000000000003 0.7531429939537396 -1.0706193948761937
0.41100000000000003 0.7520712486147529 -1.072871285945062
0.41200000000000003 0.7509972516157329 -1.0751227149500011
0.41300000000000003 0.7499210034193189 -1.077373680740122
0.41400000000000003 0.7488425044893028 -1.079624182161341
0.41500000000000004 0.7477617552906297 -1.0818742180612326
0.41600000000000004 0.7466787562893993 -1.084123787283164
0.417 0.7455935079528663 -1.0863728886733925
0.418 0.7445060107494422 -1.088621521072416
0.419 0.743416265148696 -1.0908696833250333
0.42 0.7423242716213548 -1.093117374269389
0.421 0.7412300306393056 -1.095364592748288
0.422 0.7401335426755957 -1.0976113375979653
0.423 0.7390348082044342 -1.099857607658569
0.424 0.7379338277011928 -1.1021034017652551
0.425 0.7368306016424069 -1.104348718754447
0.426 0.7357251305057766 -1.1065935574614134
0.427 0.7346174147701681 -1.1088379167180258
0.428 0.7335074549156141 -1.11108179535947
0.429 0.7323952514233159 -1.1133251922138647
0.43 0.7312808047756431 -1.115568106115613
0.431 0.7301641154561362 -1.1178105358894508
0.432 0.7290451839495063 -1.1200524803687257
0.433 0.7279240107416374 -1.122293938374905
0.434 0.7268005963195864 -1.1245349087398737
0.435 0.725674941171585 -1.1267753902830517
0.436 0.7245470457870408 -1.1290153818329542
0.437 0.7234169106565373 -1.1312548822086697
0.438 0.722284536271837 -1.133493890234163
0.439 0.7211499231258802 -1.1357324047286703
0.44 0.7200130717127883 -1.1379704245119246
0.441 0.7188739825278632 -1.1402079484022765
0.442 0.7177326560675895 -1.1424449752161532
0.443 0.7165890928296352 -1.1446815037707128
0.444 0.7154432933128534 -1.1469175328788457
0.445 0.7142952580172822 -1.1491530613566248
0.446 0.7131449874441471 -1.1513880880140839
0.447 0.7119924820958619 -1.1536226116642851
0.448 0.7108377424760289 -1.155856631116727
0.449 0.7096807690894419 -1.158090145179811
0.45 0.7085215624420854 -1.1603231526631606
0.451 0.7073601230411372 -1.1625556523706408
0.452 0.7061964513949687 -1.1647876431108592
0.453 0.7050305480131468 -1.1670191236848233
0.454 0.7038624134064346 -1.1692500928990412
0.455 0.7026920480867928 -1.1714805495516678
0.456 0.7015194525673806 -1.1737104924469846
0.457 0.7003446273625573 -1.1759399203812455
0.458 0.6991675729878835 -1.1781688321554933
0.459 0.697988289960122 -1.180397226563924
0.46 0.6968067787972392 -1.1826251024055459
0.461 0.6956230400184066 -1.1848524584712201
0.462 0.6944370741440012 -1.1870792935582866
0.463 0.6932488816956078 -1.1893056064547196
0.464 0.6920584631960196 -1.1915313959554523
0.465 0.6908658191692395 -1.1937566608460464
0.466 0.6896709501404814 -1.1959813999187432
0.467 0.6884738566361717 -1.1982056119570559
0.468 0.6872745391839501 -1.2004292957497533
0.46900000000000003 0.6860729983126712 -1.202652450079331
0.47000000000000003 0.6848692345524059 -1.20487507372992
0.47100000000000003 0.683663248434442 -1.2070971654840008
0.47200000000000003 0.6824550404912867 -1.209318724120556
0.47300000000000003 0.6812446112566662 -1.2115397484216133
0.47400000000000003 0.6800319612655289 -1.213760237162086
0.47500000000000003 0.6788170910540448 -1.2159801891223705
0.47600000000000003 0.6776000011596085 -1.2181996030741777
0.47700000000000004 0.6763806921208394 -1.2204184777955112
0.47800000000000004 0.6751591644775833 -1.2226368120558126
0.47900000000000004 0.673935418770914 -1.2248546046293716
0.48 0.6727094555431342 -1.2270718542844707
0.481 0.6714812753377772 -1.229288559791338
0.482 0.6702508786996081 -1.2315047199165343
0.483 0.6690182661746249 -1.2337203334270561
0.484 0.6677834383100602 -1.2359353990872766
0.485 0.6665463956543822 -1.2381499156608897
0.486 0.6653071387572967 -1.2403638819101885
0.487 0.6640656681697479 -1.242577296595255
0.488 0.6628219844439194 -1.2447901584769527
0.489 0.6615760881332369 -1.2470024663110437
0.49 0.660327979792368 -1.2492142188573296
0.491 0.659077659977225 -1.2514254148671082
0.492 0.657825129244965 -1.2536360530989554
0.493 0.6565703881539925 -1.2558461322999628
0.494 0.6553134372639596 -1.25805565122699
0.495 0.6540542771357689 -1.2602646086238238
0.496 0.6527929083315732 -1.2624730032444722
0.497 0.6515293314147783 -1.264680833830159
0.498 0.6502635469500436 -1.2668880991317188
0.499 0.648995555503284 -1.269094797887822
0.5 0.647725357641671 -1.2713009288459274
0.501 0.6464529539336346 -1.273506490742785
0.502 0.6451783449488641 -1.275711482321656
0.503 0.6439015312583101 -1.2779159023178117
0.504 0.6426225134341856 -1.2801197494699652
0.505 0.641341292049968 -1.2823230225122981
0.506 0.6400578676803997 -1.284525720178977
0.507 0.6387722409014904 -1.286727841202142
0.508 0.6374844122905182 -1.288929384312701
0.509 0.636194382426031 -1.2911303482399767
0.51 0.6349021518878483 -1.2933307317115017
0.511 0.6336077212570624 -1.295530533454223
0.512 0.6323110911160402 -1.2977297521920743
0.513 0.6310122620484244 -1.2999283866492322
0.514 0.6297112346391351 -1.302126435546855
0.515 0.6284080094743718 -1.3043238976052731
0.516 0.627102587141614 -1.3065207715436795
0.517 0.6257949682296237 -1.3087170560783477
0.518 0.624485153328446 -1.3109127499262165
0.519 0.6231731430294117 -1.3131078517995176
0.52 0.621858937925138 -1.315302360413146
0.521 0.6205425386095303 -1.3174962744754715
0.522 0.619223945677784 -1.3196895926983603
0.523 0.6179031597263858 -1.3218823137873368
0.524 0.6165801813531152 -1.3240744364508037
0.525 0.6152550111570467 -1.3262659593913806
0.526 0.6139276497385505 -1.328456881314108
0.527 0.612598097699295 -1.33064720091826
0.528 0.6112663556422473 -1.3328369169062941
0.529 0.6099324241716761 -1.3350260279732482
0.53 0.6085963038931523 -1.3372145328196423
0.531 0.6072579954135512 -1.3394024301359357
0.532 0.6059174993410537 -1.3415897186203394
0.533 0.6045748162851483 -1.3437763969598557
0.534 0.6032299468566327 -1.3459624638489096
0.535 0.6018828916676151 -1.3481479179720697
0.536 0.6005336513315161 -1.3503327580195323
0.537 0.5991822264630706 -1.3525169826733505
0.538 0.5978286176783291 -1.354700590619632
0.539 0.5964728255946593 -1.3568835805380777
0.54 0.5951148508307483 -1.3590659511101524
0.541 0.5937546940066037 -1.3612477010134862
0.542 0.5923923557435558 -1.3634288289251142
0.543 0.5910278366642585 -1.3656093335201478
0.544 0.5896611373926923 -1.3677892134712826
0.545 0.5882922585541648 -1.3699684674510528
0.546 0.5869212007753127 -1.372147094128343
0.547 0.5855479646841044 -1.3743250921719001
0.548 0.5841725509098403 -1.3765024602481837
0.549 0.5827949600831558 -1.3786791970210412
0.55 0.5814151928360219 -1.3808553011549751
0.551 0.5800332498017485 -1.3830307713086791
0.552 0.5786491316149842 -1.3852056061448783
0.553 0.5772628389117199 -1.3873798043169825
0.554 0.5758743723292891 -1.3895533644861027
0.555 0.574483732506371 -1.3917262853000871
0.556 0.573090920082991 -1.3938985654180311
0.557 0.5716959357005236 -1.396070203483454
0.558 0.5702987800016933 -1.3982411981518705
0.559 0.568899453630577 -1.4004115480638832
0.56 0.5674979572326059 -1.4025812518698568
0.561 0.5660942914545665 -1.4047503082089414
0.562 0.5646884569446033 -1.406918715725586
0.5630000000000001 0.5632804543522204 -1.4090864730569983
0.5640000000000001 0.5618702843282828 -1.4112535788431773
0.5650000000000001 0.5604579475250194 -1.4134200317172378
0.5660000000000001 0.5590434445960233 -1.4155858303171518
0.5670000000000001 0.5576267761962551 -1.417750973269693
0.5680000000000001 0.5562079429820439 -1.419915459211716
0.5690000000000001 0.5547869456110895 -1.4220792867644447
0.5700000000000001 0.5533637847424643 -1.4242424545619234
0.5710000000000001 0.5519384610366149 -1.42640496122125
0.5720000000000001 0.5505109751553644 -1.428566805372652
0.5730000000000001 0.549081327761914 -1.4307279856296542
0.5740000000000001 0.547649519520845 -1.432888500618133
0.5750000000000001 0.5462155510981208 -1.4350483489486106
0.5760000000000001 0.5447794231610887 -1.4372075292425128
0.577 0.5433411363784821 -1.4393660401065036
0.578 0.5419006914204217 -1.4415238801583898
0.579 0.5404580889584184 -1.443681048001144
0.58 0.5390133296653746 -1.4458375422474912
0.581 0.5375664142155866 -1.4479933614986424
0.582 0.5361173432847463 -1.450148504360748
0.583 0.5346661175499426 -1.4523029694338188
0.584 0.533212737689665 -1.4544567553174448
0.585 0.5317572043838038 -1.4566098606096536
0.586 0.5302995183136532 -1.45876228390483
0.587 0.5288396801619127 -1.460914023797874
0.588 0.52737769061269 -1.4630650788780957
0.589 0.5259135503515018 -1.4652154477378427
0.59 0.5244472600652766 -1.4673651289605967
0.591 0.5229788204423566 -1.4695141211363612
0.592 0.5215082321724996 -1.4716624228430637
0.593 0.5200354959468813 -1.4738100326679835
0.594 0.518560612458097 -1.4759569491834785
0.595 0.517083582400164 -1.4781031709742565
0.596 0.5156044064685237 -1.480248696607205
0.597 0.5141230853600428 -1.4823935246637643
0.598 0.512639619773017 -1.4845376537062873
0.599 0.5111540104071716 -1.4866810823116823
0.6 0.5096662579636642 -1.4888238090392591
0.601 0.508176363145087 -1.490965832460017
0.602 0.5066843266554683 -1.493107151131261
0.603 0.5051901492002755 -1.4952477636167765
0.604 0.5036938314864164 -1.4973876684729845
0.605 0.5021953742222419 -1.499526864256543
0.606 0.5006947781175476 -1.5016653495214571
0.607 0.49919204388357646 -1.5038031228191169
0.608 0.49768717223302084 -1.5059401826994472
0.609 0.49618016388002434 -1.5080765277098118
0.61 0.49467101954018444 -1.510212156395277
0.611 0.4931597399305543 -1.5123470672992452
0.612 0.49164632576964523 -1.514481258962172
0.613 0.4901307777774287 -1.5166147299231383
0.614 0.48861309667533853 -1.5187474787184996
0.615 0.4870932831862733 -1.5208795038823513
0.616 0.4855713380345984 -1.523010803946973
0.617 0.4840472619461481 -1.5251413774421148
0.618 0.48252105564822834 -1.5272712228949805
0.619 0.4809927198696183 -1.5294003388318265
0.62 0.4794622553405731 -1.53152872377452
0.621 0.4779296627928258 -1.5336563762450333
0.622 0.4763949429595899 -1.5357832947608678
0.623 0.47485809657556133 -1.53790947783954
0.624 0.4733191243769211 -1.5400349239934172
0.625 0.47177802710133704 -1.5421596317363104
0.626 0.4702348054879667 -1.5442835995752213
0.627 0.4686894602774592 -1.5464068260198012
0.628 0.4671419922119579 -1.5485293095721626
0.629 0.46559240203510216 -1.5506510487378977
0.63 0.4640406904920304 -1.5527720420135172
0.631 0.4624868583293817 -1.5548922879009777
0.632 0.4609309062952988 -1.5570117848912595
0.633 0.45937283513942984 -1.559130531482357
0.634 0.4578126456129313 -1.5612485261598439
0.635 0.4562503384684697 -1.5633657674176755
0.636 0.4546859144602246 -1.5654822537363382
0.637 0.45311937434389055 -1.5675979836048406
0.638 0.45155071887667964 -1.5697129554995004
0.639 0.4499799488173239 -1.5718271679038054
0.64 0.4484070649260776 -1.5739406192900622
0.641 0.4468320679647198 -1.576053308136286
0.642 0.4452549586965566 -1.5781652329103697
0.643 0.44367573788642345 -1.5802763920855354
0.644 0.442094406300688 -1.582386784124478
0.645 0.44051096470725226 -1.584496407495594
0.646 0.4389254138755548 -1.58660526065748
0.647 0.43733775457657365 -1.5887133420723294
0.648 0.43574798758282846 -1.5908206501952062
0.649 0.4341561136683831 -1.5929271834821528
0.65 0.4325621336088479 -1.5950329403845205
0.651 0.43096604818138246 -1.5971379193520756
0.652 0.42936785816469775 -1.5992421188327262
0.653 0.42776756433905905 -1.6013455372697296
0.654 0.42616516748628785 -1.6034481731073533
0.655 0.42456066838976486 -1.60555002478282
0.656 0.42295406783443223 -1.6076510907363344
0.657 0.4213453666067962 -1.6097513693992145
0.658 0.41973456549492955 -1.6118508592073648
0.659 0.41812166528847405 -1.6139495585867045
0.66 0.4165066667786432 -1.6160474659677726
0.661 0.4148895707582242 -1.6181445797726002
0.662 0.41327037802158156 -1.6202408984248071
0.663 0.4116490893646583 -1.6223364203435677
0.664 0.4100257055849798 -1.6244311439451
0.665 0.40840022748165516 -1.6265250676456298
0.666 0.4067726558553807 -1.628618189854545
0.667 0.4051429915084419 -1.6307105089841476
0.668 0.40351123524471644 -1.6328020234377074
0.669 0.4018773878696762 -1.634892731623542
0.67 0.40024145019039054 -1.6369826319385588
0.671 0.39860342301552815 -1.6390717227867282
0.672 0.3969633071553603 -1.641160002559506
0.673 0.39532110342176285 -1.6432474696557922
0.674 0.39367681262821924 -1.6453341224618458
0.675 0.3920304355898228 -1.6474199593711982
0.676 0.3903819731232797 -1.6495049787653262
0.677 0.3887314260469111 -1.6515891790321582
0.678 0.3870787951806561 -1.6536725585482326
0.679 0.3854240813460741 -1.6557551156958517
0.68 0.3837672853663476 -1.657836848847428
0.681 0.38210840806628493 -1.6599177563782574
0.682 0.38044745027232224 -1.6619978366575767
0.683 0.3787844128125268 -1.6640770880537483
0.684 0.37711929651659926 -1.6661555089318922
0.685 0.3754521022158763 -1.6682330976545952
0.686 0.3737828307433334 -1.6703098525821067
0.687 0.37211148293358703 -1.672385772071592
0.6880000000000001 0.3704380596228979 -1.6744608544778672
0.6890000000000001 0.3687625616491728 -1.6765350981536022
0.6900000000000001 0.3670849898519681 -1.6786085014474135
0.6910000000000001 0.3654053450724912 -1.680681062707991
0.6920000000000001 0.3637236281536047 -1.682752780277028
0.6930000000000001 0.3620398399398271 -1.684823652500426
0.6940000000000001 0.36035398127733714 -1.6868936777119126
0.6950000000000001 0.35866605301397514 -1.6889628542547408
0.6960000000000001 0.3569760559992465 -1.6910311804556524
0.6970000000000001 0.35528399108432335 -1.6930986546537612
0.6980000000000001 0.35358985912204816 -1.6951652751702777
0.6990000000000001 0.35189366096693536 -1.6972310403392221
0.7000000000000001 0.3501953974751746 -1.6992959484767922
0.7010000000000001 0.3484950695046326 -1.701359997911815
0.7020000000000001 0.3467926779148566 -1.7034231869553627
0.7030000000000001 0.3450882235670759 -1.7054855139313307
0.704 0.34338170732420525 -1.707546977145933
0.705 0.3416731300508469 -1.7096075749170736
0.706 0.339962492613293 -1.7116673055475764
0.707 0.33824979587952836 -1.7137261673488207
0.708 0.33653504071923285 -1.715784158619972
0.709 0.3348182280037838 -1.717841277666321
0.71 0.33309935860625844 -1.7198975227831779
0.711 0.3313784334014363 -1.7219528922702734
0.712 0.3296554532658017 -1.7240073844187171
0.713 0.3279304190775461 -1.7260609975228198
0.714 0.32620333171657034 -1.7281137298695977
0.715 0.3244741920644872 -1.7301655797481619
0.716 0.3227430010046234 -1.7322165454415643
0.717 0.3210097594220222 -1.7342666252333425
0.718 0.3192744682034456 -1.7363158174031301
0.719 0.31753712823737634 -1.7383641202292963
0.72 0.31579774041402037 -1.7404115319872224
0.721 0.3140563056253088 -1.7424580509511882
0.722 0.31231282476490013 -1.744503675391981
0.723 0.31056729872818245 -1.746548403579989
0.724 0.30881972841227523 -1.748592233781753
0.725 0.3070701147160317 -1.75063516426331
0.726 0.3053184585400403 -1.7526771932881733
0.727 0.30356476078662725 -1.754718319117334
0.728 0.3018090223598578 -1.7567585400117505
0.729 0.3000512441655385 -1.7587978542278615
0.73 0.29829142711121875 -1.7608362600234433
0.731 0.2965295721061925 -1.7628737556516156
0.732 0.29476568006150006 -1.7649103393666299
0.733 0.29299975188992944 -1.766946009418652
0.734 0.29123178850601816 -1.7689807640586952
0.735 0.2894617908260545 -1.7710146015344308
0.736 0.28768975976807876 -1.7730475200935183
0.737 0.2859156962518849 -1.7750795179815784
0.738 0.28413960119902143 -1.777110593443647
0.739 0.28236147553279256 -1.779140744723164
0.74 0.2805813201782594 -1.7811699700630341
0.741 0.2787991360622407 -1.7831982677049523
0.742 0.2770149241133138 -1.785225635890443
0.743 0.27522868526181543 -1.7872520728587327
0.744 0.2734404204398416 -1.7892775768521758
0.745 0.2716501305812495 -1.7913021461064158
0.746 0.2698578166216558 -1.7933257788659462
0.747 0.26806347949843917 -1.795348473363336
0.748 0.2662671201507382 -1.7973702278453318
0.749 0.26446873951945293 -1.7993910405430493
0.75 0.26266833854724353 -1.801410909704186
0.751 0.26086591817853044 -1.8034298335615084
0.752 0.2590614793594936 -1.8054478103623384
0.753 0.25725502303807163 -1.807464838342794
0.754 0.25544655016396073 -1.809480915750833
0.755 0.25363606168861397 -1.811496040825563
0.756 0.25182355856523886 -1.8135102118181632
0.757 0.2500090417487971 -1.815523426969924
0.758 0.24819251219600116 -1.8175356845371495
0.759 0.24637397086531335 -1.8195469827646091
0.76 0.24455341871694242 -1.8215573199139574
0.761 0.24273085671284164 -1.8235666942352402
0.762 0.240906285816705 -1.8255751039961934
0.763 0.2390797069939644 -1.8275825474540772
0.764 0.23725112121178563 -1.829589022883043
0.765 0.23542052943906416 -1.8315945285502608
0.766 0.2335879326464211 -1.8335990627367253
0.767 0.23175333180619764 -1.8356026237218093
0.768 0.2299167278924505 -1.837605209794531
0.769 0.22807812188094523 -1.839606819248623
0.77 0.22623751474915096 -1.8416074503829802
0.771 0.22439490747623242 -1.843607101507603
0.772 0.22255030104304377 -1.8456057709336209
0.773 0.2207036964321196 -1.8476034569889102
0.774 0.21885509462766714 -1.8496001580005481
0.775 0.21700449661555662 -1.8515958723151824
0.776 0.2151519033833115 -1.8535905982800105
0.777 0.2132973159200977 -1.8555843342624845
0.778 0.2114407352167123 -1.857577078633323
0.779 0.2095821622655713 -1.8595688297835031
0.78 0.20772159806069604 -1.8615595861117769
0.781 0.20585904359769963 -1.8635493460354389
0.782 0.20399449987377144 -1.8655381079850624
0.783 0.20212796788766096 -1.8675258704094635
0.784 0.2002594486396606 -1.8695126317743083
0.785 0.19838894313158686 -1.8714983905655138
0.786 0.19651645236676088 -1.8734831452879934
0.787 0.1946419773499865 -1.8754668944712831
0.788 0.1927655190875284 -1.8774496366643518
0.789 0.1908870785870871 -1.8794313704463608
0.79 0.18900665685777313 -1.8814120944183177
0.791 0.18712425491007945 -1.883391807214117
0.792 0.18523987375585146 -1.8853705074951457
0.793 0.18335351440825534 -1.88734819395832
0.794 0.18146517788174396 -1.8893248653334176
0.795 0.17957486519202065 -1.8913005203896691
0.796 0.1776825773560001 -1.8932751579351945
0.797 0.17578831539176692 -1.8952487768218722
0.798 0.17389208031853096 -1.8972213759474905
0.799 0.17199387315657966 -1.899192954258901
0.8 0.17009369492722698 -1.9011635107563036
0.801 0.16819154665275896 -1.9031330444952728
0.802 0.16628742935637458 -1.9051015545943075
0.803 0.16438134406212382 -1.9070690402329766
0.804 0.1624732917948395 -1.909035500665844
0.805 0.16056327358006592 -1.9110009352155042
0.806 0.15865129044398066 -1.912965343292581
0.807 0.15673734341331225 -1.9149287243848567
0.808 0.15482143351525018 -1.9168910780820543
0.809 0.1529035617773498 -1.9188524040633779
0.81 0.15098372922742836 -1.9208127021250054
0.811 0.14906193689345507 -1.9227719721675531
0.812 0.14713818580343085 -1.9247302142262175
0.8130000000000001 0.14521247698526074 -1.926687428458194
0.8140000000000001 0.14328481146661462 -1.9286436151758115
0.8150000000000001 0.14135519027477883 -1.930598774834476
0.8160000000000001 0.13942361443649404 -1.9325529080693196
0.8170000000000001 0.13749008497778248 -1.9345060156827658
0.8180000000000001 0.13555460292375904 -1.9364580986861881
0.8190000000000001 0.13361716929842862 -1.9384091582888419
0.8200000000000001 0.13167778512446618 -1.9403591959406379
0.8210000000000001 0.12973645142297813 -1.9423082133291778
0.8220000000000001 0.12779316921324455 -1.9442562124187242
0.8230000000000001 0.1258479395124387 -1.9462031954592527
0.8240000000000001 0.1239007633353228 -1.9481491650220715
0.8250000000000001 0.12195164169391698 -1.950094124020291
0.8260000000000001 0.12000057559713971 -1.952038075743705
0.8270000000000001 0.11804756605041498 -1.9539810238914035
0.8280000000000001 0.11609261405524535 -1.955922972606801
0.8290000000000001 0.1141357206087443 -1.9578639265244204
0.8300000000000001 0.1121768867031267 -1.9598038908067446
0.8310000000000001 0.1102161133251498 -1.9617428712060119
0.8320000000000001 0.10825340145550211 -1.9636808741073761
0.833 0.10628875206813164 -1.9656179066059638
0.834 0.10432216612950963 -1.9675539765601162
0.835 0.10235364459781919 -1.9694890926868054
0.836 0.10038318842206262 -1.9714232646305847
0.837 0.09841079854107654 -1.973356503077224
0.838 0.09643647588244346 -1.9752888198488219
0.839 0.09446022136128844 -1.977220228037071
0.84 0.09248203587894417 -1.9791507421344026
0.841 0.09050192032147092 -1.981080378192024
0.842 0.08851987555800891 -1.9830091539977943
0.843 0.08653590243894449 -1.984937089270304
0.844 0.0845500017938626 -1.9868642058922303
0.845 0.08256217442925792 -1.988790528159892
0.846 0.08057242112597028 -1.9907160830845811
0.847 0.07858074263630566 -1.9926409007207224
0.848 0.07658713968079776 -1.9945650145557607
0.849 0.07459161294455587 -1.9964884619484216
0.85 0.07259416307313964 -1.9984112846357533
0.851 0.07059479066788475 -2.0003335293249354
0.852 0.06859349628059831 -2.002255248361523
0.853 0.06659028040751958 -2.0041765005304244
0.854 0.06458514348243068 -2.006097351955191
0.855 0.06257808586877388 -2.0080178771847126
0.856 0.0605691078506112 -2.00993816042281
0.857 0.058558209622224584 -2.0118582970157566
0.858 0.056545391276122264 -2.013778395153917
0.859 0.05453065278916455 -2.0156985779288457
0.86 0.05251399400647132 -2.017618985714657
0.861 0.05049541462270032 -2.019539779042148
0.862 0.048474914160206335 -2.021461141964731
0.863 0.04645249194348942 -2.0233832861113603
0.864 0.04442814706922059 -2.025306455479981
0.865 0.04240187837099019 -2.0272309321956783
0.866 0.040373684377753 -2.0291570433596515
0.867 0.038343563264745896 -2.0310851692522336
0.868 0.0363115127954255 -2.033015753089589
0.869 0.03427753025272202 -2.0349493126318214
0.87 0.032241612357641475 -2.0368864538776013
0.871 0.03020375517299951 -2.0388278871040426
0.872 0.028163953989882896 -2.040774445371639
0.873 0.026122203194395194 -2.0427271054513785
0.874 0.024078496112485803 -2.04468701073505
0.875 0.022032824831395553 -2.0466554950995737
0.876 0.019985179997781065 -2.048634105700655
0.877 0.017935550595290034 -2.050624621301717
0.878 0.015883923708700263 -2.0526290608552804
0.879 0.01383028428804886 -2.054649674991343
0.88 0.01177461493444886 -2.0566889112152404
0.881 0.009716895738662024 -2.0587493432550907
0.882 0.007657104211770805 -2.060833557550124
0.883 0.005595215350708739 -2.0629439970223697
0.884 0.003531201875316651 -2.065082774146666
0.885 0.0014650346545600575 -2.0672514793631027
0.886 -0.0006033166916220035 -2.069451021158958
0.887 -0.002673883064506651 -2.0716815338542798
0.888 -0.004746695111562253 -2.0739423752961654
0.889 -0.006821782493580176 -2.0762322135449414
0.89 -0.008899173271287095 -2.0785491793408286
0.891 -0.010978893459472951 -2.080891048904627
0.892 -0.01306096676177031 -2.083255422637419
0.893 -0.015145414469958077 -2.085639875587619
0.894 -0.017232255494124816 -2.0880420687385914
0.895 -0.0193215064844391 -2.090459820914545
0.896 -0.021413182008233313 -2.0928911474525704
0.897 -0.023507294753411203 -2.095334274123516
0.898 -0.025603855737493245 -2.0977876344393143
0.899 -0.027702874509022948 -2.10024985703023
0.9 -0.029804359333793863 -2.1027197478843123
0.901 -0.03190831736239622 -2.1051962707297833
0.902 -0.03401475477819193 -2.1076785275008567
0.903 -0.036123676926379196 -2.1101657400449385
0.904 -0.03823508842563338 -2.1126572335667984
0.905 -0.04034899326416934 -2.115152422025821
0.906 -0.04246539488214625 -2.1176507954255204
0.907 -0.04458429624225596 -2.120151908890778
0.908 -0.04670569989017454 -2.1226553733194478
0.909 -0.048829608006367015 -2.1251608474372925
0.91 -0.050956022450539304 -2.127668031039522
0.911 -0.05308494479984958 -2.1301766592683133
0.912 -0.05521637638182457 -2.1326864977468416
0.913 -0.05735031830278188 -2.1351973384573104
0.914 -0.059486771472434155 -2.1377089962280436
0.915 -0.061625736625244044 -2.1402213057478945
0.916 -0.06376721433900945 -2.1427341190133995
0.917 -0.06591120505108243 -2.1452473031488375
0.918 -0.06805770907256141 -2.1477607385336146
0.919 -0.07020672660074417 -2.150274317196367
0.92 -0.07235825773008361 -2.1527879414267015
0.921 -0.0745123024618521 -2.155301522580918
0.922 -0.07666886071268804 -2.157814980040897
0.923 -0.07882793232217392 -2.1603282403180852
0.924 -0.08098951705957143 -2.1628412362641445
0.925 -0.08315361462982199 -2.165353906390751
0.926 -0.08532022467890545 -2.1678661942666984
0.927 -0.08748934679863621 -2.1703780479952526
0.928 -0.0896609805309655 -2.172889419749663
0.929 -0.09183512537184858 -2.1754002653669997
0.93 -0.0940117807747287 -2.1779105439883257
0.931 -0.09619094615368105 -2.180420217738385
0.932 -0.0983726208862567 -2.1829292514457856
0.933 -0.10055680431605868 -2.185437612387401
0.934 -0.10274349575508099 -2.187945270069503
0.935 -0.10493269448583475 -2.190452196021401
0.936 -0.1071243997632857 -2.1929583636238683
0.937 -0.10931861081662102 -2.1954637479402392
0.9380000000000001 -0.11151532685086495 -2.197968325581848
0.9390000000000001 -0.11371454704835646 -2.2004720745678563
0.9400000000000001 -0.1159162705701051 -2.202974974220682
0.9410000000000001 -0.11812049655703408 -2.2054770050461436
0.9420000000000001 -0.12032722413112469 -2.2079781486548655
0.9430000000000001 -0.12253645239646847 -2.210478387657543
0.9440000000000001 -0.12474818044023835 -2.212977705606318
0.9450000000000001 -0.12696240733358374 -2.2154760869029793
0.9460000000000001 -0.1291791321324591 -2.217973516755571
0.9470000000000001 -0.13139835387838947 -2.220469981098247
0.9480000000000001 -0.13362007159918035 -2.2229654665574814
0.9490000000000001 -0.13584428430957615 -2.2254599603853826
0.9500000000000001 -0.13807099101187095 -2.227953450428975
0.9510000000000001 -0.14030019069647703 -2.230445925078453
0.9520000000000001 -0.14253188234245315 -2.2329373732363176
0.9530000000000001 -0.14476606491799748 -2.235427784279364
0.9540000000000001 -0.14700273738090625 -2.237917148026977
0.9550000000000001 -0.1492418986790027 -2.240405454714036
0.9560000000000001 -0.15148354775053718 -2.2428926949600316
0.9570000000000001 -0.15372768352456173 -2.245378859749025
0.9580000000000001 -0.15597430492128034 -2.2478639404009506
0.9590000000000001 -0.15822341085237732 -2.2503479285565886
0.96 -0.16047500022132483 -2.252830816151118
0.961 -0.1627290719236719 -2.255312595403002
0.962 -0.16498562484731513 -2.2577932587893574
0.963 -0.16724465787275422 -2.260272799038951
0.964 -0.16950616987333095 -2.2627512091076305
0.965 -0.17177015971545534 -2.265228482175814
0.966 -0.1740366262588178 -2.267704611624219
0.967 -0.17630556835658967 -2.270179591033788
0.968 -0.1785769848556121 -2.272653414163455
0.969 -0.1808508745965744 -2.275126074950461
0.97 -0.18312723641418244 -2.277597567491056
0.971 -0.18540606913731797 -2.2800678860405377
0.972 -0.18768737158918916 -2.2825370249966284
0.973 -0.18997114258747316 -2.2850049788994826
0.974 -0.1922573809444509 -2.2874717424167397
0.975 -0.194546085467135 -2.289937310343967
0.976 -0.19683725495739104 -2.292401677591826
0.977 -0.19913088821205233 -2.2948648391849025
0.978 -0.20142698402302917 -2.29732679025279
0.979 -0.2037255411774124 -2.299787526026822
0.98 -0.20602655845757173 -2.302247041833622
0.981 -0.20833003464124947 -2.3047053330917078
0.982 -0.2106359685016492 -2.307162395305145
0.983 -0.2129443588075208 -2.3096182240625014
0.984 -0.21525520432324072 -2.3120728150283507
0.985 -0.21756850380888884 -2.314526163945015
0.986 -0.21988425602032158 -2.3169782666232988
0.987 -0.22220245970924166 -2.3194291189448952
0.988 -0.2245231136232645 -2.3218787168537305
0.989 -0.22684621650598155 -2.3243270563578227
0.99 -0.2291717670970211 -2.326774133522909
0.991 -0.23149976413210582 -2.329219944471906
0.992 -0.23383020634310808 -2.3316644853814688
0.993 -0.23616309245810263 -2.3341077524796927
0.994 -0.2384984212014173 -2.336549742044524
0.995 -0.24083619129368083 -2.33899045040002
0.996 -0.24317640145186942 -2.3414298739169284
0.997 -0.24551905038935062 -2.343868009007342
0.998 -0.24786413681592587 -2.3463048521267322
0.999 -0.2502116594378707 -2.34874039976812
1.0 -0.2525616169579739 -2.351174648464676
1.0010000000000001 -0.2549140080755743 -2.353607594783692
1.002 -0.25726883148659685 -2.356039235329856
1.0030000000000001 -0.25962608588358654 -2.3584695667386644
1.004 -0.2619857699557413 -2.3608985856804283
1.0050000000000001 -0.2643478823889435 -2.3633262888539
1.006 -0.26671242186579003 -2.3657526729892044
1.0070000000000001 -0.2690793870656218 -2.3681777348443047
1.008 -0.2714487766645508 -2.3706014712034182
1.0090000000000001 -0.27382058933548775 -2.373023878879832
1.01 -0.2761948237481672 -2.3754449547078997
1.0110000000000001 -0.2785714785691726 -2.3778646955511054
1.012 -0.28095055246196016 -2.38028309829141
1.0130000000000001 -0.2833320440868815 -2.3827001598376403
1.014 -0.2857159521012059 -2.385115877116327
1.0150000000000001 -0.28810227515914116 -2.3875302470782924
1.016 -0.2904910119118546 -2.3899432666914104
1.0170000000000001 -0.29288216100749226 -2.392354932945147
1.018 -0.2952757210911979 -2.394765242845816
1.0190000000000001 -0.2976716908051314 -2.3971741934192314
1.02 -0.30007006878848613 -2.3995817817065
1.0210000000000001 -0.30247085367750626 -2.401988004768076
1.022 -0.30487404410550256 -2.404392859676915
1.0230000000000001 -0.3072796387028687 -2.4067963435256194
1.024 -0.3096876360970962 -2.4091984534175617
1.025 -0.31209803491278904 -2.4115991864738886
1.026 -0.31451083377167804 -2.413998539827728
1.027 -0.3169260312926343 -2.4163965106258924
1.028 -0.31934362609168276 -2.4187930960296278
1.029 -0.3217636167820144 -2.4211882932097795
1.03 -0.32418600197399927 -2.423582099353352
1.031 -0.32661078027519774 -2.4259745116542746
1.032 -0.32903795029037236 -2.428365527322808
1.033 -0.3314675106214991 -2.430755143575805
1.034 -0.3338994598677778 -2.433143357643626
1.035 -0.33633379662564283 -2.4355301667655955
1.036 -0.33877051948877307 -2.4379155681909284
1.037 -0.34120962704810176 -2.4402995591793712
1.038 -0.3436511178918257 -2.4426821369983647
1.039 -0.3460949906054148 -2.4450632989264767
1.04 -0.3485412437716207 -2.4474430422486404
1.041 -0.3509898759704852 -2.449821364260372
1.042 -0.353440885779349 -2.452198262263892
1.043 -0.35589427177285937 -2.454573733570057
1.044 -0.35835003252297826 -2.4569477754974303
1.045 -0.3608081665989896 -2.4593203853715413
1.046 -0.3632686725675071 -2.4616915605260647
1.047 -0.3657315489924809 -2.4640612983006043
1.048 -0.36819679443520487 -2.4664295960427256
1.049 -0.3706644074543231 -2.4687964511055474
1.05 -0.37313438660583675 -2.4711618608497594
1.051 -0.37560673044311016 -2.4735258226412893
1.052 -0.37808143751687695 -2.4758883338528297
1.053 -0.38055850637524646 -2.4782493918628643
1.054 -0.38303793556370913 -2.480608994055317
1.055 -0.3855197236251425 -2.4829671378202742
1.056 -0.3880038690998165 -2.485323820552772
1.057 -0.3904903705253992 -2.4876790396536097
1.058 -0.39297922643696165 -2.490032792528228
1.059 -0.3954704353669833 -2.4923850765879707
1.06 -0.3979639958453567 -2.494735889247823
1.061 -0.4004599063993929 -2.497085227929358
1.062 -0.40295816555382546 -2.4994330900565345
1.063 -0.4054587718308158 -2.5017794730607066
1.064 -0.40796172374995715 -2.5041243743744053
1.065 -0.4104670198282793 -2.506467791438103
1.066 -0.4129746585802529 -2.508809721693048
1.067 -0.41548463851779344 -2.5111501625877453
1.068 -0.41799695815026566 -2.513489111572166
1.069 -0.42051161598448744 -2.515826566102454
1.07 -0.4230286105247337 -2.518162523636903
1.071 -0.4255479402727404 -2.5204969816390403
1.072 -0.42806960372770836 -2.5228299375750396
1.073 -0.43059359938630676 -2.525161388915533
1.074 -0.43311992574267705 -2.5274913331344067
1.075 -0.43564858128843625 -2.5298197677088914
1.076 -0.43817956451268075 -2.5321466901204968
1.077 -0.4407128739019895 -2.534472097852935
1.078 -0.4432485079404276 -2.5367959883945783
1.079 -0.4457864651095494 -2.53911835923599
1.08 -0.4483267438884021 -2.5414392078717816
1.081 -0.45086934275352875 -2.5437585317994027
1.082 -0.45341426017897146 -2.546076328519283
1.083 -0.45596149463627456 -2.5483925955355677
1.084 -0.4585110445944877 -2.550707330354772
1.085 -0.4610629085201689 -2.5530205304869167
1.086 -0.4636170848773874 -2.555332193444827
1.087 -0.4661735721277269 -2.557642316744258
1.088 -0.46873236873028845 -2.5599508979040726
1.089 -0.47129347314169295 -2.5622579344455745
1.09 -0.47385688381608465 -2.5645634238937323
1.091 -0.47642259920513347 -2.566867363775137
1.092 -0.47899061775803825 -2.5691697516207967
1.093 -0.48156093792152904 -2.5714705849623765
1.094 -0.48413355813987036 -2.5737698613370976
1.095 -0.4867084768548636 -2.5760675782813887
1.096 -0.48928569250584997 -2.578363733338512
1.097 -0.491865203529713 -2.5806583240499568
1.098 -0.4944470083608815 -2.5829513479643986
1.099 -0.4970311054313319 -2.5852428026290175
1.1 -0.4996174931705912 -2.587532685597272
1.101 -0.5022061700057395 -2.58982099442228
1.102 -0.5047971343614127 -2.5921077266620043
1.103 -0.507390384659805 -2.594392879875731
1.104 -0.5099859193206718 -2.596676451625812
1.105 -0.512583736761332 -2.5989584394775056
1.106 -0.5151838353966706 -2.601238840997706
1.107 -0.5177862136391418 -2.6035176537577147
1.108 -0.520390869898771 -2.6057948753286877
1.109 -0.5229978025831579 -2.6080705032880953
1.11 -0.5256070100974787 -2.6103445352115293
1.111 -0.5282184908444891 -2.612616968682124
1.112 -0.5308322432245266 -2.6148878012807173
1.113 -0.5334482656355134 -2.6171570305954326
1.114 -0.5360665564729586 -2.619424654212574
1.115 -0.5386871141299614 -2.62169066972527
1.116 -0.5413099369972133 -2.623955074725713
1.117 -0.5439350234630008 -2.6262178668113214
1.118 -0.5465623719132083 -2.628479043580668
1.119 -0.5491919807313207 -2.6307386026357653
1.12 -0.5518238482984258 -2.6329965415809777
1.121 -0.5544579729932174 -2.6352528580233963
1.122 -0.5570943531919976 -2.637507549572971
1.123 -0.5597329872686799 -2.6397606138424368
1.124 -0.5623738735947919 -2.6420120484467677
1.125 -0.5650170105394774 -2.6442618510045612
1.1260000000000001 -0.5676623964695003 -2.6465100191362523
1.127 -0.5703100297492467 -2.6487565504658983
1.1280000000000001 -0.5729599087407277 -2.651001442619958
1.129 -0.575612031803582 -2.653244693227428
1.1300000000000001 -0.5782663972950799 -2.6554862999216002
1.131 -0.5809230035701246 -2.657726260335739
1.1320000000000001 -0.5835818489812566 -2.6599645721105887
1.133 -0.5862429318786553 -2.6622012328837474
1.1340000000000001 -0.588906250610143 -2.6644362403031847
1.135 -0.5915718035211872 -2.6666695920113037
1.1360000000000001 -0.5942395889549041 -2.668901285663014
1.137 -0.5969096052520612 -2.6711313189061276
1.1380000000000001 -0.5995818507510806 -2.6733596894020883
1.139 -0.602256323788042 -2.675586394804687
1.1400000000000001 -0.604933022696686 -2.6778114327817084
1.141 -0.6076119458084169 -2.6800348009930453
1.1420000000000001 -0.6102930914523065 -2.6822564971132765
1.143 -0.6129764579550965 -2.684476518808251
1.1440000000000001 -0.6156620436412023 -2.686694863759131
1.145 -0.6183498468327162 -2.6889115296389416
1.1460000000000001 -0.6210398658494106 -2.6911265141342935
1.147 -0.6237320990087416 -2.693339814926423
1.1480000000000001 -0.6264265446258519 -2.6955514297069683
1.149 -0.6291232010135748 -2.697761356166017
1.1500000000000001 -0.6318220664824371 -2.6999695920000724
1.151 -0.6345231393406633 -2.7021761349080617
1.1520000000000001 -0.6372264178941784 -2.704380982592142
1.153 -0.6399319004466122 -2.7065841327593643
1.154 -0.6426395852993021 -2.7087855831186247
1.155 -0.6453494707512974 -2.7109853313844576
1.156 -0.6480615550993631 -2.713183375273274
1.157 -0.650775836637983 -2.715379712506827
1.158 -0.6534923136593639 -2.7175743408094175
1.159 -0.6562109844534395 -2.7197672579101804
1.16 -0.6589318473078742 -2.7219584615414947
1.161 -0.6616549005080667 -2.7241479494400758
1.162 -0.6643801423371548 -2.726335719346378
1.163 -0.6671075710760184 -2.728521769005092
1.164 -0.6698371850032843 -2.7307060961648566
1.165 -0.67256898239533 -2.7328886985785688
1.166 -0.675302961526288 -2.7350695740032203
1.167 -0.6780391206680499 -2.7372487202001103
1.168 -0.6807774580902706 -2.7394261349346056
1.169 -0.6835179720603729 -2.7416018159770963
1.17 -0.6862606608435514 -2.7437757611010074
1.171 -0.6890055227027777 -2.745947968086312
1.172 -0.691752555898804 -2.748118434714463
1.173 -0.6945017586901681 -2.7502871587756093
1.174 -0.6972531293331976 -2.7524541380591976
1.175 -0.7000066660820156 -2.7546193703655812
1.176 -0.7027623671885435 -2.7567828534929872
1.177 -0.7055202309025077 -2.7589445852516135
1.178 -0.7082802554714431 -2.761104563448928
1.179 -0.7110424391406986 -2.7632627859053187
1.18 -0.7138067801534418 -2.7654192504376898
1.181 -0.7165732767506638 -2.7675739548763643
1.182 -0.7193419271711847 -2.7697268970488875
1.183 -0.7221127296516583 -2.7718780747947953
1.184 -0.7248856824265771 -2.7740274859529537
1.185 -0.7276607837282782 -2.7761751283726364
1.186 -0.730438031786948 -2.7783209999035545
1.187 -0.7332174248306278 -2.7804650984056205
1.188 -0.7359989610852187 -2.782607421739265
1.189 -0.7387826387744881 -2.7847479677755866
1.19 -0.7415684561200742 -2.7868867343856394
1.191 -0.744356411341492 -2.789023719452199
1.192 -0.7471465026561391 -2.791158920857304
1.193 -0.7499387282793014 -2.793292336495362
1.194 -0.7527330864241585 -2.7954239642600083
1.195 -0.75552957530179 -2.7975538020570996
1.196 -0.7583281931211814 -2.799681847792711
1.197 -0.7611289380892297 -2.801808099383958
1.198 -0.76393180841075 -2.803932554749814
1.199 -0.7667368022884817 -2.8060552118189226
1.2 -0.7695439179230937 -2.808176068523486
1.201 -0.7723531535131919 -2.8102951228038893
1.202 -0.7751645072553249 -2.812412372605922
1.203 -0.7779779773439907 -2.814527815881899
1.204 -0.7807935619716428 -2.8166414505914346
1.205 -0.7836112593286976 -2.81875327469942
1.206 -0.7864310676035399 -2.8208632861790646
1.207 -0.7892529849825305 -2.822971483008718
1.208 -0.7920770096500129 -2.82507786317506
1.209 -0.7949031397883201 -2.827182424670251
1.21 -0.7977313735777809 -2.829285165494844
1.211 -0.8005617091967281 -2.8313860836553717
1.212 -0.8033941448215048 -2.8334851771661036
1.213 -0.806228678626472 -2.835582444048423
1.214 -0.8090653087840154 -2.8376778823308015
1.215 -0.8119040334645533 -2.839771490049569
1.216 -0.8147448508365438 -2.8418632652480555
1.217 -0.8175877590664923 -2.8439532059774733
1.218 -0.820432756318959 -2.846041310296394
1.219 -0.8232798407565668 -2.848127576271624
1.22 -0.8261290105400089 -2.8502120019769244
1.221 -0.8289802638280568 -2.852294585495146
1.222 -0.8318335987775682 -2.8543753249156687
1.223 -0.834689013543495 -2.856454218337478
1.224 -0.8375465062788913 -2.858531263866306
1.225 -0.8404060751349216 -2.8606064596173684
1.226 -0.8432677182608695 -2.8626798037130046
1.227 -0.8461314338041457 -2.8647512942852584
1.228 -0.8489972199102962 -2.8668209294734286
1.229 -0.8518650747230118 -2.868888707426459
1.23 -0.8547349963841354 -2.870954626301224
1.231 -0.8576069830336723 -2.8730186842639287
1.232 -0.8604810328097976 -2.875080879489286
1.233 -0.8633571438488659 -2.8771412101611493
1.234 -0.8662353142854201 -2.879199674472538
1.235 -0.869115542252201 -2.881256270625277
1.236 -0.8719978258801555 -2.883310996830892
1.237 -0.8748821632984468 -2.88536385130987
1.238 -0.8777685526344635 -2.887414832292528
1.239 -0.880656992013829 -2.889463938018241
1.24 -0.8835474795604111 -2.891511166736639
1.241 -0.886440013396332 -2.8935565167064565
1.242 -0.8893345916419777 -2.8955999861968778
1.243 -0.8922312124160081 -2.8976415734864562
1.244 -0.8951298738353669 -2.899681276864356
1.245 -0.8980305740152918 -2.901719094629234
1.246 -0.9009333110693248 -2.903755025090947
1.247 -0.9038380831093222 -2.905789066568272
1.248 -0.9067448882454652 -2.907821217392361
1.249 -0.9096537245862703 -2.9098514759027228
1.25 -0.9125645902386 -2.9118798404518107
1.2510000000000001 -0.9154774833076736 -2.913906309400614
1.252 -0.9183924018970779 -2.915930881123119
1.2530000000000001 -0.9213093441087781 -2.917953554002357
1.254 -0.9242283080431289 -2.919974326434238
1.2550000000000001 -0.9271492917988857 -2.921993196824199
1.256 -0.9300722934732158 -2.924010163590661
1.2570000000000001 -0.9329973111617099 -2.9260252251616845
1.258 -0.9359243429583933 -2.9280383799788963
1.2590000000000001 -0.9388533869557377 -2.9300496264932296
1.26 -0.941784441244673 -2.9320589631699514
1.2610000000000001 -0.9447175039145986 -2.9340663884835934
1.262 -0.9476525730533963 -2.9360719009232596
1.2630000000000001 -0.9505896467474414 -2.9380754989875064
1.264 -0.9535287230816152 -2.9400771811899618
1.2650000000000001 -0.9564698001393174 -2.9420769460534535
1.266 -0.9594128760024785 -2.9440747921166848
1.2670000000000001 -0.962357948751572 -2.9460707179272685
1.268 -0.9653050164656275 -2.9480647220494864
1.2690000000000001 -0.968254077222243 -2.9500568030560483
1.27 -0.971205129097598 -2.952046959537258
1.2710000000000001 -0.9741581701664667 -2.9540351900918775
1.272 -0.9771131985022304 -2.9560214933360367
1.2730000000000001 -0.9800702121768918 -2.958005867895499
1.274 -0.9830292092610874 -2.9599883124125825
1.2750000000000001 -0.9859901878241013 -2.961968825540648
1.276 -0.9889531459338792 -2.963947405948474
1.2770000000000001 -0.9919180816570413 -2.965924052317434
1.278 -0.9948849930588972 -2.9678987633440865
1.2790000000000001 -0.997853878203459 -2.969871537737128
1.28 -1.000824735153456 -2.9718423742221485
1.281 -1.0037975619703485 -2.973811271535738
1.282 -1.0067723567143423 -2.9757782284325844
1.283 -1.0097491174444033 -2.9777432436781255
1.284 -1.0127278422182726 -2.9797063160562285
1.285 -1.01570852909248 -2.9816674443621283
1.286 -1.0186911761223605 -2.983626627409113
1.287 -1.0216757813620676 -2.9855838640231043
1.288 -1.0246623428645902 -2.987539153046795
1.289 -1.0276508586817663 -2.9894924933376292
1.29 -1.0306413268643 -2.9914438837684965
1.291 -1.0336337454617757 -2.9933933232284486
1.292 -1.0366281125226744 -2.995340810621603
1.293 -1.0396244260943899 -2.9972863448684115
1.294 -1.0426226842232442 -2.9992299249056935
1.295 -1.0456228849545037 -3.0011715496853126
1.296 -1.048625026332396 -3.003111218177372
1.297 -1.0516291064001253 -3.0050489293659473
1.298 -1.0546351231998903 -3.0069846822546085
1.299 -1.0576430747728998 -3.0089184758607557
1.3 -1.0606529591593896 -3.010850309221536
1.301 -1.0636647743986403 -3.0127801813883903
1.302 -1.0666785185289938 -3.014708091432714
1.303 -1.0696941895878704 -3.016634038440445
1.304 -1.0727117856117871 -3.0185580215177805
1.305 -1.075731304636374 -3.0204800397862437
1.306 -1.0787527446963923 -3.0224000923865857
1.307 -1.0817761038257536 -3.0243181784770905
1.308 -1.084801380057536 -3.0262342972335885
1.309 -1.087828571424003 -3.0281484478514584
1.31 -1.0908576759566222 -3.030060629542838
1.311 -1.0938886916860833 -3.0319708415399353
1.312 -1.0969216166423168 -3.0338790830925104
1.313 -1.0999564488545133 -3.035785353469928
1.314 -1.1029931863511413 -3.037689651960169
1.315 -1.1060318271599676 -3.039591977870693
1.316 -1.1090723693080757 -3.0414923305276758
1.317 -1.1121148108218857 -3.0433907092780683
1.318 -1.115159149727173 -3.0452871134863857
1.319 -1.118205384049089 -3.0471815425398745
1.32 -1.1212535118121814 -3.049073995841959
1.321 -1.1243035310404124 -3.050964472820762
1.322 -1.1273554397571803 -3.052852972919631
1.323 -1.1304092359853404 -3.054739495607686
1.324 -1.1334649177472236 -3.0566240403691247
1.325 -1.136522483064659 -3.0585066067150706
1.326 -1.1395819299589935 -3.060387194170506
1.327 -1.142643256451114 -3.0622658022895717
1.328 -1.1457064605614675 -3.0641424306390523
1.329 -1.148771540310083 -3.0660170788161674
1.33 -1.151838493716593 -3.067889746430541
1.331 -1.1549073188002554 -3.0697604331230686
1.332 -1.157978013579975 -3.0716291385469887
1.333 -1.161050576074326 -3.073495862387331
1.334 -1.1641250043015732 -3.0753606043417765
1.335 -1.1672012962796963 -3.077223364140279
1.336 -1.1702794500264104 -3.0790841415256005
1.337 -1.1733594635591902 -3.0809429362730802
1.338 -1.1764413348952922 -3.082799748171562
1.339 -1.1795250620517785 -3.0846545770424947
1.34 -1.1826106430455392 -3.0865074227211013
1.341 -1.1856980758933162 -3.088358285076129
1.342 -1.1887873586117272 -3.0902071639899056
1.343 -1.1918784892172896 -3.092054059378574
1.344 -1.1949714657264432 -3.0938989711730525
1.345 -1.198066286155576 -3.0957418993371486
1.346 -1.2011629485210478 -3.0975828438512436
1.347 -1.2042614508392149 -3.0994218047275464
1.348 -1.2073617911264547 -3.1012587819965205
1.349 -1.2104639673991908 -3.103093775719838
1.35 -1.2135679776739183 -3.104926785978265
1.351 -1.2166738199672282 -3.106757812884243
1.352 -1.219781492295834 -3.108586856569243
1.353 -1.222890992676597 -3.110413917197291
1.354 -1.2260023191265517 -3.112238994951427
1.355 -1.2291154696629323 -3.1140620900477503
1.356 -1.2322304423031991 -3.115883202722169
1.357 -1.2353472350650645 -3.117702333243075
1.358 -1.2384658459665197 -3.1195194819001766
1.359 -1.241586273025862 -3.1213346490151683
1.36 -1.2447085142617211 -3.123147834932059
1.361 -1.2478325676930873 -3.1249590400266674
1.362 -1.2509584313393378 -3.1267682646982755
1.363 -1.254086103220265 -3.128575509377426
1.364 -1.2572155813561043 -3.1303807745194687
1.365 -1.2603468637675619 -3.132184060610628
1.366 -1.2634799484758428 -3.133985368162986
1.367 -1.2666148335026797 -3.135784697719335
1.368 -1.2697515168703615 -3.1375820498491196
1.369 -1.272889996601762 -3.1393774251526962
1.37 -1.2760302707203686 -3.1411708242576863
1.371 -1.2791723372503123 -3.1429622478227337
1.372 -1.2823161942163965 -3.1447516965344278
1.373 -1.2854618396441269 -3.1465391711107067
1.374 -1.2886092715597413 -3.148324672297602
1.375 -1.2917584879902395 -3.150108200873738
1.3760000000000001 -1.2949094869634141 -3.1518897576448777
1.377 -1.29806226650788 -3.153669343451297
1.3780000000000001 -1.301216824653106 -3.155446959159735
1.379 -1.3043731594294452 -3.1572226056723345
1.3800000000000001 -1.3075312688681666 -3.158996283918049
1.381 -1.3106911510014858 -3.160767994861774
1.3820000000000001 -1.3138528038625967 -3.1625377394953262
1.383 -1.3170162254857034 -3.1643055188472196
1.3840000000000001 -1.3201814139060526 -3.16607133397323
1.385 -1.3233483671599644 -3.1678351859660667
1.3860000000000001 -1.3265170832848665 -3.1695970759466063
1.387 -1.3296875603193254 -3.171357005072292
1.3880000000000001 -1.3328597963030797 -3.17311497453025
1.389 -1.3360337892770735 -3.174870985543508
1.3900000000000001 -1.3392095372834891 -3.176625039366153
1.391 -1.342387038365781 -3.178377137287897
1.3920000000000001 -1.3455662905687091 -3.1801272806304395
1.393 -1.3487472919383732 -3.181875470751258
1.3940000000000001 -1.3519300405222465 -3.183621709040462
1.395 -1.3551145343692108 -3.1853659969242742
1.3960000000000001 -1.3583007715295905 -3.187108335861944
1.397 -1.3614887500551873 -3.188848727349594
1.3980000000000001 -1.3646784679993162 -3.190587172916301
1.399 -1.3678699234168397 -3.192323674128966
1.4000000000000001 -1.3710631143642038 -3.1940582325877416
1.401 -1.374258038899474 -3.1957908499308396
1.4020000000000001 -1.377454695082371 -3.197521527830607
1.403 -1.3806530809743063 -3.199250267997411
1.4040000000000001 -1.38385319463842 -3.2009770721766966
1.405 -1.3870550341396166 -3.202701942152057
1.4060000000000001 -1.3902585975446022 -3.2044248797428483
1.407 -1.393463882921921 -3.2061458868067665
1.408 -1.3966708883419932 -3.207864965238193
1.409 -1.399879611877153 -3.209582116969758
1.41 -1.4030900516016855 -3.211297343971645
1.411 -1.406302205591866 -3.2130106482526926
1.412 -1.4095160719259965 -3.214722031859755
1.413 -1.4127316486844466 -3.216431496878498
1.414 -1.4159489339496902 -3.218139045433719
1.415 -1.4191679258063459 -3.219844679689031
1.416 -1.4223886223412152 -3.22154840184763
1.417 -1.4256110216433233 -3.2232502141523365
1.418 -1.4288351218039574 -3.2249501188858454
1.419 -1.4320609209167083 -3.2266481183708575
1.42 -1.4352884170775089 -3.228344214970598
1.421 -1.4385176083846758 -3.230038411088865
1.422 -1.4417484929389501 -3.2317307091700833
1.423 -1.4449810688435378 -3.2334211117002454
1.424 -1.4482153342041513 -3.235109621206064
1.425 -1.4514512871290508 -3.2367962402564614
1.426 -1.4546889257290863 -3.238480971461745
1.427 -1.4579282481177391 -3.2401638174743916
1.428 -1.4611692524111641 -3.241844780989571
1.429 -1.4644119367282327 -3.243523864744293
1.43 -1.4676562991905748 -3.245201071519335
1.431 -1.4709023379226223 -3.24687640413757
1.432 -1.4741500510516519 -3.2485498654661153
1.433 -1.4773994367078294 -3.250221458414901
1.434 -1.480650493024252 -3.251891185938163
1.435 -1.4839032181369936 -3.253559051034215
1.436 -1.4871576101851482 -3.2552250567451386
1.437 -1.4904136673108748 -3.256889206158739
1.438 -1.4936713876594412 -3.2585515024060645
1.439 -1.4969307693792708 -3.2602119486651358
1.44 -1.500191810621986 -3.2618705481573174
1.441 -1.5034545095424547 -3.263527304151804
1.442 -1.5067188642988356 -3.2651822199610145
1.443 -1.5099848730526242 -3.266835298946567
1.444 -1.5132525339686995 -3.268486544513133
1.445 -1.51652184521537 -3.270135960115403
1.446 -1.5197928049644205 -3.2717835492516225
1.447 -1.5230654113911595 -3.2734293154703478
1.448 -1.526339662674466 -3.2750732623646512
1.449 -1.529615556996838 -3.276715393577899
1.45 -1.5328930925444384 -3.2783557127989607
1.451 -1.536172267507145 -3.279994223767241
1.452 -1.539453080078598 -3.2816309302682103
1.453 -1.5427355284562483 -3.2832658361384706
1.454 -1.5460196108414073 -3.284898945261217
1.455 -1.5493053254392948 -3.2865302615710004
1.456 -1.552592670459089 -3.288159789050228
1.457 -1.5558816441139764 -3.2897875317321668
1.458 -1.559172244621201 -3.2914134936994097
1.459 -1.562464470202115 -3.2930376790852156
1.46 -1.5657583190822288 -3.294660092073181
1.461 -1.5690537894912622 -3.296280736897924
1.462 -1.5723508796631946 -3.297899617844712
1.463 -1.575649587836317 -3.2995167392509863
1.464 -1.5789499122532829 -3.30113210550434
1.465 -1.58225185116116 -3.302745721046327
1.466 -1.585555402811483 -3.304357590367991
1.467 -1.588860565460305 -3.3059677180158067
1.468 -1.59216733736825 -3.3075761085855797
1.469 -1.5954757168005662 -3.3091827667295313
1.47 -1.598785702027179 -3.31078769714954
1.471 -1.6020972913227438 -3.3123909046044764
1.472 -1.6054104829667004 -3.313992393903314
1.473 -1.6087252752433265 -3.3155921699127324
1.474 -1.6120416664417911 -3.3171902375499593
1.475 -1.61535965485621 -3.318786601790216
1.476 -1.6186792387856996 -3.3203812676605184
1.477 -1.6220004165344324 -3.321974240245201
1.478 -1.6253231864116922 -3.3235655246825204
1.479 -1.6286475467319288 -3.3251551261668224
1.48 -1.6319734958148147 -3.3267430499484747
1.481 -1.6353010319853003 -3.3283293013334676
1.482 -1.6386301535736707 -3.32991388568473
1.483 -1.6419608589156018 -3.3314968084213405
1.484 -1.6452931463522174 -3.333078075019697
1.485 -1.6486270142301458 -3.3346576910129975
1.486 -1.651962460901578 -3.33623566199236
1.487 -1.655299484724324 -3.3378119936060338
1.488 -1.6586380840618722 -3.339386691560898
1.489 -1.661978257283446 -3.340959761621423
1.49 -1.665320002764063 -3.3425312096111344
1.491 -1.6686633188845934 -3.344101041412097
1.492 -1.6720082040318194 -3.3456692629651483
1.493 -1.6753546565984936 -3.347235880271253
1.494 -1.6787026749833989 -3.3488008993898237
1.495 -1.6820522575914079 -3.350364326441193
1.496 -1.6854034028335436 -3.351926167604942
1.497 -1.6887561091270389 -3.3534864291216033
1.498 -1.6921103748953974 -3.35504511729207
1.499 -1.6954661985684538 -3.3566022384780863
1.5 -1.6988235785824355 -3.358157799102802
1.5010000000000001 -1.7021825133800235 -3.359711805650471
1.502 -1.705543001410414 -3.3612642646673137
1.5030000000000001 -1.7089050411293802 -3.362815182761364
1.504 -1.712268630999335 -3.364364566602699
1.5050000000000001 -1.715633769489392 -3.365912422924388
1.506 -1.7190004550754294 -3.367458758521445
1.5070000000000001 -1.7223686862401524 -3.3690035802527425
1.508 -1.725738461473156 -3.3705468950396185
1.5090000000000001 -1.7291097792709884 -3.372088709867501
1.51 -1.7324826381372156 -3.373629031785254
1.5110000000000001 -1.735857036582484 -3.3751678679058825
1.512 -1.7392329731245852 -3.3767052254067527
1.5130000000000001 -1.7426104462885208 -3.378241111529483
1.514 -1.7459894546065662 -3.3797755335810122
1.5150000000000001 -1.7493699966183358 -3.3813084989326065
1.516 -1.752752070870849 -3.38284001502171
1.5170000000000001 -1.7561356759185942 -3.3843700893503934
1.518 -1.7595208103235958 -3.385898729487518
1.5190000000000001 -1.7629074726554792 -3.3874259430669444
1.52 -1.7662956614915377 -3.388951737790151
1.5210000000000001 -1.7696853754167987 -3.390476121423562
1.522 -1.7730766130240903 -3.3919991018024196
1.5230000000000001 -1.7764693729141077 -3.3935206868267542
1.524 -1.7798636536954817 -3.3950408844662987
1.5250000000000001 -1.7832594539848454 -3.396559702756193
1.526 -1.7866567724069016 -3.3980771498010705
1.5270000000000001 -1.7900556075944911 -3.3995932337725114
1.528 -1.7934559581886613 -3.40110796291111
1.5290000000000001 -1.7968578228387335 -3.4026213455254886
1.53 -1.800261200202373 -3.4041333899935706
1.5310000000000001 -1.803666088945657 -3.4056441047618065
1.532 -1.8070724877431437 -3.4071534983464526
1.5330000000000001 -1.8104803952779422 -3.4086615793327075
1.534 -1.8138898102417826 -3.4101683563761487
1.5350000000000001 -1.8173007313350844 -3.411673838201724
1.536 -1.820713157267028 -3.413178033605206
1.537 -1.8241270867556245 -3.414680951452322
1.538 -1.827542518527786 -3.416182600679886
1.539 -1.830959451319397 -3.4176829902953734
1.54 -1.8343778838753848 -3.4191821293776776
1.541 -1.8377978149497916 -3.420680027076684
1.542 -1.8412192433058452 -3.4221766926145896
1.543 -1.8446421677160316 -3.4236721352844404
1.544 -1.8480665869621662 -3.425166364452602
1.545 -1.8514924998354658 -3.42665938955634
1.546 -1.854919905136622 -3.428151220106921
1.547 -1.8583488016758731 -3.429641865686886
1.548 -1.8617791882730772 -3.431131335953063
1.549 -1.865211063757785 -3.4326196406344534
1.55 -1.8686444269693139 -3.434106789534017
1.551 -1.8720792767568202 -3.435592792528201
1.552 -1.8755156119793739 -3.4370776595670907
1.553 -1.8789534315060321 -3.438561400675201
1.554 -1.8823927342159132 -3.440044025950721
1.555 -1.885833518998272 -3.441525545567069
1.556 -1.8892757847525727 -3.443005969771288
1.557 -1.892719530388565 -3.4444853088866254
1.558 -1.896164754826359 -3.445963573309779
1.559 -1.899611456996499 -3.4474407735145056
1.56 -1.9030596358400411 -3.448916920048163
1.561 -1.9065092903086267 -3.450392023535627
1.562 -1.909960419364559 -3.4518660946758524
1.563 -1.9134130219808796 -3.453339144245439
1.564 -1.9168670971414439 -3.4548111830959254
1.565 -1.9203226438409973 -3.4562822221562293
1.566 -1.9237796610852524 -3.4577522724312013
1.567 -1.9272381478909655 -3.4592213450030216
1.568 -1.9306981032860124 -3.460689451030353
1.569 -1.9341595263094673 -3.4621566017495473
1.57 -1.937622416011679 -3.463622808473682
1.571 -1.9410867714543483 -3.4650880825940233
1.572 -1.9445525917106055 -3.466552435578809
1.573 -1.9480198758650888 -3.468015878974816
1.574 -1.9514886230140218 -3.4694784244061605
1.575 -1.9549588322652915 -3.470940083575854
1.576 -1.958430502738527 -3.4724008682645056
1.577 -1.961903633565177 -3.473860790331962
1.578 -1.9653782238885897 -3.4753198617160317
1.579 -1.9688542728640908 -3.4767780944340374
1.58 -1.972331779659062 -3.4782355005815138
1.581 -1.975810743453021 -3.4796920923339787
1.582 -1.9792911634376995 -3.4811478819452217
1.583 -1.982773038817124 -3.482602881749532
1.584 -1.9862563688076942 -3.484057104159552
1.585 -1.9897411526382625 -3.4855105616689275
1.586 -1.9932273895502148 -3.486963266849692
1.587 -1.9967150787975496 -3.4884152323552917
1.588 -2.000204219646958 -3.4898664709178324
1.589 -2.003694811377904 -3.49131699535104
1.59 -2.0071868532827044 -3.492766818547458
1.591 -2.01068034466661 -3.4942159534817194
1.592 -2.0141752848478864 -3.4956644132073214
1.593 -2.0176716731578925 -3.4971122108600845
1.594 -2.0211695089411634 -3.4985593596550926
1.595 -2.02466879155549 -3.500005872889714
1.596 -2.028169520372001 -3.5014517639410565
1.597 -2.0316716947752433 -3.5028970462683935
1.598 -2.0351753141632627 -3.5043417334113904
1.599 -2.0386803779476854 -3.5057858389914927
1.6 -2.0421868855538006 -3.507229376711312
1.601 -2.04569483642064 -3.5086723603548777
1.602 -2.049204230001061 -3.5101148037880234
1.603 -2.0527150657618263 -3.51155672095775
1.604 -2.056227343183688 -3.512998125893379
1.605 -2.059741061761467 -3.514439032705246
1.606 -2.0632562210041363 -3.5158794555863118
1.607 -2.0667728204349025 -3.5173194088107316
1.608 -2.070290859591288 -3.5187589067351017
1.609 -2.073810338025211 -3.5201979637978447
1.61 -2.077331255303071 -3.5216365945193506
1.611 -2.080853611005829 -3.5230748135024346
1.612 -2.084377404729088 -3.52451263543157
1.613 -2.0879026360831787 -3.525950075074127
1.614 -2.091429304693239 -3.52738714727877
1.615 -2.094957410199297 -3.5288238669775716
1.616 -2.098486952256354 -3.5302602491836255
1.617 -2.102017930534466 -3.5316963089936317
1.618 -2.1055503447188255 -3.5331320615852877
1.619 -2.1090841945098453 -3.5345675222200756
1.62 -2.1126194796232403 -3.5360027062402413
1.621 -2.1161561997901086 -3.537437629072061
1.622 -2.1196943547570166 -3.538872306222489
1.623 -2.1232339442860777 -3.5403067532824966
1.624 -2.1267749681550376 -3.54174098592372
1.625 -2.130317426157356 -3.5431750199017986
1.6260000000000001 -2.133861318102288 -3.544608871053095
1.627 -2.1374066438149675 -3.5460425552976935
1.6280000000000001 -2.140953403136488 -3.547476088636671
1.629 -2.1445015959239866 -3.548909487154466
1.6300000000000001 -2.148051222050725 -3.550342767016657
1.631 -2.151602281406173 -3.5517759444719723
1.6320000000000001 -2.155154773896088 -3.5532090358502666
1.633 -2.1587086994426 -3.5546420575643904
1.6340000000000001 -2.162264057984292 -3.556075026108249
1.635 -2.1658208494762823 -3.5575079580585935
1.6360000000000001 -2.1693790738903065 -3.5589408700731244
1.637 -2.172938731214799 -3.5603737788922127
1.6380000000000001 -2.176499821454976 -3.5618067013370602
1.639 -2.1800623446329146 -3.5632396543113707
1.6400000000000001 -2.183626300787637 -3.5646726547994843
1.641 -2.18719168997519 -3.5661057198680437
1.6420000000000001 -2.1907585122687294 -3.567538866664226
1.643 -2.194326767758596 -3.5689721124171405
1.6440000000000001 -2.1978964565524026 -3.570405474436422
1.645 -2.201467578775111 -3.571838970113164
1.6460000000000001 -2.205040134569115 -3.573272616918993
1.647 -2.2086141240943196 -3.5747064324065425
1.6480000000000001 -2.2121895475282236 -3.5761404342088334
1.649 -2.215766405065999 -3.5775746400395603
1.6500000000000001 -2.219344696920571 -3.5790090676925552
1.651 -2.2229244233226995 -3.580443735041978
1.6520000000000001 -2.226505584521058 -3.5818786600418746
1.653 -2.2300881807823147 -3.583313860726237
1.6540000000000001 -2.2336722123912107 -3.584749355208643
1.655 -2.2372576796506407 -3.586185161682256
1.6560000000000001 -2.2408445828817327 -3.5876212984194757
1.657 -2.2444329224239263 -3.5890577837718793
1.6580000000000001 -2.248022698635052 -3.5904946361699572
1.659 -2.2516139118914107 -3.5919318741229067
1.6600000000000001 -2.2552065625878512 -3.5933695162184827
1.661 -2.2588006511378493 -3.5948075811227054
1.6620000000000001 -2.2623961779735855 -3.5962460875796913
1.663 -2.2659931435460243 -3.597685054411414
1.6640000000000001 -2.269591548324991 -3.5991245005174433
1.665 -2.2731913927992475 -3.600564444874758
1.666 -2.2767926774765734 -3.6020049065374153
1.667 -2.2803954028838387 -3.603445904636398
1.668 -2.2839995695670847 -3.604887458379247
1.669 -2.287605178091597 -3.6063295870498777
1.67 -2.291212229041984 -3.607772310008261
1.671 -2.2948207230222506 -3.6092156466901173
1.672 -2.298430660655877 -3.6106596166067355
1.673 -2.302042042585891 -3.6121042393444696
1.674 -2.305654869474945 -3.6135495345647377
1.675 -2.3092691420053892 -3.6149955220033183
1.676 -2.3128848608793477 -3.616442221470499
1.677 -2.316502026818791 -3.617889652850223
1.678 -2.320120640565611 -3.6193378361003306
1.679 -2.3237407028816937 -3.620786791251604
1.68 -2.327362214548992 -3.6222365384080666
1.681 -2.3309851763696 -3.623687097745949
1.682 -2.3346095891658236 -3.625138489514043
1.683 -2.3382354537802534 -3.626590734032562
1.684 -2.341862771075836 -3.62804385169358
1.685 -2.3454915419359454 -3.629497862959804
1.686 -2.349121767264454 -3.630952788365012
1.687 -2.3527534479858025 -3.632408648512853
1.688 -2.356386585045071 -3.6338654640771897
1.689 -2.3600211794080477 -3.6353232558009907
1.69 -2.3636572320612985 -3.6367820444965004
1.691 -2.3672947440122356 -3.638241851044352
1.692 -2.370933716289186 -3.639702696393405
1.693 -2.374574149941459 -3.641164601560193
1.694 -2.378216046039415 -3.6426275876284
1.695 -2.3818594056745304 -3.644091675748652
1.696 -2.3855042299594658 -3.6455568871375457
1.697 -2.3891505200281316 -3.647023243077964
1.698 -2.3927982770357534 -3.6484907649174247
1.699 -2.396447502158937 -3.6499594740691403
1.7 -2.400098196595733 -3.651429392009576
1.701 -2.403750361565701 -3.6529005402802075
1.702 -2.4074039983099733 -3.6543729404844
1.703 -2.411059108091317 -3.6558466142897785
1.704 -2.4147156921941986 -3.657321583424531
1.705 -2.4183737519248423 -3.6587978696801797
1.706 -2.422033288611295 -3.6602754949076566
1.707 -2.425694303603486 -3.661754481020013
1.708 -2.4293567982732847 -3.6632348499887715
1.709 -2.433020774014565 -3.6647166238461355
1.71 -2.4366862322432596 -3.6661998246818963
1.711 -2.4403531743974227 -3.667684474645114
1.712 -2.444021601937284 -3.669170595941286
1.713 -2.447691516345308 -3.670658210834001
1.714 -2.4513629191262516 -3.672147341642006
1.715 -2.4550358118072175 -3.6736380107407625
1.716 -2.458710195937712 -3.67513024055987
1.717 -2.4623860730896974 -3.676624053583997
1.718 -2.4660634448576477 -3.6781194723509567
1.719 -2.4697423128586022 -3.6796165194519994
1.72 -2.473422678732216 -3.68111521753048
1.721 -2.477104544140815 -3.6826155892814274
1.722 -2.480787910769444 -3.6841176574509893
1.723 -2.484472780325921 -3.6856214448352267
1.724 -2.4881591545408828 -3.687126974280171
1.725 -2.491847035167838 -3.688634268680036
1.726 -2.4955364239832125 -3.690143350977836
1.727 -2.4992273227863997 -3.69165424416299
1.728 -2.5029197333998057 -3.693166971272438
1.729 -2.506613657668895 -3.694681555387923
1.73 -2.510309097462238 -3.6961980196370283
1.731 -2.514006054671554 -3.6977163871908996
1.732 -2.5177045312117556 -3.699236681264451
1.733 -2.5214045290209914 -3.700758925115243
1.734 -2.525106050060688 -3.702283142042124
1.735 -2.528809096315592 -3.7038093553858524
1.736 -2.53251366979381 -3.705337588526013
1.737 -2.536219772526849 -3.7068678648830304
1.738 -2.5399274065696544 -3.708400207914072
1.739 -2.5436365740006486 -3.7099346411155993
1.74 -2.547347276921768 -3.7114711880190265
1.741 -2.5510595174584987 -3.7130098721934006
1.742 -2.5547732977599136 -3.7145507172407073
1.743 -2.558488619998704 -3.716093746799125
1.744 -2.5622054863712163 -3.717638984537534
1.745 -2.565923899097482 -3.7191864541596056
1.746 -2.569643860421251 -3.7207361793974556
1.747 -2.5733653726100214 -3.7222881840164868
1.748 -2.5770884379550707 -3.7238424918082447
1.749 -2.5808130587714837 -3.725399126596153
1.75 -2.5845392373981797 -3.7269581122272464
1.7510000000000001 -2.588266976197941 -3.7285194725791033
1.752 -2.5919962775574374 -3.730083231550374
1.7530000000000001 -2.595727143887253 -3.7316494130686735
1.754 -2.599459577621907 -3.7332180410804403
1.7550000000000001 -2.6031935812198803 -3.7347891395591697
1.756 -2.606929157163635 -3.7363627324950284
1.7570000000000001 -2.610666307959636 -3.7379388439031977
1.758 -2.6144050361383706 -3.739517497813564
1.7590000000000001 -2.618145344254367 -3.7410987182785362
1.76 -2.621887234886213 -3.7426825293637864
1.7610000000000001 -2.6256307106365706 -3.7442689551543786
1.762 -2.629375774132195 -3.74585801974749
1.7630000000000001 -2.633122428023945 -3.747449747256681
1.764 -2.6368706749867985 -3.749044161805965
1.7650000000000001 -2.6406205177198645 -3.7506412875330732
1.766 -2.6443719589463943 -3.7522411485842944
1.7670000000000001 -2.6481250014137907 -3.753843769117157
1.768 -2.6518796478936175 -3.7554491732954416
1.7690000000000001 -2.6556359011816064 -3.757057385291946
1.77 -2.659393764097664 -3.7586684292833747
1.7710000000000001 -2.6631532394858763 -3.7602823294529855
1.772 -2.6669143302145146 -3.761899109985755
1.7730000000000001 -2.6706770391760366 -3.763518795070524
1.774 -2.6744413692870883 -3.7651414088958397
1.7750000000000001 -2.678207323488505 -3.7667669756512128
1.776 -2.68197490474531 -3.768395519523923
1.7770000000000001 -2.6857441160467137 -3.77002706469907
1.778 -2.6895149604061093 -3.7716616353578556
1.7790000000000001 -2.693287440861068 -3.7732992556759646
1.78 -2.6970615604733337 -3.7749399498232585
1.7810000000000001 -2.7008373223288165 -3.7765837419611756
1.782 -2.704614729537584 -3.7782306562429557
1.7830000000000001 -2.7083937852338504 -3.7798807168105664
1.784 -2.7121744925759677 -3.781533947795594
1.7850000000000001 -2.7159568547464117 -3.783190373315171
1.786 -2.719740874951769 -3.7848500174738398
1.7870000000000001 -2.7235265564227227 -3.7865129043588315
1.788 -2.7273139024140347 -3.7881790580420467
1.7890000000000001 -2.731102916204529 -3.789848502575464
1.79 -2.7348936010970735 -3.7915212619929903
1.7910000000000001 -2.7386859604185565 -3.7931973603057307
1.792 -2.7424799975198697 -3.7948768215041944
1.793 -2.7462757157758806 -3.7965596695529085
1.794 -2.7500731185854095 -3.798245928393537
1.795 -2.7538722093712047 -3.7999356219383134
1.796 -2.7576729915799145 -3.8016287740743313
1.797 -2.7614754686820566 -3.8033254086558665
1.798 -2.76527964417199 -3.8050255495098204
1.799 -2.7690855215678822 -3.8067292204265017
1.8 -2.772893104411676 -3.8084364451668264
1.801 -2.7767023962690556 -3.8101472474514586
1.802 -2.7805134007294092 -3.81186165096912
1.803 -2.7843261214057926 -3.8135796793652292
1.804 -2.788140561934889 -3.8153013562501137
1.805 -2.79195672597697 -3.817026705187995
1.806 -2.7957746172158506 -3.818755749704653
1.807 -2.799594239358848 -3.820488513277351
1.808 -2.8034155961367366 -3.8222250193407223
1.809 -2.807238691303698 -3.8239652912794084
1.81 -2.811063528637276 -3.8257093524303287
1.811 -2.814890111938326 -3.8274572260794395
1.812 -2.818718445030962 -3.82920893545973
1.813 -2.822548531762506 -3.8309645037519537
1.814 -2.8263803760034305 -3.8327239540791616
1.815 -2.8302139816473053 -3.834487309510175
1.816 -2.8340493526107378 -3.8362545930521263
1.817 -2.8378864928333134 -3.8380258276550565
1.818 -2.841725406277536 -3.839801036204065
1.819 -2.845566096928763 -3.841580241523536
1.82 -2.8494085687951434 -3.8433634663703904
1.821 -2.8532528259075502 -3.8451507334367143
1.822 -2.857098872319513 -3.8469420653442197
1.823 -2.8609467121071512 -3.8487374846466933
1.824 -2.864796349369098 -3.8505370138235486
1.825 -2.8686477882264327 -3.8523406752838705
1.826 -2.872501032822603 -3.85414849135778
1.827 -2.876356087323352 -3.8559604843029445
1.828 -2.8802129559166367 -3.857776676293776
1.829 -2.884071642812553 -3.8595970894291796
1.83 -2.887932152243251 -3.8614217457213935
1.831 -2.8917944884628537 -3.8632506671034643
1.832 -2.8956586557473725 -3.865083875418925
1.833 -2.89952465839462 -3.8669213924274164
1.834 -2.903392500724124 -3.8687632397973637
1.835 -2.9072621870770345 -3.8706094391077492
1.836 -2.911133721816035 -3.8724600118451136
1.837 -2.915007109325247 -3.874314979400387
1.838 -2.9188823540101385 -3.8761743630712635
1.839 -2.9227594602974216 -3.8780381840540037
1.84 -2.926638432634959 -3.8799064634494886
1.841 -2.930519275491661 -3.8817792222531415
1.842 -2.934401993357383 -3.8836564813609122
1.843 -2.9382865907428224 -3.8855382615608702
1.844 -2.942173072179414 -3.8874245835366357
1.845 -2.946061442219219 -3.8893154678614232
1.846 -2.9499517054348185 -3.891210934999868
1.847 -2.9538438664192013 -3.8931110053023006
1.848 -2.9577379297856505 -3.8950156990076206
1.849 -2.961633900167628 -3.896925036235861
1.85 -2.9655317822186595 -3.898839036992584
1.851 -2.969431580612215 -3.9007577211602777
1.852 -2.973333300041587 -3.9026811085040416
1.853 -2.9772369452197696 -3.9046092186611148
1.854 -2.981142520879335 -3.9065420711487917
1.855 -2.985050031772305 -3.9084796853516544
1.856 -2.9889594826700256 -3.9104220805316143
1.857 -2.9928708783630364 -3.9123692758134183
1.858 -2.9967842236609377 -3.9143212901956437
1.859 -3.0006995233922584 -3.916278142536199
1.86 -3.00461678240432 -3.91823985156248
1.861 -3.0085360055630996 -3.920206435857975
1.862 -3.0124571977530907 -3.922177913871511
1.863 -3.016380363877161 -3.9241543039046554
1.864 -3.020305508856412 -3.926135624119908
1.865 -3.0242326376300306 -3.9281218925294037
1.866 -3.028161755155145 -3.9301131270015155
1.867 -3.032092866406675 -3.932109345251765
1.868 -3.0360259763771813 -3.934110564846535
1.869 -3.039961090076714 -3.936116803196751
1.87 -3.0438982125326564 -3.938128077559911
1.871 -3.0478373487895696 -3.940144405033934
1.872 -3.051778503909035 -3.9421658025603463
1.873 -3.0557216829694935 -3.9441922869158446
1.874 -3.0596668910660823 -3.9462238747189535
1.875 -3.063614133310472 -3.948260582417034
1.8760000000000001 -3.0675634148307007 -3.9503024262977817
1.877 -3.0715147407710073 -3.9523494224719955
1.8780000000000001 -3.075468116291658 -3.954401586888414
1.879 -3.079423546568778 -3.9564589353142745
1.8800000000000001 -3.083381036794177 -3.958521483350308
1.881 -3.0873405921751735 -3.9605892464140555
1.8820000000000001 -3.0913022179344165 -3.962662239749445
1.883 -3.095265919309707 -3.964740478416935
1.8840000000000001 -3.099231701553817 -3.9668239772963187
1.885 -3.1031995699343042 -3.968912751082529
1.8860000000000001 -3.1071695297333304 -3.9710068142842205
1.887 -3.1111415862474705 -3.9731061812226973
1.8880000000000001 -3.1151157447875257 -3.9752108660277603
1.889 -3.119092010678332 -3.9773208826396096
1.8900000000000001 -3.123070389258568 -3.9794362448015295
1.891 -3.1270508858805575 -3.9815569660644243
1.8920000000000001 -3.1310335059100765 -3.9836830597783885
1.893 -3.135018254726152 -3.985814539096072
1.8940000000000001 -3.139005137720861 -3.987951416967838
1.895 -3.1429941602991316 -3.9900937061397768
1.8960000000000001 -3.146985327878534 -3.9922414191550275
1.897 -3.1509786458890776 -3.994394568345727
1.8980000000000001 -3.1549741197730006 -3.996553165839589
1.899 -3.1589717549845613 -3.99871722354823
1.9000000000000001 -3.1629715569898256 -4.0008867531749
1.901 -3.166973531266453 -4.003061766204322
1.9020000000000001 -3.170977683303481 -4.005242273907346
1.903 -3.174984018601108 -4.0074282873338545
1.9040000000000001 -3.1789925426704717 -4.009619817315168
1.905 -3.1830032610334302 -4.01181687445869
1.9060000000000001 -3.1870161792223377 -4.01401946914929
1.907 -3.1910313027798183 -4.016227611542851
1.9080000000000001 -3.195048637258541 -4.018441311571885
1.909 -3.199068188220988 -4.0206605789326755
1.9100000000000001 -3.203089961239227 -4.022885423098071
1.911 -3.2071139618946765 -4.025115853297344
1.9120000000000001 -3.211140195777872 -4.02735187853586
1.913 -3.2151686684882304 -4.029593507569135
1.9140000000000001 -3.2191993856338104 -4.031840748927455
1.915 -3.223232352831074 -4.034093610885649
1.9160000000000001 -3.2272675757046443 -4.036352101490761
1.917 -3.2313050598870605 -4.038616228530504
1.9180000000000001 -3.235344811018535 -4.040885999561024
1.919 -3.2393868347467043 -4.0431614218761025
1.92 -3.2434311367263815 -4.0454425025334695
1.921 -3.247477722619304 -4.047729248325667
1.922 -3.2515265980938826 -4.050021665805704
1.923 -3.255577768824946 -4.052319761256795
1.924 -3.2596312404934853 -4.054623540721035
1.925 -3.263687018786396 -4.05693300996513
1.926 -3.2677451093962193 -4.059248174512261
1.927 -3.2718055180208796 -4.061569039607653
1.928 -3.2758682503634224 -4.063895610246883
1.929 -3.2799333121317495 -4.066227891147776
1.93 -3.2840007090383523 -4.068565886771478
1.931 -3.2880704468000443 -4.07090960130088
1.932 -3.292142531137691 -4.073259038657054
1.933 -3.2962169677759383 -4.075614202480473
1.934 -3.30029376244294 -4.077975096145576
1.935 -3.3043729208700827 -4.0803417227445165
1.936 -3.3084544487917094 -4.082714085096846
1.937 -3.3125383519448426 -4.085092185742688
1.938 -3.3166246360689025 -4.087476026937174
1.939 -3.320713306905429 -4.089865610663939
1.94 -3.3248043701977954 -4.092260938606722
1.941 -3.328897831690927 -4.094662012186347
1.942 -3.3329936971310126 -4.0970688325095415
1.943 -3.3370919722652213 -4.099481400426414
1.944 -3.341192662841407 -4.101899716462181
1.945 -3.345295774607825 -4.104323780889534
1.946 -3.3494013133128346 -4.1067535936463715
1.947 -3.3535092847046086 -4.109189154421042
1.948 -3.357619694530837 -4.111630462559602
1.949 -3.361732548538431 -4.114077517158758
1.95 -3.3658478524732254 -4.116530316968601
1.951 -3.369965612079678 -4.118988860485399
1.952 -3.374085833100571 -4.121453145862071
1.953 -3.3782085212767075 -4.123923170984836
1.954 -3.382333682346607 -4.1263989334050715
1.955 -3.3864613220462028 -4.128880430394172
1.956 -3.390591446108534 -4.131367658896108
1.957 -3.3947240602634383 -4.1338606155620665
1.958 -3.398859170237244 -4.136359296722402
1.959 -3.4029967817524587 -4.138863698404082
1.96 -3.407136900527457 -4.1413738163177225
1.961 -3.41127953227617 -4.143889645862908
1.962 -3.4154246827077697 -4.146411182122063
1.963 -3.419572357526354 -4.148938419864976
1.964 -3.42372256243063 -4.151471353540085
1.965 -3.4278753031135962 -4.154009977283645
1.966 -3.432030585262225 -4.156554284903195
1.967 -3.436188414557141 -4.159104269898645
1.968 -3.4403487966722994 -4.16165992543154
1.969 -3.444511737274666 -4.164221244359685
1.97 -3.4486772420238916 -4.166788219196702
1.971 -3.4528453165719886 -4.169360842151078
1.972 -3.457015966563005 -4.1719391050867305
1.973 -3.4611891976326974 -4.174522999556513
1.974 -3.4653650154082047 -4.177112516771265
1.975 -3.469543425507718 -4.179707647625138
1.976 -3.4737244335401516 -4.182308382670842
1.977 -3.4779080451048117 -4.184914712139803
1.978 -3.482094265791066 -4.187526625922594
1.979 -3.486283101178011 -4.190144113585995
1.98 -3.4904745568341373 -4.192767164352637
1.981 -3.4946686383169974 -4.195395767122359
1.982 -3.498865351172868 -4.198029910445842
1.983 -3.503064700936417 -4.2006695825529965
1.984 -3.507266693130365 -4.203314771319006
1.985 -3.5114713332651477 -4.205965464299421
1.986 -3.515678626838578 -4.208621648694498
1.987 -3.5198885793355066 -4.211283311378426
1.988 -3.524101196227484 -4.213950438875237
1.989 -3.5283164829724165 -4.216623017375133
1.99 -3.532534445014229 -4.219301032723814
1.991 -3.5367550877825202 -4.221984470422707
1.992 -3.5409784166922225 -4.224673315637828
1.993 -3.5452044371432563 -4.227367553181022
1.994 -3.5494331545201896 -4.230067167533081
1.995 -3.5536645741918913 -4.232772142817008
1.996 -3.557898701511188 -4.235482462824173
1.997 -3.5621355418145186 -4.238198110987022
1.998 -3.566375100421588 -4.240919070406751
1.999 -3.570617382635021 -4.243645323822618
2.0 -3.574862393740018 -4.246376853643682
2.001 -3.5791101390040048 -4.249113641913995
2.0020000000000002 -3.583360623676288 -4.251855670350104
2.003 -3.587613852987706 -4.254602920299347
2.004 -3.591869832150281 -4.257355372782527
2.005 -3.5961285663568727 -4.26011300845199
2.0060000000000002 -3.6003900607808266 -4.262875807629883
2.007 -3.6046543205756274 -4.265643750271053
2.008 -3.6089213508745517 -4.268416816002337
2.009 -3.613191156790314 -4.271194984076677
2.0100000000000002 -3.6174637434147225 -4.273978233425065
2.011 -3.6217391158183263 -4.276766542601337
2.012 -3.626017279050068 -4.279559889835709
2.013 -3.6302982381369335 -4.282358252986149
2.0140000000000002 -3.634581998083601 -4.285161609578688
2.015 -3.638868563872093 -4.2879699367786825
2.016 -3.643157940461427 -4.290783211405907
2.017 -3.647450132787265 -4.293601409931911
2.0180000000000002 -3.6517451457615624 -4.296424508474385
2.019 -3.656042984272223 -4.299252482807888
2.02 -3.660343653182746 -4.302085308350481
2.021 -3.664647157331876 -4.304922960178185
2.0220000000000002 -3.668953501533259 -4.307765413013058
2.023 -3.673262690575089 -4.310612641230655
2.024 -3.6775747292197605 -4.31346461885854
2.025 -3.6818896222035233 -4.316321319575449
2.0260000000000002 -3.6862073742361297 -4.319182716710914
2.027 -3.6905279900004904 -4.322048783252584
2.028 -3.694851474152326 -4.324919491830074
2.029 -3.6991778313198216 -4.327794814744097
2.0300000000000002 -3.703507066103277 -4.3306747239241545
2.031 -3.707839183074765 -4.333559190984919
2.032 -3.7121741867777827 -4.336448187162313
2.033 -3.7165120817269077 -4.339341683379896
2.0340000000000003 -3.720852872407454 -4.342239650188619
2.035 -3.7251965632751283 -4.345142057819232
2.036 -3.7295431587556847 -4.348048876140273
2.037 -3.7338926632445855 -4.350960074695941
2.0380000000000003 -3.7382450811066548 -4.35387562266884
2.039 -3.742600416675742 -4.356795488925004
2.04 -3.746958674254378 -4.359719641961462
2.041 -3.751319858113437 -4.362648049967076
2.0420000000000003 -3.755683972491795 -4.365580680760398
2.043 -3.760051021595996 -4.368517501853369
2.044 -3.76442100959991 -4.37145848039156
2.045 -3.7687939406444007 -4.374403583210347
2.0460000000000003 -3.7731698188369855 -4.377352776789254
2.047 -3.7775486482515057 -4.380306027289596
2.048 -3.781930432927789 -4.383263300527855
2.049 -3.786315176871318 -4.386224561994765
2.05 -3.7907028840529007 -4.389189776850774
2.051 -3.7950935584083356 -4.392158909917596
2.052 -3.7994872038380874 -4.395131925704021
2.053 -3.803883824206954 -4.398108788369696
2.054 -3.808283423343743 -4.401089461771958
2.055 -3.8126860050409426 -4.404073909417903
2.056 -3.8170915730544 -4.407062094515162
2.057 -3.8215001311029955 -4.410053979923411
2.058 -3.8259116828683206 -4.413049528207385
2.059 -3.8303262319943587 -4.416048701582967
2.06 -3.8347437820871644 -4.4190514619772
2.061 -3.8391643367145436 -4.422057770969108
2.062 -3.843587899405741 -4.425067589852359
2.063 -3.84801447365112 -4.428080879575614
2.064 -3.8524440629018533 -4.431097600803007
2.065 -3.8568766705696063 -4.434117713862091
2.066 -3.86131230002623 -4.4371411787908315
2.067 -3.865750954603449 -4.440167955302333
2.068 -3.8701926375925555 -4.443198002816617
2.069 -3.8746373522441018 -4.446231280436101
2.07 -3.8790851017675982 -4.449267746970821
2.071 -3.8835358893312075 -4.452307360918925
2.072 -3.887989718061446 -4.4553500804875075
2.073 -3.8924465910428827 -4.458395863577217
2.074 -3.8969065113178445 -4.461444667799376
2.075 -3.9013694818861175 -4.464496450463575
2.076 -3.9058355057046543 -4.467551168593878
2.077 -3.910304585687283 -4.470608778915136
2.078 -3.9147767247044167 -4.4736692378720795
2.079 -3.9192519255827634 -4.476732501613389
2.08 -3.9237301911050424 -4.479798526009399
2.081 -3.9282115240096993 -4.482867266644893
2.082 -3.9326959269906236 -4.485938678820389
2.083 -3.937183402696869 -4.489012717564794
2.084 -3.9416739537323737 -4.492089337619755
2.085 -3.9461675826556877 -4.495168493464475
2.086 -3.9506642919796953 -4.498250139290866
2.087 -3.9551640841713467 -4.501334229036502
2.088 -3.9596669616513855 -4.504420716353184
2.089 -3.964172926794085 -4.507509554645375
2.09 -3.9686819819269794 -4.510600697033201
2.091 -3.973194129330604 -4.513694096397155
2.092 -3.977709371238233 -4.516789705336463
2.093 -3.9822277098356236 -4.519887476214424
2.094 -3.9867491472607575 -4.522987361119284
2.095 -3.9912736856035895 -4.526089311908222
2.096 -3.995801326905796 -4.529193280167337
2.097 -4.000332073160527 -4.5322992172578225
2.098 -4.004865926312157 -4.53540707427099
2.099 -4.00940288825605 -4.538516802084685
2.1 -4.013942960838307 -4.5416283513051745
2.101 -4.018486145855537 -4.544741672336809
2.102 -4.023032445054615 -4.547856715309496
2.103 -4.027581860132454 -4.550973430167397
2.104 -4.032134392735768 -4.55409176657214
2.105 -4.036690044460851 -4.557211674019223
2.106 -4.041248816853347 -4.560333101712003
2.107 -4.0458107114080315 -4.563455998709168
2.108 -4.050375729568584 -4.566580313766902
2.109 -4.054943872727382 -4.569705995514963
2.11 -4.059515142225274 -4.572832992278993
2.111 -4.064089539351383 -4.575961252264946
2.112 -4.068667065342883 -4.579090723383203
2.113 -4.073247721384801 -4.58222135342545
2.114 -4.077831508609815 -4.5853530899005195
2.115 -4.082418428098053 -4.588485880194708
2.116 -4.087008480876889 -4.591619671426549
2.117 -4.091601667920761 -4.594754410591705
2.118 -4.096197990150969 -4.5978900444308985
2.119 -4.100797448435494 -4.601026519555008
2.12 -4.105400043588809 -4.604163782342899
2.121 -4.1100057763716995 -4.6073017790356365
2.122 -4.11461464749108 -4.610440455657846
2.123 -4.119226657599823 -4.613579758094133
2.124 -4.123841807296583 -4.616719632028993
2.125 -4.128460097125629 -4.619860023001238
2.126 -4.133081527576675 -4.623000876367193
2.1270000000000002 -4.137706099084718 -4.626142137335689
2.128 -4.14233381202988 -4.629283750943427
2.129 -4.1469646667372455 -4.632425662085353
2.13 -4.151598663476714 -4.635567815489878
2.1310000000000002 -4.156235802462844 -4.638710155749724
2.132 -4.160876083854709 -4.641852627301667
2.133 -4.165519507755748 -4.644995174445247
2.134 -4.170166074213635 -4.648137741342112
2.1350000000000002 -4.174815783220132 -4.65128027200831
2.136 -4.179468634710957 -4.654422710346185
2.137 -4.184124628565655 -4.657565000102913
2.138 -4.188783764607471 -4.6607070849292915
2.1390000000000002 -4.193446042603223 -4.663848908323661
2.14 -4.198111462263183 -4.666990413695616
2.141 -4.202780023240959 -4.670131544307352
2.142 -4.207451725133384 -4.673272243343297
2.1430000000000002 -4.2121265674804 -4.676412453840997
2.144 -4.216804549764956 -4.679552118775443
2.145 -4.221485671412901 -4.682691180972549
2.146 -4.226169931792887 -4.685829583210581
2.1470000000000002 -4.230857330216269 -4.688967268120161
2.148 -4.235547865937017 -4.692104178294653
2.149 -4.2402415381516185 -4.695240256184689
2.15 -4.244938345999001 -4.698375444212262
2.1510000000000002 -4.249638288560445 -4.701509684663108
2.152 -4.254341364859504 -4.704642919798963
2.153 -4.259047573861932 -4.707775091759783
2.154 -4.263756914475612 -4.710906142658221
2.1550000000000002 -4.268469385550482 -4.714036014500978
2.156 -4.273184985878481 -4.717164649272082
2.157 -4.277903714193476 -4.720291988852451
2.158 -4.282625569171214 -4.723417975116262
2.1590000000000003 -4.287350549429261 -4.726542549832797
2.16 -4.29207865352696 -4.72966565477772
2.161 -4.296809879965376 -4.732787231627802
2.162 -4.301544227187259 -4.735907222071075
2.1630000000000003 -4.306281693577002 -4.739025567708558
2.164 -4.311022277460607 -4.742142210153644
2.165 -4.3157659771056505 -4.745257090949704
2.166 -4.32051279072126 -4.748370151643266
2.1670000000000003 -4.325262716458084 -4.751481333742654
2.168 -4.330015752408276 -4.754590578738091
2.169 -4.3347718966054725 -4.757697828115459
2.17 -4.339531147024786 -4.76080302333104
2.1710000000000003 -4.344293501582788 -4.763906105853867
2.172 -4.349058958137507 -4.767007017128013
2.173 -4.353827514488428 -4.770105698616614
2.174 -4.358599168376487 -4.77320209176823
2.1750000000000003 -4.363373917484084 -4.776296138054276
2.176 -4.368151759435088 -4.77938777894178
2.177 -4.372932691794848 -4.782476955927573
2.178 -4.377716712070211 -4.785563610510312
2.179 -4.382503817709544 -4.788647684226988
2.18 -4.387294006102754 -4.791729118623812
2.181 -4.392087274581315 -4.794807855290413
2.182 -4.396883620418304 -4.797883835840356
2.183 -4.40168304082843 -4.800957001925521
2.184 -4.406485532968078 -4.80402729524342
2.185 -4.411291093935345 -4.807094657523398
2.186 -4.4160997207700925 -4.8101590305636215
2.187 -4.420911410453991 -4.8132203561832725
2.188 -4.425726159910575 -4.81627857629332
2.189 -4.430543966005301 -4.819333632825681
2.19 -4.435364825545607 -4.822385467811068
2.191 -4.4401887352809775 -4.825434023313229
2.192 -4.445015691903012 -4.828479241495218
2.193 -4.449845692045495 -4.831521064568503
2.194 -4.454678732284475 -4.834559434842792
2.195 -4.45951480913834 -4.837594294692779
2.196 -4.464353919067899 -4.8406255865878585
2.197 -4.469196058476476 -4.843653253083131
2.198 -4.474041223709992 -4.846677236819462
2.199 -4.478889411057063 -4.849697480547709
2.2 -4.483740616749097 -4.852713927096453
2.201 -4.488594836960393 -4.855726519424426
2.202 -4.493452067808249 -4.858735200566927
2.203 -4.498312305353066 -4.861739913697666
2.204 -4.503175545598464 -4.864740602079482
2.205 -4.508041784491395 -4.867737209112064
2.206 -4.512911017922264 -4.8707296783025695
2.207 -4.517783241725046 -4.8737179532889465
2.208 -4.522658451677422 -4.876701977837242
2.209 -4.527536643500901 -4.879681695838457
2.21 -4.532417812860954 -4.88265705133225
2.211 -4.537301955367154 -4.885627988475574
2.212 -4.542189066573313 -4.888594451594896
2.213 -4.547079141977629 -4.891556385132162
2.214 -4.551972177022831 -4.894513733706691
2.215 -4.556868167096329 -4.89746644206619
2.216 -4.561767107530372 -4.900414455133785
2.217 -4.5666689936022 -4.903357717976243
2.218 -4.57157382053421 -4.9062961758363715
2.219 -4.576481583494119 -4.909229774110767
2.22 -4.581392277595132 -4.912158458378581
2.221 -4.586305897896111 -4.915082174377301
2.222 -4.5912224394017525 -4.9180008680376615
2.223 -4.596141897062765 -4.920914485451122
2.224 -4.601064265776048 -4.923822972911724
2.225 -4.605989540384882 -4.92672627688068
2.226 -4.610917715679109 -4.929624344026969
2.227 -4.615848786395328 -4.932517121194452
2.228 -4.620782747217092 -4.935404555442289
2.229 -4.6257195927751 -4.938286594007604
2.23 -4.630659317647401 -4.941163184352743
2.231 -4.635601916359599 -4.944034274123433
2.232 -4.640547383385058 -4.946899811194684
2.233 -4.645495713145113 -4.949759743636132
2.234 -4.6504469000092845 -4.952614019746101
2.235 -4.655400938295496 -4.955462588033199
2.236 -4.66035782227029 -4.958305397228679
2.237 -4.6653175461490575 -4.9611423962925665
2.238 -4.670280104096256 -4.963973534405354
2.239 -4.675245490225645 -4.966798760985375
2.24 -4.680213698600515 -4.969618025677428
2.241 -4.685184723233923 -4.97243127836875
2.242 -4.69015855808893 -4.975238469182972
2.243 -4.695135197078842 -4.978039548485348
2.244 -4.7001146340674556 -4.980834466889667
2.245 -4.705096862869302 -4.983623175253987
2.246 -4.710081877249898 -4.986405624691258
2.247 -4.715069670925999 -4.989181766563881
2.248 -4.720060237565853 -4.99195155249589
2.249 -4.72505357078946 -4.9947149343644925
2.25 -4.73004966416883 -4.997471864318269
2.251 -4.735048511228252 -5.000222294757861
2.2520000000000002 -4.740050105444551 -5.0029661783671395
2.253 -4.745054440247368 -5.005703468083524
2.254 -4.7500615090194245 -5.008434117133213
2.255 -4.7550713050967985 -5.011158079004976
2.2560000000000002 -4.760083821769201 -5.0138753074759554
2.257 -4.765099052280257 -5.016585756593631
2.258 -4.770116989827786 -5.0192893807033965
2.259 -4.775137627564085 -5.021986134414339
2.2600000000000002 -4.780160958596222 -5.0246759726553725
2.261 -4.785186975986316 -5.027358850604474
2.262 -4.790215672751837 -5.030034723784184
2.263 -4.795247041865896 -5.032703547952611
2.2640000000000002 -4.800281076257544 -5.035365279232801
2.265 -4.80531776881207 -5.038019873975241
2.266 -4.810357112371301 -5.0406672889106074
2.267 -4.815399099733909 -5.043307480994422
2.2680000000000002 -4.820443723655715 -5.045940407568829
2.269 -4.825490976849997 -5.048566026207902
2.27 -4.830540851987801 -5.05118429487201
2.271 -4.835593341698255 -5.0537951717639595
2.2720000000000002 -4.84064843856888 -5.056398615468941
2.273 -4.845706135145911 -5.058994584830175
2.274 -4.850766423934614 -5.061583039061565
2.275 -4.855829297399606 -5.064163937658866
2.2760000000000002 -4.8608947479651805 -5.066737240472742
2.277 -4.86596276801563 -5.069302907656767
2.278 -4.871033349895577 -5.071860899707427
2.279 -4.876106485910296 -5.074411177444868
2.2800000000000002 -4.881182168326053 -5.076953702020603
2.281 -4.886260389370429 -5.079488434922116
2.282 -4.891341141232665 -5.0820153379727175
2.283 -4.8964244160639865 -5.084534373327216
2.2840000000000003 -4.901510205977952 -5.0870455034906925
2.285 -4.906598503050785 -5.089548691291906
2.286 -4.911689299321723 -5.092043899924915
2.287 -4.916782586793351 -5.094531092899047
2.2880000000000003 -4.921878357431958 -5.097010234103583
2.289 -4.926976603167873 -5.099481287735402
2.29 -4.932077315895819 -5.101944218383524
2.291 -4.937180487475261 -5.104398990942686
2.2920000000000003 -4.942286109730756 -5.1068455707034275
2.293 -4.947394174452308 -5.109283923266481
2.294 -4.952504673395717 -5.111714014629612
2.295 -4.957617598282942 -5.114135811104031
2.2960000000000003 -4.962732940802452 -5.11654927940168
2.297 -4.967850692609582 -5.118954386549685
2.298 -4.9729708453269 -5.121351099978884
2.299 -4.978093390544563 -5.123739387435588
2.3000000000000003 -4.983218319820677 -5.126119217077446
2.301 -4.988345624681665 -5.128490557376938
2.302 -4.993475296622626 -5.130853377213916
2.303 -4.998607327107705 -5.1332076458033
2.3040000000000003 -5.003741707570456 -5.1355533327441085
2.305 -5.008878429414213 -5.1378904079984355
2.306 -5.014017484012452 -5.140218841893605
2.307 -5.019158862709172 -5.142538605137157
2.308 -5.024302556819252 -5.144849668791826
2.309 -5.0294485576288315 -5.147152004314203
2.31 -5.034596856395682 -5.1494455835052015
2.311 -5.039747444349577 -5.151730378572977
2.312 -5.044900312692667 -5.154006362064182
2.313 -5.050055452599855 -5.15627350693623
2.314 -5.055212855219174 -5.158531786489449
2.315 -5.060372511672159 -5.160781174429687
2.316 -5.065534413054228 -5.1630216448164425
2.317 -5.070698550435056 -5.16525317210551
2.318 -5.075864914858958 -5.167475731117874
2.319 -5.0810334973452616 -5.16968929706293
2.32 -5.086204288888694 -5.171893845523913
2.321 -5.091377280459755 -5.174089352467617
2.322 -5.096552463005102 -5.176275794239826
2.323 -5.101729827447927 -5.178453147567158
2.324 -5.106909364688343 -5.180621389561103
2.325 -5.112091065603759 -5.182780497707885
2.326 -5.117274921049272 -5.1849304498871955
2.327 -5.1224609218580355 -5.187071224345835
2.328 -5.127649058841657 -5.189202799731943
2.329 -5.132839322790569 -5.191325155056851
2.33 -5.13803170447442 -5.19343826973475
2.331 -5.143226194642453 -5.195542123544767
2.332 -5.14842278402389 -5.197636696665957
2.333 -5.15362146332832 -5.199721969648049
2.334 -5.158822223246075 -5.201797923432708
2.335 -5.1640250544486195 -5.203864539342316
2.336 -5.169229947588932 -5.205921799081938
2.337 -5.174436893301891 -5.207969684743465
2.338 -5.179645882204655 -5.210008178799094
2.339 -5.184856904897049 -5.2120372641077415
2.34 -5.190069951961946 -5.214056923909031
2.341 -5.195285013965653 -5.216067141827885
2.342 -5.200502081458293 -5.218067901871097
2.343 -5.205721144974185 -5.220059188429505
2.344 -5.210942195032234 -5.22204098627567
2.345 -5.216165222136304 -5.2240132805643675
2.346 -5.221390216775609 -5.225976056834633
2.347 -5.226617169425091 -5.227929301002482
2.348 -5.2318460705458 -5.229872999372529
2.349 -5.2370769105852775 -5.231807138621079
2.35 -5.242309679977937 -5.23373170581507
2.351 -5.247544369145443 -5.235646688392335
2.352 -5.252780968497094 -5.237552074176854
2.353 -5.258019468430196 -5.239447851368029
2.354 -5.263259859330447 -5.241334008545201
2.355 -5.268502131572314 -5.243210534664774
2.356 -5.273746275519406 -5.245077419061852
2.357 -5.2789922815248564 -5.246934651444922
2.358 -5.284240139931699 -5.2487822219044835
2.359 -5.289489841073237 -5.250620120897166
2.36 -5.294741375273429 -5.2524483392660315
2.361 -5.299994732847253 -5.254266868213601
2.362 -5.305249904101084 -5.256075699330752
2.363 -5.310506879333066 -5.257874824566201
2.364 -5.3157656488334855 -5.25966423625161
2.365 -5.3210262028851405 -5.261443927080467
2.366 -5.326288531763709 -5.26321389012133
2.367 -5.331552625738122 -5.264974118808853
2.368 -5.336818475070928 -5.266724606945472
2.369 -5.342086070018664 -5.268465348701969
2.37 -5.347355400832216 -5.270196338611019
2.371 -5.3526264577571885 -5.2719175715761075
2.372 -5.357899231034271 -5.273629042856226
2.373 -5.363173710899592 -5.275330748081589
2.374 -5.368449887585092 -5.27702268323621
2.375 -5.373727751318874 -5.278704844668944
2.376 -5.379007292325572 -5.280377229086466
2.3770000000000002 -5.3842885008267025 -5.282039833552135
2.378 -5.389571367041026 -5.283692655488463
2.379 -5.3948558811849034 -5.285335692670599
2.38 -5.400142033472647 -5.286968943230023
2.3810000000000002 -5.405429814116875 -5.288592405650451
2.382 -5.410719213328868 -5.290206078766154
2.383 -5.416010221318915 -5.291809961763653
2.384 -5.421302828296667 -5.293404054175858
2.3850000000000002 -5.42659702447148 -5.294988355886592
2.386 -5.431892800052766 -5.296562867120329
2.387 -5.437190145250338 -5.298127588454576
2.388 -5.442489050274753 -5.299682520799343
2.3890000000000002 -5.447789505337654 -5.301227665417576
2.39 -5.4530915006521115 -5.3027630239031085
2.391 -5.458395026432965 -5.304288598194373
2.392 -5.463700072897156 -5.305804390565788
2.3930000000000002 -5.469006630264071 -5.307310403624201
2.394 -5.474314688755872 -5.308806640316849
2.395 -5.479624238597828 -5.310293103916005
2.396 -5.484935270018654 -5.311769798032068
2.3970000000000002 -5.490247773250833 -5.313236726598181
2.398 -5.4955617385309505 -5.314693893880766
2.399 -5.5008771561000165 -5.316141304467901
2.4 -5.5061940162037954 -5.3175789632733546
2.4010000000000002 -5.511512309093125 -5.3190068755359485
2.402 -5.5168320250242395 -5.320425046808607
2.403 -5.522153154259091 -5.321833482973071
2.404 -5.527475687065666 -5.323232190216955
2.4050000000000002 -5.532799613718303 -5.324621175055059
2.406 -5.538124924498005 -5.326000444304801
2.407 -5.543451609692755 -5.3273700051048385
2.408 -5.548779659597824 -5.328729864897621
2.4090000000000003 -5.554109064516083 -5.3300800314355845
2.41 -5.559439814758307 -5.331420512779678
2.411 -5.5647719006434855 -5.33275131729116
2.412 -5.57010531249912 -5.334072453637003
2.4130000000000003 -5.57544004066153 -5.3353839307843955
2.414 -5.580776075476148 -5.336685757996615
2.415 -5.586113407297823 -5.337977944838575
2.416 -5.591452026491112 -5.3392605011628405
2.4170000000000003 -5.596791923430575 -5.34053343712412
2.418 -5.602133088501068 -5.341796763156332
2.419 -5.60747551209803 -5.343050489995724
2.42 -5.6128191846277735 -5.344294628650338
2.4210000000000003 -5.618164096507769 -5.345529190428961
2.422 -5.6235102381669275 -5.346754186906613
2.423 -5.628857600045887 -5.347969629954795
2.424 -5.634206172597285 -5.3491755317100145
2.4250000000000003 -5.639555946286042 -5.350371904594454
2.426 -5.644906911589635 -5.351558761301738
2.427 -5.650259058998367 -5.352736114794631
2.428 -5.655612379015647 -5.353903978313438
2.4290000000000003 -5.66096686215825 -5.35506236535736
2.43 -5.66632249895659 -5.356211289700827
2.431 -5.671679279954982 -5.357350765373058
2.432 -5.677037195711905 -5.358480806674847
2.433 -5.682396236800263 -5.359601428153972
2.434 -5.687756393807645 -5.360712644630684
2.435 -5.69311765733658 -5.361814471163322
2.436 -5.698480018004787 -5.362906923081622
2.437 -5.703843466445433 -5.363990015946161
2.438 -5.709207993307382 -5.365063765586718
2.439 -5.714573589255437 -5.366128188058466
2.44 -5.71994024497059 -5.367183299681788
2.441 -5.725307951150263 -5.368229116997087
2.442 -5.730676698508551 -5.369265656806752
2.443 -5.7360464777764575 -5.3702929361281555
2.444 -5.741417279702132 -5.371310972235397
2.445 -5.746789095051104 -5.372319782614931
2.446 -5.752161914606514 -5.373319385002962
2.447 -5.757535729169346 -5.374309797345493
2.448 -5.762910529558649 -5.375291037833129
2.449 -5.768286306611767 -5.376263124861347
2.45 -5.773663051184559 -5.377226077065586
2.451 -5.7790407541516196 -5.378179913282691
2.452 -5.784419406406499 -5.379124652583516
2.453 -5.789798998861915 -5.380060314236149
2.454 -5.795179522449969 -5.38098691773895
2.455 -5.800560968122356 -5.381904482781229
2.456 -5.805943326850575 -5.382813029279443
2.457 -5.811326589626134 -5.383712577336264
2.458 -5.816710747460753 -5.384603147274421
2.459 -5.8220957913865705 -5.385484759603354
2.46 -5.827481712456335 -5.386357435041177
2.461 -5.832868501743611 -5.387221194495417
2.462 -5.838256150342965 -5.388076059070178
2.463 -5.843644649370169 -5.38892205006079
2.464 -5.849033989962379 -5.38975918894992
2.465 -5.85442416327833 -5.390587497409557
2.466 -5.8598151604985205 -5.391406997292923
2.467 -5.865206972825394 -5.39221771063814
2.468 -5.87059959148352 -5.393019659660953
2.469 -5.875993007719774 -5.393812866755086
2.47 -5.881387212803513 -5.394597354489928
2.471 -5.886782198026747 -5.395373145605661
2.472 -5.892177954704315 -5.396140263015741
2.473 -5.89757447417405 -5.396898729797436
2.474 -5.902971747796948 -5.397648569198824
2.475 -5.908369766957333 -5.398389804625442
2.476 -5.913768523063016 -5.3991224596497664
2.477 -5.919168007545459 -5.399846557997199
2.478 -5.9245682118599285 -5.4005621235548
2.479 -5.929969127485652 -5.401269180358629
2.48 -5.935370745925974 -5.401967752600566
2.481 -5.940773058708501 -5.402657864618931
2.482 -5.946176057385254 -5.403339540900225
2.483 -5.951579733532812 -5.404012806076556
2.484 -5.956984078752456 -5.404677684919285
2.485 -5.962389084670312 -5.405334202344435
2.486 -5.967794742937485 -5.40598238340081
2.487 -5.973201045230203 -5.4066222532772725
2.488 -5.978607983249944 -5.407253837291643
2.489 -5.9840155487235736 -5.407877160896314
2.49 -5.989423733403472 -5.4084922496690275
2.491 -5.994832529067658 -5.409099129316444
2.492 -6.000241927519924 -5.409697825667441
2.493 -6.005651920589949 -5.410288364672533
2.494 -6.011062500133423 -5.410870772404439
2.495 -6.016473658032164 -5.411445075047379
2.496 -6.021885386194239 -5.412011298908472
2.497 -6.027297676554071 -5.41256947039789
2.498 -6.032710521072554 -5.413119616046548
2.499 -6.038123911737162 -5.413661762482924
2.5 -6.043537840562055 -5.414195936452013
2.501 -6.048952299588186 -5.414722164791863
2.5020000000000002 -6.0543672808834 -5.415240474452396
2.503 -6.059782776542538 -5.41575089247268
2.504 -6.065198778687533 -5.416253445998247
2.505 -6.070615279467505 -5.416748162260913
2.5060000000000002 -6.07603227105886 -5.417235068592178
2.507 -6.081449745665374 -5.417714192408589
2.508 -6.086867695518285 -5.418185561218698
2.509 -6.092286112876385 -5.418649202614422
2.5100000000000002 -6.097704990026098 -5.419105144273407
2.511 -6.103124319281566 -5.419553413953945
2.512 -6.10854409298473 -5.4199940394940045
2.513 -6.1139643035054085 -5.420427048809582
2.5140000000000002 -6.119384943241372 -5.4208524698913285
2.515 -6.124806004618419 -5.421270330802873
2.516 -6.130227480090448 -5.421680659680034
2.517 -6.1356493621395245 -5.422083484725597
2.5180000000000002 -6.141071643275954 -5.4224788342116135
2.519 -6.1464943160383445 -5.422866736471827
2.52 -6.151917372993671 -5.423247219906344
2.521 -6.157340806737334 -5.423620312971525
2.5220000000000002 -6.162764609893226 -5.423986044186682
2.523 -6.168188775113781 -5.424344442123066
2.524 -6.173613295080037 -5.424695535411059
2.525 -6.179038162501684 -5.425039352728171
2.5260000000000002 -6.184463370117118 -5.425375922807911
2.527 -6.189888910693491 -5.425705274426008
2.528 -6.195314777026754 -5.426027436410936
2.529 -6.200740961941707 -5.426342437628803
2.5300000000000002 -6.206167458292041 -5.426650306994658
2.531 -6.21159425896038 -5.426951073457607
2.532 -6.217021356858315 -5.4272447660107
2.533 -6.222448744926452 -5.427531413678847
2.5340000000000003 -6.227876416134435 -5.427811045524863
2.535 -6.233304363480989 -5.428083690641774
2.536 -6.238732579993949 -5.428349378154544
2.537 -6.244161058730285 -5.428608137216426
2.5380000000000003 -6.2495897927761375 -5.428859997007075
2.539 -6.255018775246838 -5.42910498673232
2.54 -6.260447999286935 -5.429343135618878
2.541 -6.265877458070215 -5.429574472917661
2.5420000000000003 -6.2713071447997235 -5.429799027895318
2.543 -6.276737052707784 -5.430016829839689
2.544 -6.282167175056012 -5.430227908050781
2.545 -6.287597505135333 -5.430432291845519
2.5460000000000003 -6.293028036265995 -5.430630010550265
2.547 -6.298458761797576 -5.430821093503689
2.548 -6.303889675108999 -5.43100557005121
2.549 -6.309320769608533 -5.4311834695464185
2.5500000000000003 -6.314752038733806 -5.431354821346324
2.551 -6.3201834759518025 -5.431519654812763
2.552 -6.32561507475887 -5.431677999307235
2.553 -6.331046828680718 -5.4318298841925845
2.5540000000000003 -6.336478731272417 -5.431975338828382
2.555 -6.341910776118397 -5.432114392571302
2.556 -6.347342956832438 -5.432247074772298
2.557 -6.352775267057672 -5.432373414775274
2.5580000000000003 -6.3582077004665685 -5.4324934419155895
2.559 -6.363640250760927 -5.432607185517952
2.56 -6.369072911671865 -5.432714674895481
2.561 -6.374505676959808 -5.432815939347207
2.562 -6.379938540414473 -5.432911008157276
2.563 -6.3853714958548515 -5.4329999105929545
2.564 -6.390804537129193 -5.433082675902816
2.565 -6.396237658114986 -5.43315933331599
2.566 -6.401670852718937 -5.433229912039375
2.567 -6.40710411487695 -5.433294441257547
2.568 -6.412537438554097 -5.433352950129667
2.569 -6.4179708177446 -5.43340546778961
2.57 -6.4234042464718 -5.433452023342655
2.571 -6.428837718788127 -5.4334926458659965
2.572 -6.434271228775076 -5.4335273644051485
2.573 -6.439704770543169 -5.4335562079745205
2.574 -6.445138338231925 -5.433579205554105
2.575 -6.450571926009828 -5.433596386089748
2.576 -6.4560055280742885 -5.433607778490081
2.577 -6.461439138651606 -5.43361341162667
2.578 -6.466872751996933 -5.43361331433125
2.579 -6.4723063623942325 -5.433607515395325
2.58 -6.47773996415624 -5.433596043568283
2.581 -6.483173551624416 -5.433578927556132
2.582 -6.488607119168907 -5.4335561960203025
2.583 -6.494040661188495 -5.4335278775760205
2.584 -6.499474172110558 -5.433494000791445
2.585 -6.504907646391013 -5.43345459418566
2.586 -6.510341078514275 -5.43340968622837
2.587 -6.5157744629932 -5.4333593053373
2.588 -6.521207794369038 -5.433303479878552
2.589 -6.526641067211376 -5.433242238163524
2.59 -6.532074276118086 -5.433175608449574
2.591 -6.537507415715271 -5.4331036189369035
2.592 -6.542940480657202 -5.43302629776911
2.593 -6.548373465626266 -5.432943673030387
2.594 -6.553806365332905 -5.432855772745829
2.595 -6.559239174515555 -5.432762624878779
2.596 -6.564671887940583 -5.432664257331024
2.597 -6.570104500402228 -5.432560697940721
2.598 -6.575537006722533 -5.432451974481459
2.599 -6.580969401751285 -5.432338114661752
2.6 -6.586401680365943 -5.432219146122512
2.601 -6.591833837471573 -5.432095096438212
2.602 -6.597265868000784 -5.431965993112623
2.603 -6.602697766913652 -5.431831863581823
2.604 -6.608129529197652 -5.4316927352083315
2.605 -6.6135611498675875 -5.431548635285321
2.606 -6.618992623965518 -5.4313995910302
2.607 -6.624423946560683 -5.4312456295888225
2.608 -6.629855112749432 -5.431086778029599
2.609 -6.635286117655143 -5.43092306334691
2.61 -6.640716956428151 -5.430754512456359
2.611 -6.646147624245667 -5.430581152196815
2.612 -6.6515781163117 -5.430403009327127
2.613 -6.657008427856979 -5.430220110527099
2.614 -6.662438554138875 -5.430032482394751
2.615 -6.667868490441314 -5.429840151447356
2.616 -6.673298232074695 -5.429643144118317
2.617 -6.678727774375814 -5.429441486758741
2.618 -6.684157112707771 -5.429235205633986
2.619 -6.689586242459892 -5.429024326925306
2.62 -6.6950151590476406 -5.42880887672665
2.621 -6.7004438579125285 -5.428588881046032
2.622 -6.705872334522035 -5.4283643658025795
2.623 -6.7113005843695115 -5.4281353568277835
2.624 -6.716728602974098 -5.42790187986262
2.625 -6.722156385880629 -5.427663960558922
2.626 -6.727583928659545 -5.427421624476387
2.6270000000000002 -6.733011226906802 -5.427174897083911
2.628 -6.738438276243778 -5.426923803757023
2.629 -6.7438650723171785 -5.426668369778564
2.63 -6.749291610798947 -5.426408620336933
2.6310000000000002 -6.754717887386167 -5.4261445805260635
2.632 -6.760143897800967 -5.425876275344268
2.633 -6.765569637790429 -5.425603729693802
2.634 -6.7709951031264834 -5.425326968380104
2.6350000000000002 -6.776420289605824 -5.425046016110981
2.636 -6.781845193049797 -5.424760897496393
2.637 -6.787269809304315 -5.424471637046996
2.638 -6.792694134239747 -5.4241782591747025
2.6390000000000002 -6.798118163750827 -5.423880788190526
2.64 -6.803541893756545 -5.423579248305739
2.641 -6.808965320200058 -5.4232736636293435
2.642 -6.814388439048576 -5.422964058169545
2.6430000000000002 -6.819811246293269 -5.42265045583097
2.644 -6.8252337379491586 -5.422332880416426
2.645 -6.830655910055018 -5.422011355623976
2.646 -6.836077758673267 -5.421685905048686
2.6470000000000002 -6.841499279889865 -5.421356552179988
2.648 -6.846920469814212 -5.421023320403022
2.649 -6.852341324579039 -5.4206862329964975
2.65 -6.857761840340304 -5.4203453131336
2.6510000000000002 -6.863182013277081 -5.420000583880328
2.652 -6.86860183959146 -5.419652068195907
2.653 -6.874021315508435 -5.4192997889317605
2.654 -6.8794404372757985 -5.418943768831276
2.6550000000000002 -6.884859201164031 -5.418584030529432
2.656 -6.890277603466192 -5.418220596552055
2.657 -6.895695640497816 -5.4178534893158705
2.658 -6.901113308596796 -5.417482731127497
2.6590000000000003 -6.906530604123278 -5.4171083441837125
2.66 -6.91194752345955 -5.416730350570325
2.661 -6.917364063009929 -5.416348772262574
2.662 -6.922780219200653 -5.415963631123934
2.6630000000000003 -6.928195988479764 -5.415574948906603
2.664 -6.933611367317006 -5.415182747250275
2.665 -6.939026352203703 -5.414787047682665
2.666 -6.944440939652649 -5.414387871618342
2.6670000000000003 -6.949855126197999 -5.413985240359178
2.668 -6.955268908395152 -5.4135791750933375
2.669 -6.960682282820638 -5.413169696895576
2.67 -6.966095246072006 -5.412756826726444
2.6710000000000003 -6.971507794767705 -5.412340585432392
2.672 -6.976919925546978 -5.411920993745214
2.673 -6.982331635069739 -5.411498072281958
2.674 -6.987742920016463 -5.411071841544579
2.6750000000000003 -6.993153777088069 -5.410642321919707
2.676 -6.998564203005804 -5.41020953367845
2.677 -7.003974194511129 -5.409773496976071
2.678 -7.009383748365603 -5.409334231851908
2.6790000000000003 -7.014792861350765 -5.40889175822898
2.68 -7.020201530268019 -5.408446095913984
2.681 -7.025609751938517 -5.407997264596906
2.682 -7.031017523203044 -5.40754528385101
2.6830000000000003 -7.036424840921899 -5.40709017313251
2.684 -7.041831701974778 -5.406631951780524
2.685 -7.047238103260658 -5.406170639016829
2.686 -7.052644041697679 -5.405706253945745
2.6870000000000003 -7.058049514223027 -5.405238815554011
2.688 -7.063454517792816 -5.404768342710575
2.689 -7.068859049381969 -5.404294854166604
2.69 -7.074263105984103 -5.403818368555156
2.691 -7.079666684611405 -5.403338904391367
2.692 -7.085069782294522 -5.4028564800719385
2.693 -7.090472396082438 -5.402371113875588
2.694 -7.095874523042355 -5.401882823962283
2.695 -7.1012761602595775 -5.40139162837395
2.696 -7.10667730483739 -5.400897545033538
2.697 -7.112077953896944 -5.400400591745877
2.698 -7.117478104577134 -5.399900786196657
2.699 -7.122877754034481 -5.399398145953364
2.7 -7.128276899443016 -5.398892688464277
2.701 -7.133675537994156 -5.398384431059325
2.702 -7.139073666896592 -5.397873390949283
2.703 -7.1444712833761645 -5.397359585226377
2.704 -7.149868384675747 -5.396843030863849
2.705 -7.155264968055126 -5.396323744716134
2.706 -7.160661030790884 -5.395801743518924
2.707 -7.166056570176279 -5.395277043888918
2.708 -7.171451583521128 -5.394749662324204
2.709 -7.176846068151685 -5.394219615203916
2.71 -7.182240021410523 -5.393686918788536
2.711 -7.18763344065642 -5.3931515892198005
2.712 -7.193026323264232 -5.392613642520712
2.713 -7.1984186666247805 -5.392073094595797
2.714 -7.203810468144733 -5.391529961230749
2.715 -7.209201725246482 -5.390984258093113
2.716 -7.214592435368029 -5.390436000731544
2.717 -7.2199825959628665 -5.389885204576822
2.718 -7.2253722044998545 -5.389331884940943
2.719 -7.230761258463111 -5.388776057018173
2.72 -7.236149755351885 -5.388217735884213
2.721 -7.241537692680445 -5.3876569364972084
2.722 -7.246925067977956 -5.387093673696943
2.723 -7.252311878788367 -5.386527962205811
2.724 -7.2576981226702895 -5.385959816628241
2.725 -7.263083797196879 -5.385389251451198
2.726 -7.26846889995572 -5.384816281044357
2.727 -7.273853428548709 -5.384240919659655
2.728 -7.279237380591937 -5.3836631814326354
2.729 -7.284620753715568 -5.383083080380759
2.73 -7.290003545563728 -5.382500630405876
2.731 -7.295385753794386 -5.3819158452917835
2.732 -7.300767376079237 -5.3813287387070154
2.733 -7.306148410103584 -5.380739324202553
2.734 -7.311528853566227 -5.38014761521418
2.735 -7.3169087041793395 -5.379553625060687
2.736 -7.322287959668359 -5.3789573669458814
2.737 -7.327666617771867 -5.3783588539570575
2.738 -7.3330446762414745 -5.37775809906681
2.739 -7.338422132841709 -5.377155115131602
2.74 -7.343798985349896 -5.3765499148937135
2.741 -7.349175231556047 -5.375942510979484
2.742 -7.35455086926274 -5.375332915901682
2.743 -7.359925896285009 -5.374721142057476
2.744 -7.365300310450232 -5.374107201730762
2.745 -7.370674109598008 -5.373491107090642
2.746 -7.376047291580052 -5.372872870192807
2.747 -7.381419854260077 -5.37225250297933
2.748 -7.386791795513681 -5.371630017278597
2.749 -7.392163113228236 -5.371005424806471
2.75 -7.397533805302769 -5.370378737165191
2.751 -7.402903869647856 -5.3697499658451875
2.7520000000000002 -7.408273304185508 -5.36911912222358
2.753 -7.413642106849055 -5.368486217566436
2.754 -7.419010275583038 -5.367851263026748
2.755 -7.424377808343096 -5.367214269647144
2.7560000000000002 -7.429744703095853 -5.366575248357659
2.757 -7.435110957818808 -5.365934209978469
2.758 -7.440476570500226 -5.365291165217776
2.759 -7.445841539139025 -5.364646124674346
2.7600000000000002 -7.451205861744664 -5.363999098835691
2.761 -7.456569536337039 -5.363350098080194
2.762 -7.461932560946366 -5.3626991326759
2.763 -7.467294933613075 -5.3620462127819435
2.7640000000000002 -7.4726566523877 -5.361391348448037
2.765 -7.478017715330773 -5.360734549615177
2.766 -7.48337812051271 -5.3600758261159855
2.767 -7.4887378660137065 -5.359415187674569
2.7680000000000002 -7.4940969499236285 -5.358752643907524
2.769 -7.499455370341904 -5.358088204323431
2.77 -7.504813125377416 -5.357421878323964
2.771 -7.510170213148398 -5.356753675203505
2.7720000000000002 -7.515526631782321 -5.356083604149992
2.773 -7.520882379415792 -5.355411674244993
2.774 -7.5262374541944475 -5.3547378944638275
2.775 -7.531591854272846 -5.354062273676581
2.7760000000000002 -7.536945577814364 -5.353384820647392
2.777 -7.542298622991088 -5.352705544035942
2.778 -7.547650987983713 -5.352024452396671
2.779 -7.553002670981435 -5.351341554180135
2.7800000000000002 -7.558353670181851 -5.350656857732387
2.781 -7.563703983790851 -5.349970371296213
2.782 -7.5690536100225145 -5.349282103010686
2.783 -7.5744025470990115 -5.348592060912132
2.7840000000000003 -7.5797507932504935 -5.347900252933999
2.785 -7.5850983467149975 -5.347206686907651
2.786 -7.59044520573834 -5.346511370562096
2.787 -7.595791368574014 -5.345814311525323
2.7880000000000003 -7.601136833483092 -5.345115517323319
2.789 -7.6064815987341206 -5.344414995381892
2.79 -7.611825662603024 -5.343712753025654
2.791 -7.617169023372997 -5.343008797479651
2.7920000000000003 -7.622511679334415 -5.342303135868396
2.793 -7.627853628784722 -5.341595775217778
2.794 -7.633194870028344 -5.340886722453543
2.795 -7.638535401376579 -5.340175984404014
2.7960000000000003 -7.643875221147508 -5.339463567797563
2.797 -7.649214327665888 -5.338749479266356
2.798 -7.6545527192630605 -5.338033725343112
2.799 -7.659890394276852 -5.337316312464936
2.8000000000000003 -7.665227351051477 -5.336597246970834
2.801 -7.67056358793744 -5.335876535103943
2.802 -7.675899103291442 -5.335154183011349
2.803 -7.681233895476284 -5.334430196743621
2.8040000000000003 -7.686567962860766 -5.333704582257388
2.805 -7.691901303819601 -5.3329773454124085
2.806 -7.697233916733313 -5.332248491975884
2.807 -7.702565799988145 -5.331518027618976
2.8080000000000003 -7.707896951975966 -5.33078595792034
2.809 -7.713227371094177 -5.330052288364621
2.81 -7.718557055745617 -5.329317024343117
2.811 -7.723886004338468 -5.3285801711555605
2.8120000000000003 -7.7292142152861665 -5.327841734007696
2.813 -7.734541687007312 -5.327101718015482
2.814 -7.739868417925568 -5.326360128201152
2.815 -7.745194406469581 -5.325616969498038
2.816 -7.7505196510728815 -5.324872246746734
2.817 -7.755844150173798 -5.324125964699272
2.818 -7.761167902215362 -5.32337812801643
2.819 -7.766490905645227 -5.32262874127035
2.82 -7.7718131589155695 -5.321877808943641
2.821 -7.7771346604830045 -5.3211253354301755
2.822 -7.7824554088085 -5.320371325035825
2.823 -7.787775402357281 -5.319615781978044
2.824 -7.793094639598751 -5.318858710387359
2.825 -7.798413119006397 -5.318100114306494
2.826 -7.803730839057708 -5.317339997692214
2.827 -7.809047798234084 -5.31657836441408
2.828 -7.814363995020754 -5.315815218256784
2.829 -7.819679427906688 -5.315050562918252
2.83 -7.82499409538451 -5.314284402012745
2.831 -7.8303079959504185 -5.313516739068285
2.832 -7.835621128104097 -5.312747577529958
2.833 -7.84093349034863 -5.311976920757975
2.834 -7.846245081190423 -5.311204772029597
2.835 -7.8515558991391154 -5.310431134538751
2.836 -7.856865942707501 -5.30965601139675
2.837 -7.8621752104114435 -5.30887940563264
2.838 -7.867483700769793 -5.308101320193543
2.839 -7.872791412304308 -5.307321757945278
2.84 -7.878098343539571 -5.306540721672207
2.841 -7.8834044930029075 -5.305758214078714
2.842 -7.888709859224311 -5.3049742377880005
2.843 -7.894014440736355 -5.304188795344586
2.844 -7.8993182360741185 -5.303401889212292
2.845 -7.9046212437751056 -5.302613521777154
2.846 -7.909923462379166 -5.3018236953454245
2.847 -7.915224890428418 -5.301032412146249
2.848 -7.920525526467169 -5.300239674329975
2.849 -7.9258253690418385 -5.299445483970428
2.85 -7.931124416700881 -5.298649843063567
2.851 -7.93642266799471 -5.2978527535298365
2.852 -7.941720121475617 -5.297054217212197
2.853 -7.947016775697706 -5.296254235879338
2.854 -7.952312629216804 -5.29545281122304
2.855 -7.957607680590399 -5.2946499448615505
2.856 -7.962901928377555 -5.293845638337494
2.857 -7.968195371138845 -5.293039893120005
2.858 -7.973488007436273 -5.292232710604226
2.859 -7.9787798358332 -5.291424092111926
2.86 -7.984070854894276 -5.290614038892303
2.861 -7.98936106318536 -5.289802552121422
2.862 -7.994650459273452 -5.288989632904121
2.863 -7.999939041726623 -5.288175282272416
2.864 -8.00522680911394 -5.287359501188268
2.865 -8.010513760005395 -5.28654229054161
2.866 -8.015799892971833 -5.285723651152899
2.867 -8.021085206584887 -5.284903583771458
2.868 -8.026369699416907 -5.284082089078144
2.869 -8.031653370040885 -5.283259167683222
2.87 -8.03693621703039 -5.282434820129477
2.871 -8.042218238959501 -5.281609046889815
2.872 -8.047499434402733 -5.280781848370467
2.873 -8.052779801934975 -5.279953224908694
2.874 -8.05805934013142 -5.2791231767756805
2.875 -8.063338047567498 -5.278291704174753
2.876 -8.068615922818811 -5.2774588072436535
2.8770000000000002 -8.073892964461065 -5.27662448605318
2.878 -8.07916917107 -5.275788740609584
2.879 -8.084444541221334 -5.274951570852491
2.88 -8.089719073490693 -5.274112976658135
2.8810000000000002 -8.094992766453542 -5.27327295783704
2.882 -8.10026561868513 -5.272431514136489
2.883 -8.105537628760418 -5.271588645239799
2.884 -8.110808795254021 -5.2707443507668925
2.8850000000000002 -8.11607911674014 -5.269898630275401
2.886 -8.121348591792504 -5.2690514832593855
2.887 -8.126617218984304 -5.268202909152603
2.888 -8.131884996888134 -5.267352907324627
2.8890000000000002 -8.13715192407593 -5.26650147708689
2.89 -8.142417999118903 -5.265648617686452
2.891 -8.147683220587489 -5.264794328313445
2.892 -8.152947587051276 -5.263938608094394
2.8930000000000002 -8.158211097078953 -5.263081456099693
2.894 -8.163473749238248 -5.262222871336507
2.895 -8.168735542095868 -5.2613628527574186
2.896 -8.173996474217443 -5.26050139925193
2.8970000000000002 -8.179256544167464 -5.259638509655876
2.898 -8.184515750509226 -5.258774182743077
2.899 -8.189774091804772 -5.257908417234106
2.9 -8.195031566614837 -5.25704121178852
2.9010000000000002 -8.200288173498787 -5.256172565013091
2.902 -8.205543911014566 -5.255302475455288
2.903 -8.210798777718637 -5.254430941608765
2.904 -8.216052772165932 -5.253557961910899
2.9050000000000002 -8.22130589290979 -5.25268353474397
2.906 -8.226558138501906 -5.2518076584363955
2.907 -8.231809507492274 -5.250930331260853
2.908 -8.237059998429139 -5.250051551438248
2.9090000000000003 -8.242309609858934 -5.249171317133271
2.91 -8.247558340326234 -5.248289626460754
2.911 -8.252806188373702 -5.2474064774789335
2.912 -8.25805315254203 -5.246521868198304
2.9130000000000003 -8.2632992313699 -5.245635796571909
2.914 -8.268544423393916 -5.244748260507268
2.915 -8.273788727148567 -5.243859257854384
2.916 -8.279032141166168 -5.242968786418835
2.9170000000000003 -8.28427466397681 -5.242076843949134
2.918 -8.289516294108308 -5.241183428150545
2.919 -8.294757030086162 -5.240288536671572
2.92 -8.29999687043349 -5.239392167118425
2.9210000000000003 -8.305235813670997 -5.2384943170417495
2.922 -8.31047385831691 -5.237594983949398
2.923 -8.315711002886946 -5.2366941652962105
2.924 -8.320947245894244 -5.235791858493041
2.9250000000000003 -8.326182585849336 -5.234888060900398
2.926 -8.33141702126009 -5.233982769833486
2.927 -8.336650550631667 -5.233075982560115
2.928 -8.341883172466467 -5.232167696301538
2.9290000000000003 -8.347114885264096 -5.2312579082338715
2.93 -8.352345687521309 -5.230346615486229
2.931 -8.357575577731968 -5.229433815144401
2.932 -8.362804554386997 -5.228519504247047
2.9330000000000003 -8.368032615974341 -5.2276036797907555
2.934 -8.373259760978915 -5.226686338725464
2.935 -8.378485987882563 -5.225767477959782
2.936 -8.383711295164018 -5.224847094356767
2.9370000000000003 -8.388935681298852 -5.223925184738329
2.938 -8.394159144759438 -5.223001745881885
2.939 -8.399381684014909 -5.222076774524319
2.94 -8.404603297531107 -5.221150267358993
2.9410000000000003 -8.40982398377055 -5.220222221039078
2.942 -8.415043741192394 -5.219292632175184
2.943 -8.420262568252374 -5.218361497338426
2.944 -8.425480463402785 -5.217428813058151
2.945 -8.43069742509243 -5.2164945758244565
2.946 -8.435913451766577 -5.215558782087611
2.947 -8.441128541866929 -5.214621428257579
2.948 -8.44634269383158 -5.213682510706839
2.949 -8.451555906094976 -5.212742025767171
2.95 -8.456768177087874 -5.21179996973453
2.951 -8.461979505237307 -5.210856338863898
2.952 -8.467189888966551 -5.209911129375726
2.953 -8.472399326695076 -5.2089643374506815
2.954 -8.477607816838518 -5.208015959233838
2.955 -8.482815357808638 -5.207065990834053
2.956 -8.488021948013293 -5.206114428321878
2.957 -8.493227585856385 -5.205161267735934
2.958 -8.49843226973784 -5.20420650507371
2.959 -8.503635998053568 -5.203250136304833
2.96 -8.508838769195423 -5.202292157355455
2.961 -8.514040581551177 -5.201332564127167
2.962 -8.519241433504478 -5.200371352476956
2.963 -8.524441323434822 -5.199408518238588
2.964 -8.529640249717517 -5.198444057202793
2.965 -8.534838210723647 -5.197477965135679
2.966 -8.540035204820043 -5.196510237763887
2.967 -8.545231230369254 -5.195540870786642
2.968 -8.550426285729502 -5.194569859868301
2.969 -8.555620369254665 -5.1935972006430715
2.97 -8.560813479294238 -5.192622888713286
2.971 -8.5660056141933 -5.191646919650362
2.972 -8.571196772292488 -5.190669288995974
2.973 -8.576386951927969 -5.189689992259742
2.974 -8.581576151431399 -5.188709024924499
2.975 -8.586764369129906 -5.187726382439272
2.976 -8.59195160334605 -5.186742060229378
2.977 -8.597137852397802 -5.185756053684949
2.978 -8.602323114598514 -5.184768358174629
2.979 -8.607507388256884 -5.183778969031519
2.98 -8.612690671676939 -5.182787881569113
2.981 -8.617872963157994 -5.181795091064368
2.982 -8.623054260994637 -5.180800592777193
2.983 -8.628234563476699 -5.1798043819300394
2.984 -8.633413868889223 -5.1788064537302505
2.985 -8.63859217551244 -5.1778068033478135
2.986 -8.643769481621746 -5.176805425937811
2.987 -8.648945785487674 -5.175802316620138
2.988 -8.654121085375866 -5.174797470498691
2.989 -8.659295379547057 -5.1737908826445995
2.99 -8.664468666257038 -5.172782548111911
2.991 -8.669640943756644 -5.171772461924354
2.992 -8.674812210291723 -5.170760619087731
2.993 -8.679982464103112 -5.169747014579794
2.994 -8.685151703426623 -5.168731643359071
2.995 -8.690319926493007 -5.167714500359119
2.996 -8.695487131527942 -5.166695580492383
2.997 -8.700653316752007 -5.165674878649841
2.998 -8.70581848038066 -5.164652389698874
2.999 -8.710982620624216 -5.163628108489646
3.0 -8.71614573568783 -5.162602029845618
3.001 -8.72130782377147 -5.161574148577607
3.0020000000000002 -8.726468883069906 -5.160544459466607
3.003 -8.73162891177268 -5.159512957285222
3.004 -8.73678790806409 -5.158479636773959
3.005 -8.741945870123176 -5.157444492667889
3.0060000000000002 -8.747102796123693 -5.156407519668835
3.007 -8.752258684234098 -5.155368712475458
3.008 -8.757413532617528 -5.15432806575294
3.009 -8.762567339431786 -5.153285574163996
3.0100000000000002 -8.76772010282932 -5.152241232339379
3.011 -8.77287182095721 -5.151195034906537
3.012 -8.778022491957145 -5.150146976463917
3.013 -8.783172113965412 -5.149097051604546
3.0140000000000002 -8.788320685112879 -5.148045254896136
3.015 -8.793468203524977 -5.1469915808990825
3.016 -8.798614667321685 -5.1459360241506795
3.017 -8.803760074617518 -5.144878579181835
3.0180000000000002 -8.808904423521508 -5.143819240499275
3.019 -8.814047712137192 -5.142758002605913
3.02 -8.8191899385626 -5.141694859980702
3.021 -8.824331100890237 -5.14062980709832
3.0220000000000002 -8.829471197207074 -5.1395628384125995
3.023 -8.834610225594528 -5.138493948370976
3.024 -8.83974818412846 -5.137423131402873
3.025 -8.844885070879156 -5.136350381931127
3.0260000000000002 -8.850020883911315 -5.1352756943611615
3.027 -8.855155621284036 -5.134199063093605
3.028 -8.860289281050814 -5.133120482510507
3.029 -8.865421861259524 -5.1320399469916005
3.0300000000000002 -8.87055335995241 -5.130957450898162
3.031 -8.87568377516608 -5.129872988588873
3.032 -8.880813104931484 -5.128786554407011
3.033 -8.885941347273922 -5.127698142691149
3.0340000000000003 -8.891068500213025 -5.126607747767334
3.035 -8.896194561762742 -5.125515363957042
3.036 -8.901319529931342 -5.1244209855691985
3.037 -8.9064434027214 -5.123324606909851
3.0380000000000003 -8.911566178129794 -5.122226222272617
3.039 -8.916687854147689 -5.121125825949462
3.04 -8.92180842876054 -5.120023412220336
3.041 -8.926927899948081 -5.118918975364053
3.0420000000000003 -8.93204626568432 -5.117812509648742
3.043 -8.93716352393753 -5.11670400934169
3.044 -8.942279672670248 -5.115593468700334
3.045 -8.947394709839266 -5.114480881981994
3.0460000000000003 -8.952508633395635 -5.113366243435242
3.047 -8.95762144128465 -5.112249547308185
3.048 -8.96273313144585 -5.111130787842754
3.049 -8.967843701813017 -5.110009959279393
3.0500000000000003 -8.972953150314174 -5.1088870558539865
3.051 -8.978061474871573 -5.10776207180153
3.052 -8.983168673401705 -5.1066350013537205
3.053 -8.988274743815289 -5.105505838740486
3.0540000000000003 -8.993379684017272 -5.104374578191868
3.055 -8.998483491906835 -5.103241213934111
3.056 -9.003586165377383 -5.102105740196299
3.057 -9.008687702316548 -5.100968151203643
3.0580000000000003 -9.01378810060619 -5.09982844118501
3.059 -9.018887358122395 -5.098686604366818
3.06 -9.023985472735479 -5.097542634978407
3.061 -9.029082442309985 -5.096396527249587
3.0620000000000003 -9.03417826470469 -5.0952482754117145
3.063 -9.039272937772603 -5.094097873698911
3.064 -9.044366459360965 -5.092945316347168
3.065 -9.049458827311259 -5.0917905975955975
3.0660000000000003 -9.054550039459205 -5.09063371168663
3.067 -9.059640093634767 -5.089474652866636
3.068 -9.064728987662162 -5.088313415384754
3.069 -9.069816719359855 -5.087149993497434
3.0700000000000003 -9.074903286540568 -5.085984381461586
3.071 -9.079988687011287 -5.084816573545047
3.072 -9.085072918573266 -5.083646564014962
3.073 -9.09015597902203 -5.082474347151357
3.074 -9.095237866147386 -5.081299917233589
3.075 -9.100318577733425 -5.080123268555996
3.076 -9.105398111558536 -5.078944395410592
3.077 -9.110476465395406 -5.077763292108474
3.078 -9.11555363701103 -5.07657995295625
3.079 -9.120629624166725 -5.075394372282828
3.08 -9.125704424618128 -5.074206544411274
3.081 -9.130778036115219 -5.07301646368991
3.082 -9.135850456402316 -5.071824124460159
3.083 -9.140921683218098 -5.0706295210913614
3.084 -9.145991714295603 -5.069432647945076
3.085 -9.151060547362253 -5.068233499412824
3.086 -9.156128180139852 -5.067032069878534
3.087 -9.161194610344605 -5.0658283537578646
3.088 -9.166259835687132 -5.064622345458563
3.089 -9.171323853872472 -5.063414039421196
3.09 -9.176386662600107 -5.06220343008116
3.091 -9.181448259563966 -5.060990511903538
3.092 -9.186508642452447 -5.059775279354565
3.093 -9.19156780894842 -5.058557726925127
3.094 -9.196625756729256 -5.057337849113834
3.095 -9.201682483466831 -5.056115640439922
3.096 -9.20673798682755 -5.054891095434757
3.097 -9.211792264472358 -5.053664208649241
3.098 -9.216845314056755 -5.052434974648647
3.099 -9.22189713323082 -5.051203388017146
3.1 -9.226947719639224 -5.049969443356025
3.101 -9.231997070921242 -5.048733135284816
3.102 -9.237045184710787 -5.047494458441828
3.103 -9.242092058636416 -5.046253407484775
3.104 -9.247137690321354 -5.045009977090126
3.105 -9.25218207738351 -5.043764161956097
3.106 -9.257225217435504 -5.042515956799218
3.107 -9.262267108084684 -5.041265356359213
3.108 -9.267307746933147 -5.040012355395947
3.109 -9.27234713157776 -5.038756948691671
3.11 -9.277385259610185 -5.037499131051696
3.111 -9.282422128616897 -5.036238897302804
3.112 -9.287457736179217 -5.034976242297298
3.113 -9.292492079873325 -5.033711160909058
3.114 -9.297525157270288 -5.032443648039103
3.115 -9.302556965936086 -5.031173698610163
3.116 -9.307587503431636 -5.029901307574111
3.117 -9.312616767312818 -5.028626469904612
3.118 -9.3176447551305 -5.027349180606195
3.119 -9.322671464430568 -5.026069434705597
3.12 -9.327696892753949 -5.024787227261885
3.121 -9.33272103763664 -5.0235025533572095
3.122 -9.337743896609737 -5.022215408106754
3.123 -9.342765467199467 -5.020925786650675
3.124 -9.34778574692721 -5.019633684161626
3.125 -9.352804733309533 -5.018339095840636
3.126 -9.35782242385822 -5.017042016919646
3.1270000000000002 -9.362838816080304 -5.015742442661955
3.128 -9.367853907478095 -5.014440368362004
3.129 -9.372867695549212 -5.013135789346768
3.13 -9.377880177786622 -5.011828700975788
3.1310000000000002 -9.382891351678666 -5.010519098640942
3.132 -9.387901214709093 -5.009206977770272
3.133 -9.392909764357094 -5.007892333822128
3.134 -9.397916998097346 -5.006575162294635
3.1350000000000002 -9.40292291340003 -5.005255458715861
3.136 -9.407927507730882 -5.003933218655693
3.137 -9.412930778551221 -5.002608437714118
3.138 -9.417932723317984 -5.001281111535034
3.1390000000000002 -9.422933339483775 -4.999951235792648
3.14 -9.427932624496886 -4.998618806207024
3.141 -9.432930575801354 -4.997283818529061
3.142 -9.437927190836984 -4.995946268556972
3.1430000000000002 -9.442922467039397 -4.99460615212069
3.144 -9.447916401840068 -4.993263465099272
3.145 -9.452908992666368 -4.991918203403552
3.146 -9.457900236941603 -4.990570362995684
3.1470000000000002 -9.46289013208506 -4.989219939870243
3.148 -9.467878675512043 -4.987866930074241
3.149 -9.472865864633924 -4.986511329688871
3.15 -9.47785169685818 -4.985153134848126
3.1510000000000002 -9.48283616958844 -4.983792341722273
3.152 -9.487819280224533 -4.982428946534329
3.153 -9.492801026162526 -4.981062945546785
3.154 -9.497781404794779 -4.979694335073684
3.1550000000000002 -9.502760413509982 -4.978323111471781
3.156 -9.507738049693211 -4.976949271149565
3.157 -9.512714310725974 -4.975572810559498
3.158 -9.517689193986255 -4.974193726207683
3.1590000000000003 -9.522662696848569 -4.972812014644838
3.16 -9.527634816684005 -4.971427672476487
3.161 -9.532605550860287 -4.9700406963548325
3.162 -9.537574896741814 -4.96865108298705
3.1630000000000003 -9.542542851689719 -4.967258829129543
3.164 -9.547509413061917 -4.965863931593287
3.165 -9.552474578213161 -4.964466387241992
3.166 -9.557438344495097 -4.96306619299305
3.1670000000000003 -9.56240070925631 -4.961663345819351
3.168 -9.567361669842393 -4.960257842748268
3.169 -9.57232122359599 -4.95884968086362
3.17 -9.577279367856855 -4.9574388573063315
3.1710000000000003 -9.582236099961918 -4.956025369273039
3.172 -9.587191417245329 -4.954609214021144
3.173 -9.592145317038527 -4.9531903888631925
3.174 -9.597097796670294 -4.95176889117502
3.1750000000000003 -9.602048853466815 -4.950344718388593
3.176 -9.606998484751742 -4.9489178680003665
3.177 -9.61194668784625 -4.94748833756458
3.178 -9.6168934600691 -4.946056124701353
3.1790000000000003 -9.621838798736707 -4.9446212270896615
3.18 -9.626782701163194 -4.943183642476396
3.181 -9.631725164660462 -4.941743368667761
3.182 -9.636666186538259 -4.940300403540148
3.1830000000000003 -9.641605764104229 -4.938854745030496
3.184 -9.646543894663997 -4.937406391147018
3.185 -9.651480575521223 -4.935955339960372
3.186 -9.656415803977676 -4.93450158961325
3.1870000000000003 -9.6613495773333 -4.933045138313454
3.188 -9.666281892886284 -4.931585984340709
3.189 -9.671212747933128 -4.9301241260428625
3.19 -9.676142139768716 -4.928659561839997
3.1910000000000003 -9.68107006568639 -4.927192290222537
3.192 -9.685996522978016 -4.925722309753896
3.193 -9.69092150893406 -4.924249619070709
3.194 -9.695845020843667 -4.9227742168818
3.1950000000000003 -9.70076705599472 -4.9212961019736845
3.196 -9.705687611673932 -4.919815273203699
3.197 -9.710606685166908 -4.918331729510644
3.198 -9.715524273758232 -4.916845469904204
3.1990000000000003 -9.720440374731536 -4.915356493478069
3.2 -9.725354985369586 -4.913864799397382
3.201 -9.73026810295435 -4.912370386914198
3.202 -9.735179724767091 -4.9108732553519
3.203 -9.740089848088434 -4.909373404124204
3.204 -9.744998470198459 -4.907870832715921
3.205 -9.749905588376771 -4.906365540705389
3.206 -9.754811199902598 -4.9048575277425295
3.207 -9.759715302054857 -4.903346793572767
3.208 -9.764617892112252 -4.90183333801523
3.209 -9.769518967353353 -4.900317160984932
3.21 -9.774418525056682 -4.8987982624738216
3.211 -9.779316562500805 -4.8972766425697385
3.212 -9.784213076964411 -4.895752301440865
3.213 -9.789108065726408 -4.894225239350768
3.214 -9.79400152606601 -4.892695456647414
3.215 -9.798893455262824 -4.89116295377377
3.216 -9.803783850596949 -4.889627731260264
3.217 -9.808672709349056 -4.8880897897332165
3.218 -9.813560028800488 -4.886549129908574
3.219 -9.818445806233356 -4.885005752599344
3.22 -9.823330038930628 -4.8834596587107715
3.221 -9.828212724176225 -4.881910849245643
3.222 -9.833093859255122 -4.8803593253019395
3.223 -9.837973441453439 -4.8788050880758975
3.224 -9.842851468058539 -4.877248138861548
3.225 -9.847727936359131 -4.875688479052211
3.226 -9.852602843645368 -4.8741261101411775
3.227 -9.857476187208945 -4.872561033722647
3.228 -9.862347964343204 -4.870993251492474
3.229 -9.86721817234323 -4.869422765249597
3.23 -9.872086808505966 -4.8678495768956695
3.231 -9.8769538701303 -4.866273688437986
3.232 -9.881819354517189 -4.864695101987817
3.233 -9.886683258969748 -4.863113819764094
3.234 -9.891545580793366 -4.861529844091782
3.235 -9.896406317295812 -4.859943177404354
3.236 -9.901265465787342 -4.858353822244787
3.237 -9.90612302358081 -4.856761781264537
3.238 -9.910978987991777 -4.85516705722806
3.239 -9.915833356338627 -4.853569653008821
3.24 -9.92068612594267 -4.851969571596092
3.241 -9.925537294128263 -4.850366816089378
3.242 -9.930386858222922 -4.848761389706226
3.243 -9.935234815557434 -4.847153295776344
3.244 -9.940081163465978 -4.8455425377486705
3.245 -9.94492589928624 -4.843929119187313
3.246 -9.949769020359527 -4.84231304377636
3.247 -9.95461052403089 -4.840694315318024
3.248 -9.959450407649244 -4.839072937735293
3.249 -9.96428866856749 -4.83744891507252
3.25 -9.969125304142628 -4.835822251494937
3.251 -9.97396031173589 -4.834192951293488
3.2520000000000002 -9.978793688712857 -4.832561018879286
3.253 -9.983625432443588 -4.830926458793372
3.254 -9.988455540302745 -4.829289275697149
3.255 -9.993284009669711 -4.827649474385272
3.2560000000000002 -9.998110837928731 -4.826007059773542
3.257 -10.002936022469031 -4.824362036913911
3.258 -10.007759560684951 -4.82271441098099
3.259 -10.012581449976073 -4.821064187287162
3.2600000000000002 -10.017401687747357 -4.81941137127059
3.261 -10.02222027140927 -4.8177559685075915
3.262 -10.027037198377917 -4.816097984703945
3.263 -10.03185246607518 -4.814437425703929
3.2640000000000002 -10.036666071928853 -4.812774297484866
3.265 -10.041478013372773 -4.811108606163029
3.266 -10.046288287846965 -4.809440357991219
3.267 -10.051096892797778 -4.807769559361853
3.2680000000000002 -10.055903825678019 -4.80609621680701
3.269 -10.0607090839471 -4.804420336999684
3.27 -10.065512665071173 -4.80274192675473
3.271 -10.070314566523285 -4.801060993030158
3.2720000000000002 -10.075114785783505 -4.799377542927649
3.273 -10.07991332033908 -4.797691583694132
3.274 -10.084710167684573 -4.796003122722138
3.275 -10.08950532532202 -4.794312167551895
3.2760000000000002 -10.094298790761068 -4.792618725870633
3.277 -10.09909056151912 -4.790922805515998
3.278 -10.103880635121499 -4.78922441447414
3.279 -10.108669009101586 -4.787523560884016
3.2800000000000002 -10.11345568100098 -4.785820253035058
3.281 -10.118240648369644 -4.784114499371553
3.282 -10.123023908766063 -4.78240630849026
3.283 -10.127805459757395 -4.780695689144999
3.2840000000000003 -10.132585298919633 -4.778982650244099
3.285 -10.137363423837753 -4.777267200854869
3.286 -10.14213983210588 -4.775549350201473
3.287 -10.146914521327444 -4.773829107668793
3.2880000000000003 -10.151687489115337 -4.772106482801037
3.289 -10.156458733092078 -4.770381485304828
3.29 -10.161228250889973 -4.768654125048513
3.291 -10.16599604015128 -4.76692441206465
3.2920000000000003 -10.17076209852837 -4.765192356549935
3.293 -10.175526423683891 -4.76345796886694
3.294 -10.180289013290944 -4.761721259544936
3.295 -10.185049865033237 -4.759982239280746
3.2960000000000003 -10.189808976605262 -4.7582409189402615
3.297 -10.19456634571246 -4.7564973095588305
3.298 -10.199321970071393 -4.754751422343041
3.299 -10.20407584740992 -4.753003268670982
3.3000000000000003 -10.208827975467358 -4.751252860094176
3.301 -10.213578351994665 -4.749500208337603
3.302 -10.218326974754612 -4.747745325301786
3.303 -10.22307384152196 -4.745988223062843
3.3040000000000003 -10.227818950083632 -4.744228913874471
3.305 -10.232562298238896 -4.742467410168136
3.306 -10.23730388379954 -4.740703724554734
3.307 -10.24204370459005 -4.73893786982532
3.3080000000000003 -10.2467817584478 -4.7371698589521625
3.309 -10.251518043223221 -4.735399705090035
3.31 -10.256252556779998 -4.733627421576666
3.311 -10.260985296995239 -4.731853021934782
3.3120000000000003 -10.26571626175967 -4.730076519871619
3.313 -10.270445448977817 -4.728297929282076
3.314 -10.275172856568195 -4.726517264246929
3.315 -10.279898482463496 -4.724734539037322
3.3160000000000003 -10.284622324610774 -4.722949768111864
3.317 -10.28934438097164 -4.721162966121827
3.318 -10.29406464952245 -4.719374147907902
3.319 -10.298783128254499 -4.717583328505499
3.3200000000000003 -10.303499815174211 -4.715790523141369
3.321 -10.308214708303337 -4.713995747239316
3.322 -10.31292780567915 -4.712199016416049
3.323 -10.317639105354635 -4.710400346487784
3.3240000000000003 -10.322348605398695 -4.708599753465421
3.325 -10.327056303896342 -4.706797253561254
3.326 -10.3317621989489 -4.704992863184692
3.327 -10.3364662886742 -4.703186598947938
3.3280000000000003 -10.341168571206794 -4.701378477662858
3.329 -10.345869044698139 -4.699568516345629
3.33 -10.350567707316813 -4.697756732214367
3.331 -10.355264557248717 -4.695943142693283
3.332 -10.35995959269727 -4.694127765410581
3.333 -10.364652811883637 -4.692310618202363
3.334 -10.369344213046908 -4.690491719110854
3.335 -10.37403379444433 -4.688671086387855
3.336 -10.378721554351499 -4.6868487384934925
3.337 -10.383407491062583 -4.685024694099012
3.338 -10.38809160289052 -4.68319897208627
3.339 -10.392773888167243 -4.681371591549731
3.34 -10.397454345243881 -4.6795425717967065
3.341 -10.402132972490978 -4.6777119323486325
3.342 -10.406809768298709 -4.675879692941931
3.343 -10.411484731077092 -4.67404587352874
3.344 -10.416157859256206 -4.672210494278209
3.345 -10.420829151286405 -4.670373575576816
3.346 -10.425498605638545 -4.668535138030021
3.347 -10.430166220804193 -4.666695202462254
3.348 -10.43483199529585 -4.664853789918779
3.349 -10.439495927647174 -4.663010921665549
3.35 -10.444158016413203 -4.661166619191073
3.351 -10.448818260170569 -4.659320904206302
3.352 -10.45347665751773 -4.657473798646429
3.353 -10.458133207075191 -4.655625324670777
3.354 -10.46278790748573 -4.653775504664588
3.355 -10.467440757414623 -4.651924361238901
3.356 -10.472091755549872 -4.650071917232295
3.357 -10.47674090060243 -4.648218195710761
3.358 -10.481388191306426 -4.64636321996949
3.359 -10.486033626419406 -4.644507013532589
3.36 -10.490677204722553 -4.6426496001549635
3.361 -10.49531892502092 -4.640791003822029
3.362 -10.49995878614366 -4.6389312487514385
3.363 -10.50459678694426 -4.637070359392941
3.364 -10.509232926300777 -4.635208360429955
3.365 -10.513867203116064 -4.633345276779504
3.366 -10.51849961631801 -4.6314811335936685
3.367 -10.523130164859776 -4.629615956259638
3.368 -10.527758847720024 -4.627749770400945
3.369 -10.532385663903163 -4.625882601877747
3.37 -10.537010612439575 -4.624014476787758
3.371 -10.541633692385863 -4.6221454214667546
3.372 -10.546254902825083 -4.620275462489307
3.373 -10.550874242866989 -4.618404626669385
3.374 -10.555491711648264 -4.616532941060937
3.375 -10.560107308332768 -4.614660432958622
3.376 -10.564721032111775 -4.612787129898214
3.3770000000000002 -10.569332882204218 -4.6109130596574115
3.378 -10.573942857856927 -4.609038250256175
3.379 -10.578550958344875 -4.60716272995749
3.38 -10.583157182971416 -4.6052865272677375
3.3810000000000002 -10.587761531068535 -4.603409670937344
3.382 -10.59236400199709 -4.601532189961215
3.383 -10.596964595147057 -4.599654113579262
3.384 -10.601563309937774 -4.597775471276906
3.3850000000000002 -10.606160145818185 -4.595896292785458
3.386 -10.610755102267094 -4.5940166080827245
3.387 -10.615348178793399 -4.592136447393218
3.388 -10.61993937493635 -4.590255841188857
3.3890000000000002 -10.624528690265796 -4.588374820189043
3.39 -10.629116124382424 -4.586493415361394
3.391 -10.633701676918015 -4.584611657921763
3.392 -10.63828534753569 -4.582729579334909
3.3930000000000002 -10.64286713593016 -4.5808472113145635
3.394 -10.647447041827974 -4.578964585823947
3.395 -10.652025064987766 -4.577081735075935
3.396 -10.656601205200516 -4.5751986915333935
3.3970000000000002 -10.661175462289783 -4.573315487909462
3.398 -10.66574783611197 -4.571432157167687
3.399 -10.670318326556565 -4.569548732522448
3.4 -10.6748869335464 -4.567665247438845
3.4010000000000002 -10.679453657037895 -4.565781735633327
3.402 -10.684018497021311 -4.563898231073266
3.403 -10.688581453521005 -4.562014767977822
3.404 -10.693142526595677 -4.560131380817251
3.4050000000000002 -10.697701716338626 -4.558248104313864
3.406 -10.702259022877994 -4.556364973441234
3.407 -10.706814446377027 -4.554482023425132
3.408 -10.711367987034322 -4.552599289742703
3.4090000000000003 -10.715919645084076 -4.550716808123286
3.41 -10.720469420796345 -4.548834614547702
3.411 -10.725017314477288 -4.546952745248808
3.412 -10.729563326469426 -4.545071236710951
3.4130000000000003 -10.734107457151888 -4.543190125670389
3.414 -10.738649706940665 -4.541309449114557
3.415 -10.743190076288865 -4.539429244282824
3.416 -10.747728565686955 -4.537549548665178
3.4170000000000003 -10.752265175663023 -4.535670400003503
3.418 -10.75679990678302 -4.533791836289706
3.419 -10.761332759651017 -4.531913895767267
3.42 -10.765863734909455 -4.530036616929313
3.4210000000000003 -10.770392833239388 -4.528160038519803
3.422 -10.774920055360743 -4.526284199532
3.423 -10.779445402032565 -4.524409139209237
3.424 -10.783968874053263 -4.522534897043527
3.4250000000000003 -10.78849047226087 -4.520661512776201
3.426 -10.793010197533276 -4.518789026396535
3.427 -10.79752805078849 -4.516917478142225
3.428 -10.80204403298488 -4.5150469084980855
3.4290000000000003 -10.806558145121421 -4.513177358196296
3.43 -10.81107038823795 -4.511308868215357
3.431 -10.815580763415396 -4.509441479779774
3.432 -10.820089271776043 -4.507575234359594
3.4330000000000003 -10.824595914483764 -4.505710173669345
3.434 -10.82910069274427 -4.503846339668268
3.435 -10.83360360780535 -4.501983774558287
3.436 -10.83810466095712 -4.500122520785247
3.4370000000000003 -10.84260385353226 -4.498262621035742
3.438 -10.847101186906261 -4.496404118239209
3.439 -10.85159666249766 -4.494547055564059
3.44 -10.856090281768283 -4.492691476420012
3.4410000000000003 -10.860582046223486 -4.490837424454182
3.442 -10.865071957412392 -4.488984943553186
3.443 -10.869560016928125 -4.4871340778391025
3.444 -10.874046226408057 -4.485284871672119
3.4450000000000003 -10.878530587534028 -4.483437369645328
3.446 -10.883013102032598 -4.481591616588558
3.447 -10.887493771675265 -4.479747657561955
3.448 -10.89197259827871 -4.477905537860775
3.4490000000000003 -10.896449583705015 -4.476065303008015
3.45 -10.900924729861913 -4.474226998759757
3.451 -10.905398038702996 -4.472390671097293
3.452 -10.90986951222796 -4.470556366232954
3.4530000000000003 -10.91433915248282 -4.468724130601369
3.454 -10.91880696156014 -4.46689401086608
3.455 -10.92327294159926 -4.465066053910121
3.456 -10.927737094786513 -4.463240306842612
3.457 -10.932199423355453 -4.461416816989865
3.458 -10.93665992958707 -4.459595631900947
3.459 -10.941118615810009 -4.457776799339603
3.46 -10.94557548440079 -4.455960367289173
3.461 -10.950030537784023 -4.454146383944692
3.462 -10.95448377843262 -4.4523348977175425
3.463 -10.958935208868008 -4.450525957228019
3.464 -10.963384831660344 -4.448719611308759
3.465 -10.967832649428717 -4.446915908998813
3.466 -10.972278664841358 -4.445114899545553
3.467 -10.976722880615855 -4.443316632399352
3.468 -10.981165299519338 -4.441521157215668
3.469 -10.9856059243687 -4.439728523848895
3.47 -10.990044758030788 -4.437938782354795
3.471 -10.994481803422598 -4.436151982984786
3.472 -10.998917063511481 -4.434368176186919
3.473 -11.003350541315328 -4.43258741260177
3.474 -11.00778223990277 -4.430809743061479
3.475 -11.012212162393363 -4.429035218588014
3.476 -11.016640311957778 -4.427263890388987
3.477 -11.021066691817987 -4.42549580985895
3.478 -11.025491305247447 -4.423731028572721
3.479 -11.029914155571282 -4.421969598288642
3.48 -11.03433524616646 -4.420211570939128
3.481 -11.038754580461976 -4.4184569986374616
3.482 -11.043172161939015 -4.416705933664527
3.483 -11.047587994131137 -4.4149584284785846
3.484 -11.052002080624439 -4.41321453569959
3.485 -11.056414425057724 -4.411474308120491
3.486 -11.06082503112267 -4.409737798690834
3.487 -11.065233902563982 -4.408005060527582
3.488 -11.069641043179564 -4.406276146899603
3.489 -11.074046456820666 -4.404551111237172
3.49 -11.078450147392042 -4.40283000711807
3.491 -11.082852118852102 -4.40111288827472
3.492 -11.087252375213062 -4.399399808582441
3.493 -11.091650920541083 -4.397690822065066
3.494 -11.096047758956423 -4.395985982883681
3.495 -11.10044289463357 -4.39428534534166
3.496 -11.10483633180138 -4.392588963874788
3.497 -11.109228074743214 -4.390896893053203
3.498 -11.113618127797068 -4.389209187575217
3.499 -11.118006495355697 -4.387525902265923
3.5 -11.122393181866745 -4.385847092073453
3.501 -11.126778191832862 -4.3841728120647465
3.5020000000000002 -11.131161529811827 -4.382503117425002
3.503 -11.135543200416654 -4.380838063450408
3.504 -11.139923208315714 -4.3791777055490595
3.505 -11.144301558232836 -4.3775220992336905
3.5060000000000002 -11.148678254947416 -4.375871300121379
3.507 -11.153053303294516 -4.374225363927209
3.508 -11.15742670816496 -4.3725843464638405
3.509 -11.161798474505431 -4.370948303634315
3.5100000000000002 -11.166168607318559 -4.369317291432091
3.511 -11.170537111663009 -4.3676913659342365
3.512 -11.174903992653565 -4.366070583299582
3.513 -11.179269255461213 -4.3644549997645665
3.5140000000000002 -11.183632905313203 -4.3628446716385545
3.515 -11.187994947493134 -4.361239655301752
3.516 -11.19235538734102 -4.3596400071982115
3.517 -11.196714230253349 -4.358045783836646
3.5180000000000002 -11.201071481683144 -4.356457041780246
3.519 -11.20542714714002 -4.3548738376492855
3.52 -11.209781232190235 -4.353296228110221
3.521 -11.21413374245674 -4.351724269878912
3.5220000000000002 -11.21848468361922 -4.350158019707617
3.523 -11.222834061414131 -4.348597534391729
3.524 -11.22718188163474 -4.347042870751875
3.525 -11.231528150131151 -4.345494085645752
3.5260000000000002 -11.235872872810335 -4.343951235945214
3.527 -11.240216055636147 -4.342414378552208
3.528 -11.244557704629349 -4.340883570373519
3.529 -11.248897825867617 -4.33935886833491
3.5300000000000002 -11.253236425485555 -4.337840329362586
3.531 -11.257573509674696 -4.336328010386363
3.532 -11.261909084683499 -4.334821968332909
3.533 -11.266243156817342 -4.33332226011939
3.5340000000000003 -11.270575732438521 -4.331828942652228
3.535 -11.274906817966224 -4.33034207281759
3.536 -11.279236419876518 -4.3288617074822495
3.537 -11.283564544702319 -4.327387903482765
3.5380000000000003 -11.287891199033368 -4.325920717625469
3.539 -11.29221638951619 -4.3244602066781646
3.54 -11.296540122854058 -4.323006427367549
3.541 -11.300862405806948 -4.321559436370644
3.5420000000000003 -11.305183245191484 -4.3201192903162475
3.543 -11.309502647880896 -4.318686045769308
3.544 -11.313820620804943 -4.317259759239106
3.545 -11.318137170949859 -4.315840487159722
3.5460000000000003 -11.322452305358278 -4.314428285898243
3.547 -11.32676603112916 -4.31302321173733
3.548 -11.33107835541771 -4.311625320880845
3.549 -11.33538928543528 -4.310234669438028
3.5500000000000003 -11.339698828449297 -4.308851313428383
3.551 -11.34400699178315 -4.307475308764657
3.552 -11.348313782816092 -4.3061067112618145
3.553 -11.35261920898313 -4.3047455766126905
3.5540000000000003 -11.35692327777491 -4.303391960404923
3.555 -11.361225996737602 -4.302045918091309
3.556 -11.365527373472764 -4.3007075050064545
3.557 -11.369827415637221 -4.299376776342455
3.5580000000000003 -11.374126130942924 -4.298053787156723
3.559 -11.378423527156805 -4.296738592358548
3.56 -11.382719612100628 -4.295431246703959
3.561 -11.387014393650837 -4.294131804796391
3.5620000000000003 -11.391307879738395 -4.2928403210669215
3.563 -11.395600078348618 -4.291556849789066
3.564 -11.399890997520998 -4.2902814450458395
3.565 -11.404180645349028 -4.289014160755797
3.5660000000000003 -11.408469029980015 -4.2877550506306195
3.567 -11.412756159614894 -4.286504168208712
3.568 -11.417042042508024 -4.285261566807014
3.569 -11.421326686966992 -4.2840272995579385
3.5700000000000003 -11.425610101352401 -4.282801419359884
3.571 -11.42989229407765 -4.281583978914158
3.572 -11.434173273608717 -4.280375030676218
3.573 -11.438453048463934 -4.279174626889314
3.5740000000000003 -11.442731627213744 -4.277982819542169
3.575 -11.447009018480466 -4.276799660395812
3.576 -11.451285230938048 -4.275625200943299
3.577 -11.45556027331181 -4.274459492440637
3.5780000000000003 -11.45983415437819 -4.273302585859097
3.579 -11.464106882964465 -4.272154531922816
3.58 -11.468378467948494 -4.271015381055912
3.581 -11.472648918258427 -4.269885183424443
3.5820000000000003 -11.476918242872426 -4.268763988879809
3.583 -11.481186450818365 -4.26765184700243
3.584 -11.48545355117354 -4.266548807046329
3.585 -11.489719553064354 -4.265454917977645
3.586 -11.493984465666008 -4.264370228428196
3.587 -11.498248298202185 -4.263294786723669
3.588 -11.502511059944716 -4.26222864084468
3.589 -11.506772760213257 -4.261171838450947
3.59 -11.511033408374946 -4.260124426845322
3.591 -11.515293013844051 -4.259086452993692
3.592 -11.519551586081624 -4.25805796349515
3.593 -11.52380913459514 -4.25703900459374
3.594 -11.528065668938128 -4.256029622156381
3.595 -11.532321198709798 -4.255029861681186
3.596 -11.536575733554667 -4.254039768273579
3.597 -11.54082928316216 -4.25305938665773
3.598 -11.54508185726623 -4.252088761150855
3.599 -11.549333465644942 -4.251127935676058
3.6 -11.553584118120082 -4.2501769537345275
3.601 -11.557833824556724 -4.249235858420445
3.602 -11.562082594862828 -4.248304692391801
3.603 -11.566330438988794 -4.247383497884816
3.604 -11.570577366927036 -4.246472316688857
3.605 -11.57482338871154 -4.245571190152306
3.606 -11.579068514417408 -4.244680159169246
3.607 -11.583312754160412 -4.243799264172442
3.608 -11.587556118096519 -4.242928545131345
3.609 -11.59179861642143 -4.242068041538353
3.61 -11.596040259370099 -4.241217792407382
3.611 -11.600281057216248 -4.240377836264447
3.612 -11.604521020271882 -4.239548211138325
3.613 -11.60876015888678 -4.238728954563415
3.614 -11.612998483447997 -4.237920103553648
3.615 -11.61723600437936 -4.237121694623324
3.616 -11.621472732140926 -4.2363337637456615
3.617 -11.625708677228484 -4.235556346387375
3.618 -11.629943850173001 -4.234789477449261
3.619 -11.634178261540093 -4.234033191327017
3.62 -11.638411921929475 -4.2332875218208015
3.621 -11.642644841974407 -4.232552502223875
3.622 -11.646877032341136 -4.231828165213089
3.623 -11.651108503728326 -4.231114542948231
3.624 -11.655339266866484 -4.23041166695744
3.625 -11.659569332517382 -4.229719568238113
3.626 -11.663798711473465 -4.229038277142464
3.6270000000000002 -11.66802741455726 -4.228367823478262
3.628 -11.67225545262077 -4.227708236395013
3.629 -11.676482836544869 -4.22705954448466
3.63 -11.680709577238689 -4.226421775663473
3.6310000000000002 -11.684935685638994 -4.225794957283188
3.632 -11.689161172709548 -4.225179116000764
3.633 -11.69338604944049 -4.224574277897683
3.634 -11.69761032684768 -4.223980468347414
3.6350000000000002 -11.701834015972066 -4.223397712133462
3.636 -11.70605712787901 -4.222826033320376
3.637 -11.710279673657643 -4.222265455365379
3.638 -11.714501664420183 -4.221716000997585
3.6390000000000002 -11.718723111301273 -4.2211776923268465
3.64 -11.722944025457284 -4.220650550714713
3.641 -11.727164418065644 -4.22013459689813
3.642 -11.731384300324134 -4.219629850850405
3.6430000000000002 -11.735603683450185 -4.219136331904786
3.644 -11.73982257868018 -4.218654058623598
3.645 -11.744040997268732 -4.218183048909912
3.646 -11.748258950487969 -4.217723319890897
3.6470000000000002 -11.752476449626808 -4.21727488801274
3.648 -11.756693505990222 -4.216837768944859
3.649 -11.7609101308985 -4.216411977650179
3.65 -11.765126335686507 -4.215997528316727
3.6510000000000002 -11.769342131702928 -4.21559443439874
3.652 -11.77355753030952 -4.215202708582475
3.653 -11.77777254288034 -4.214822362783402
3.654 -11.781987180800986 -4.214453408166585
3.6550000000000002 -11.786201455467815 -4.214095855087874
3.656 -11.79041537828717 -4.213749713158415
3.657 -11.794628960674588 -4.213414991163708
3.658 -11.798842214054014 -4.213091697128755
3.6590000000000003 -11.803055149857004 -4.212779838248169
3.66 -11.80726777952192 -4.212479420942085
3.661 -11.811480114493124 -4.212190450788278
3.662 -11.81569216622016 -4.211912932582478
3.6630000000000003 -11.819903946156945 -4.2116468702624505
3.664 -11.824115465760936 -4.211392266978352
3.665 -11.828326736492306 -4.2111491250083155
3.666 -11.832537769813108 -4.210917445834426
3.6670000000000003 -11.836748577186434 -4.21069723005761
3.668 -11.840959170075575 -4.210488477464468
3.669 -11.845169559943168 -4.210291186968306
3.67 -11.849379758250336 -4.210105356633642
3.6710000000000003 -11.853589776455847 -4.209930983670861
3.672 -11.857799626015227 -4.2097680643997935
3.673 -11.862009318379913 -4.20961659431025
3.674 -11.866218864996364 -4.209476567962511
3.6750000000000003 -11.870428277305189 -4.209347979099971
3.676 -11.874637566740267 -4.209230820517165
3.677 -11.87884674472786 -4.209125084178004
3.678 -11.883055822685717 -4.209030761109843
3.6790000000000003 -11.887264812022192 -4.2089478414710095
3.68 -11.891473724135329 -4.208876314503854
3.681 -11.895682570411969 -4.2088161685533185
3.682 -11.899891362226846 -4.208767391054212
3.6830000000000003 -11.904100110941664 -4.208729968523419
3.684 -11.908308827904198 -4.208703886575342
3.685 -11.912517524447365 -4.208689129883845
3.686 -11.916726211888305 -4.20868568222503
3.6870000000000003 -11.92093490152746 -4.2086935264213405
3.688 -11.92514360464764 -4.20871264439387
3.689 -11.9293523325131 -4.208743017098623
3.69 -11.933561096368596 -4.208784624591445
3.6910000000000003 -11.937769907438453 -4.208837445950712
3.692 -11.941978776925621 -4.208901459353043
3.693 -11.946187716010737 -4.208976641986949
3.694 -11.950396735851172 -4.20906297013953
3.6950000000000003 -11.954605847580083 -4.209160419099746
3.696 -11.958815062305472 -4.2092689632532165
3.697 -11.963024391109219 -4.209388575979633
3.698 -11.96723384504613 -4.209519229753781
3.6990000000000003 -11.97144343514298 -4.209660896039332
3.7 -11.975653172397555 -4.209813545386799
3.701 -11.979863067777686 -4.20997714734053
3.702 -11.984073132220283 -4.2101516705155735
3.7030000000000003 -11.988283376630374 -4.210337082531197
3.704 -11.992493811880134 -4.2105333500596105
3.705 -11.996704448807916 -4.210740438789358
3.706 -12.000915298217281 -4.2109583134434985
3.7070000000000003 -12.005126370876024 -4.211186937774642
3.708 -12.009337677515205 -4.211426274549302
3.709 -12.013549228828172 -4.211676285583942
3.71 -12.017761035469581 -4.211936931681311
3.7110000000000003 -12.021973108054432 -4.212208172717539
3.712 -12.026185457157082 -4.212489967534377
3.713 -12.030398093310268 -4.212782274054208
3.714 -12.034611027004138 -4.213085049170169
3.715 -12.03882426868526 -4.21339824883365
3.716 -12.043037828755658 -4.213721827998942
3.717 -12.047251717571816 -4.214055740644744
3.718 -12.05146594544372 -4.214399939778644
3.719 -12.05568052263386 -4.214754377419004
3.72 -12.059895459356268 -4.215119004615471
3.721 -12.064110765775528 -4.215493771435193
3.722 -12.068326452005808 -4.215878626971967
3.723 -12.072542528109878 -4.216273519337799
3.724 -12.076759004098138 -4.216678395680985
3.725 -12.08097588992764 -4.217093202157924
3.726 -12.085193195501118 -4.217517883973819
3.727 -12.089410930666014 -4.217952385337443
3.728 -12.093629105213504 -4.218396649515244
3.729 -12.097847728877532 -4.218850618773498
3.73 -12.102066811333843 -4.2193142344452435
3.731 -12.106286362199013 -4.219787436860199
3.732 -12.110506391029485 -4.220270165427948
3.733 -12.11472690732061 -4.220762358548538
3.734 -12.118947920505684 -4.221263953712328
3.735 -12.123169439954989 -4.221774887405023
3.736 -12.12739147497484 -4.222295095202234
3.737 -12.131614034806626 -4.222824511685357
3.738 -12.135837128625873 -4.223363070531852
3.739 -12.140060765541275 -4.223910704417237
3.74 -12.144284954593772 -4.224467345146618
3.741 -12.148509704755593 -4.225032923492402
3.742 -12.152735024929324 -4.225607369397945
3.743 -12.156960923946967 -4.22619061175988
3.744 -12.161187410569015 -4.226782578655056
3.745 -12.165414493483523 -4.22738319713068
3.746 -12.169642181305178 -4.227992393407384
3.747 -12.173870482574385 -4.228610092700268
3.748 -12.178099405756349 -4.229236219386431
3.749 -12.182328959240158 -4.229870696867589
3.75 -12.186559151337882 -4.230513447695257
3.751 -12.190789990283664 -4.231164393474465
3.7520000000000002 -12.195021484232827 -4.231823454946152
3.753 -12.199253641260972 -4.232490551937681
3.754 -12.203486469363098 -4.233165603407983
3.755 -12.207719976452706 -4.233848527410554
3.7560000000000002 -12.211954170360931 -4.234539241152396
3.757 -12.21618905883566 -4.23523766093957
3.758 -12.220424649540666 -4.235943702229728
3.759 -12.22466095005475 -4.236657279621344
3.7600000000000002 -12.22889796787087 -4.237378306838943
3.761 -12.233135710395304 -4.238106696791138
3.762 -12.237374184946797 -4.238842361498676
3.763 -12.241613398755721 -4.239585212205289
3.7640000000000002 -12.245853358963242 -4.240335159246547
3.765 -12.250094072620495 -4.241092112229167
3.766 -12.25433554668776 -4.241855979835061
3.767 -12.258577788033646 -4.242626670044892
3.7680000000000002 -12.262820803434293 -4.243404089930615
3.769 -12.267064599572558 -4.244188145861676
3.77 -12.271309183037232 -4.244978743333611
3.771 -12.275554560322247 -4.245775787131965
3.7720000000000002 -12.279800737825896 -4.246579181201037
3.773 -12.284047721850069 -4.247388828776504
3.774 -12.288295518599478 -4.248204632275786
3.775 -12.292544134180904 -4.249026493419715
3.7760000000000002 -12.29679357460245 -4.249854313127696
3.777 -12.301043845772794 -4.250687991634571
3.778 -12.30529495350046 -4.251527428396157
3.779 -12.309546903493093 -4.252372522191086
3.7800000000000002 -12.313799701356734 -4.253223171045548
3.781 -12.31805335259512 -4.25407927231538
3.782 -12.322307862608978 -4.254940722630556
3.783 -12.326563236695334 -4.255807417955051
3.7840000000000003 -12.33081948004683 -4.256679253559427
3.785 -12.335076597751051 -4.25755612405308
3.786 -12.33933459478985 -4.2584379233773895
3.787 -12.343593476038707 -4.259324544827737
3.7880000000000003 -12.347853246266068 -4.260215881046914
3.789 -12.35211391013271 -4.261111824059332
3.79 -12.356375472191113 -4.262012265241882
3.791 -12.360637936884842 -4.262917095385816
3.7920000000000003 -12.364901308547932 -4.263826204643766
3.793 -12.36916559140429 -4.264739482605465
3.794 -12.373430789567106 -4.265656818244868
3.795 -12.377696907038267 -4.266578099987449
3.7960000000000003 -12.38196394770779 -4.267503215663974
3.797 -12.38623191535326 -4.268432052578714
3.798 -12.39050081363928 -4.269364497462206
3.799 -12.394770646116926 -4.270300436534179
3.8000000000000003 -12.399041416223222 -4.2712397554669055
3.801 -12.403313127280613 -4.272182339439963
3.802 -12.407585782496467 -4.273128073103702
3.803 -12.411859384962565 -4.274076840644212
3.8040000000000003 -12.416133937654617 -4.275028525730294
3.805 -12.420409443431788 -4.275983011601045
3.806 -12.424685905036222 -4.276940180983392
3.807 -12.428963325092598 -4.2778999162126246
3.8080000000000003 -12.433241706107676 -4.2788620991190065
3.809 -12.43752105046987 -4.279826611177035
3.81 -12.441801360448821 -4.2807933333690915
3.811 -12.446082638194989 -4.281762146349204
3.8120000000000003 -12.450364885739251 -4.282732930297789
3.813 -12.454648104992517 -4.283705565095318
3.814 -12.458932297745342 -4.284679930163878
3.815 -12.463217465667576 -4.285655904659079
3.8160000000000003 -12.467503610307999 -4.286633367289323
3.817 -12.47179073309398 -4.287612196529122
3.818 -12.476078835331155 -4.288592270428434
3.819 -12.480367918203095 -4.289573466815717
3.8200000000000003 -12.484657982771012 -4.290555663140727
3.821 -12.488949029973456 -4.291538736627057
3.822 -12.493241060626035 -4.292522564171047
3.823 -12.497534075421143 -4.2935070224471845
3.8240000000000003 -12.501828074927703 -4.294491987838251
3.825 -12.506123059590916 -4.295477336519574
3.826 -12.510419029732033 -4.296462944412736
3.827 -12.514715985548126 -4.297448687238427
3.8280000000000003 -12.51901392711188 -4.29843444050682
3.829 -12.523312854371401 -4.29942007953805
3.83 -12.527612767150018 -4.300405479468491
3.831 -12.53191366514612 -4.30139051528378
3.8320000000000003 -12.53621554793299 -4.3023750617773615
3.833 -12.540518414958663 -4.3033589936623144
3.834 -12.544822265545779 -4.304342185439787
3.835 -12.549127098891471 -4.30532451158707
3.8360000000000003 -12.553432914067246 -4.306305846381258
3.837 -12.557739710018888 -4.307286064099124
3.838 -12.562047485566376 -4.308265038851311
3.839 -12.566356239403806 -4.309242644759726
3.84 -12.570665970099332 -4.31021875582331
3.841 -12.574976676095119 -4.311193246058993
3.842 -12.579288355707305 -4.312165989399167
3.843 -12.583601007125978 -4.313136859811024
3.844 -12.587914628415168 -4.314105731215479
3.845 -12.592229217512848 -4.315072477564415
3.846 -12.59654477223095 -4.3160369728363435
3.847 -12.600861290255384 -4.316999091007643
3.848 -12.605178769146095 -4.317958706165138
3.849 -12.6094972063371 -4.318915692372615
3.85 -12.613816599136559 -4.319869923851547
3.851 -12.618136944726857 -4.320821274827073
3.852 -12.622458240164688 -4.321769619694064
3.853 -12.626780482381164 -4.32271483289147
3.854 -12.631103668181929 -4.3236567890415705
3.855 -12.63542779424728 -4.3245953628389175
3.856 -12.63975285713232 -4.325530429193464
3.857 -12.644078853267105 -4.326461863099097
3.858 -12.648405778956812 -4.3273895398045115
3.859 -12.652733630381912 -4.328313334654873
3.86 -12.657062403598369 -4.329233123286382
3.861 -12.661392094537836 -4.330148781444753
3.862 -12.665722699007882 -4.331060185203215
3.863 -12.6700542126922 -4.331967210759209
3.864 -12.674386631150874 -4.332869734669749
3.865 -12.678719949820605 -4.333767633636545
3.866 -12.683054164014996 -4.33466078474754
3.867 -12.687389268924818 -4.3355490652570925
3.868 -12.691725259618305 -4.336432352831229
3.869 -12.696062131041453 -4.337310525333094
3.87 -12.700399878018334 -4.338183461046304
3.871 -12.704738495251421 -4.339051038493961
3.872 -12.709077977321925 -4.339913136627845
3.873 -12.713418318690149 -4.3407696346771205
3.874 -12.71775951369584 -4.34162041230758
3.875 -12.722101556558576 -4.342465349501677
3.876 -12.726444441378135 -4.343304326690903
3.8770000000000002 -12.730788162134901 -4.3441372246537915
3.878 -12.735132712690275 -4.344963924634193
3.879 -12.739478086787082 -4.345784308254693
3.88 -12.743824278050017 -4.346598257615678
3.8810000000000002 -12.748171279986078 -4.347405655230789
3.882 -12.752519085985021 -4.348206384101405
3.883 -12.756867689319831 -4.3490003276831155
3.884 -12.761217083147189 -4.349787369912432
3.8850000000000002 -12.765567260507968 -4.350567395237909
3.886 -12.769918214327726 -4.351340288581249
3.887 -12.77426993741722 -4.35210593541353
3.888 -12.778622422472923 -4.352864221698748
3.8890000000000002 -12.782975662077552 -4.353615033965368
3.89 -12.787329648700618 -4.354358259269169
3.891 -12.79168437469897 -4.355093785231843
3.892 -12.79603983231737 -4.355821500049228
3.8930000000000002 -12.800396013689044 -4.356541292472368
3.894 -12.804752910836296 -4.357253051883294
3.895 -12.809110515671074 -4.357956668203326
3.896 -12.813468819995594 -4.358652032039089
3.8970000000000002 -12.817827815502937 -4.359339034523541
3.898 -12.822187493777692 -4.360017567525544
3.899 -12.826547846296572 -4.360687523437385
3.9 -12.83090886442907 -4.3613487954183405
3.9010000000000002 -12.835270539438104 -4.36200127716678
3.902 -12.83963286248069 -4.362644863166727
3.903 -12.843995824608598 -4.363279448462606
3.904 -12.848359416769053 -4.363904928900144
3.9050000000000002 -12.85272362980541 -4.364521200905379
3.906 -12.857088454457864 -4.365128161723498
3.907 -12.86145388136415 -4.365725709202395
3.908 -12.865819901060272 -4.366313742012179
3.9090000000000003 -12.870186503981214 -4.366892159467954
3.91 -12.874553680461691 -4.367460861696931
3.911 -12.878921420736885 -4.368019749511591
3.912 -12.883289714943194 -4.3685687245319205
3.9130000000000003 -12.887658553119001 -4.369107689108425
3.914 -12.892027925205431 -4.369636546373814
3.915 -12.89639782104714 -4.3701552002574395
3.916 -12.900768230393089 -4.370663555440341
3.9170000000000003 -12.905139142897342 -4.371161517450521
3.918 -12.909510548119867 -4.371648992555484
3.919 -12.913882435527336 -4.372125887911863
3.92 -12.918254794493947 -4.372592111408177
3.9210000000000003 -12.922627614302247 -4.373047571846279
3.922 -12.92700088414395 -4.373492178776412
3.923 -12.931374593120792 -4.373925842668043
3.924 -12.935748730245352 -4.374348474765359
3.9250000000000003 -12.940123284441926 -4.37475998722848
3.926 -12.94449824454736 -4.375160293023595
3.927 -12.948873599311929 -4.375549306031824
3.928 -12.953249337400205 -4.375926940959223
3.9290000000000003 -12.957625447391925 -4.376293113438574
3.93 -12.962001917782878 -4.376647739941681
3.931 -12.966378736985796 -4.376990737871008
3.932 -12.970755893331239 -4.377322025496703
3.9330000000000003 -12.9751333750685 -4.377641522003993
3.934 -12.979511170366512 -4.3779491474904155
3.935 -12.983889267314753 -4.378244822944174
3.936 -12.988267653924165 -4.378528470310994
3.9370000000000003 -12.992646318128068 -4.3788000124056685
3.938 -12.997025247783101 -4.379059373036563
3.939 -13.001404430670135 -4.379306476870538
3.94 -13.00578385449522 -4.379541249595783
3.9410000000000003 -13.01016350689052 -4.379763617748613
3.942 -13.014543375415256 -4.379973508916387
3.943 -13.01892344755666 -4.380170851523307
3.944 -13.023303710730923 -4.38035557507048
3.9450000000000003 -13.027684152284156 -4.380527609887505
3.946 -13.032064759493347 -4.380686887406
3.947 -13.036445519567323 -4.380833339875526
3.948 -13.040826419647725 -4.380966900668923
3.9490000000000003 -13.045207446809979 -4.381087503980304
3.95 -13.049588588064262 -4.381195085123998
3.951 -13.05396983035649 -4.381289580262614
3.952 -13.058351160569293 -4.38137092665747
3.9530000000000003 -13.062732565523001 -4.38143906245502
3.954 -13.067114031976631 -4.381493926874381
3.955 -13.07149554662888 -4.381535460054212
3.956 -13.075877096119102 -4.381563603185536
3.9570000000000003 -13.080258667028323 -4.381578298405939
3.958 -13.084640245880221 -4.381579488888795
3.959 -13.089021819142134 -4.381567118777199
3.96 -13.093403373226053 -4.381541133236211
3.9610000000000003 -13.09778489448963 -4.381501478421828
3.962 -13.102166369237176 -4.381448101499924
3.963 -13.106547783720671 -4.3813809506395165
3.964 -13.110929124140773 -4.381299975018942
3.9650000000000003 -13.11531037664781 -4.3812051248211565
3.966 -13.119691527342813 -4.381096351247549
3.967 -13.124072562278503 -4.38097360649049
3.968 -13.128453467460318 -4.380836843781725
3.969 -13.132834228847413 -4.380686017333199
3.97 -13.13721483235368 -4.380521082396813
3.971 -13.141595263848751 -4.380341995213247
3.972 -13.145975509159024 -4.380148713057389
3.973 -13.150355554068659 -4.379941194193176
3.974 -13.154735384320603 -4.379719397925085
3.975 -13.159114985617597 -4.379483284535466
3.976 -13.163494343623192 -4.379232815359518
3.977 -13.167873443962751 -4.378967952697415
3.978 -13.172252272224474 -4.378688659912842
3.979 -13.176630813960399 -4.378394901319073
3.98 -13.181009054687417 -4.378086642306575
3.981 -13.185386979888273 -4.377763849202531
3.982 -13.189764575012584 -4.377426489413849
3.983 -13.194141825477837 -4.377074531281329
3.984 -13.198518716670401 -4.376707944221028
3.985 -13.202895233946526 -4.37632669858397
3.986 -13.207271362633346 -4.375930765787251
3.987 -13.211647088029887 -4.375520118190008
3.988 -13.21602239540805 -4.375094729195624
3.989 -13.220397270013628 -4.374654573172429
3.99 -13.22477169706728 -4.374199625498655
3.991 -13.229145661765546 -4.373729862539531
3.992 -13.233519149281816 -4.373245261647895
3.993 -13.237892144767338 -4.372745801169539
3.994 -13.242264633352184 -4.372231460423625
3.995 -13.24663660014625 -4.371702219727822
3.996 -13.251008030240225 -4.371158060358134
3.997 -13.255378908706579 -4.370598964588809
3.998 -13.259749220600524 -4.370024915642382
3.999 -13.264118950960997 -4.369435897741994
4.0 -13.268488084811624 -4.368831896039329
4.001 -13.272856607161685 -4.368212896693278
4.002 -13.277224503007076 -4.367578886776657
4.003 -13.281591757331267 -4.3669298543631125
4.0040000000000004 -13.285958355106256 -4.366265788440159
4.005 -13.29032428129352 -4.365586678975087
4.006 -13.294689520844967 -4.364892516857709
4.007 -13.29905405870387 -4.364183293935033
4.008 -13.303417879805814 -4.363459002980434
4.009 -13.307780969079625 -4.362719637707691
4.01 -13.312143311448308 -4.36196519275365
4.011 -13.316504891829966 -4.361195663683907
4.0120000000000005 -13.320865695138728 -4.360411046982632
4.013 -13.325225706285666 -4.359611340047379
4.014 -13.329584910179703 -4.358796541190019
4.015 -13.333943291728529 -4.357966649627867
4.016 -13.3383008358395 -4.357121665475262
4.017 -13.342657527420535 -4.356261589752625
4.018 -13.347013351381019 -4.355386424358343
4.019 -13.351368292632683 -4.354496172093032
4.0200000000000005 -13.355722336090492 -4.353590836622952
4.021 -13.360075466673523 -4.352670422505093
4.022 -13.364427669305838 -4.351734935154302
4.023 -13.368778928917353 -4.35078438086318
4.024 -13.373129230444698 -4.349818766771938
4.025 -13.377478558832081 -4.34883810088828
4.026 -13.381826899032136 -4.3478423920557745
4.027 -13.386174236006765 -4.346831649974207
4.0280000000000005 -13.390520554727983 -4.345805885168899
4.029 -13.394865840178754 -4.344765109007277
4.03 -13.399210077353816 -4.34370933367425
4.031 -13.403553251260506 -4.3426385721818495
4.032 -13.407895346919577 -4.341552838348423
4.033 -13.412236349366008 -4.340452146808864
4.034 -13.416576243649809 -4.339336512991445
4.035 -13.42091501483682 -4.338205953126763
4.0360000000000005 -13.425252648009504 -4.337060484228026
4.037 -13.42958912826773 -4.335900124100109
4.038 -13.433924440729557 -4.334724891312883
4.039 -13.438258570532003 -4.3335348052199345
4.04 -13.442591502831817 -4.3323298859242465
4.041 -13.446923222806237 -4.331110154299561
4.042 -13.451253715653744 -4.329875631958238
4.043 -13.455582966594802 -4.328626341265886
4.0440000000000005 -13.459910960872612 -4.327362305319267
4.045 -13.464237683753838 -4.326083547947475
4.046 -13.468563120529335 -4.3247900937069055
4.047 -13.472887256514866 -4.323481967860617
4.048 -13.477210077051826 -4.322159196398669
4.049 -13.481531567507933 -4.3208218059903185
4.05 -13.485851713277942 -4.3194698240326295
4.051 -13.490170499784329 -4.318103278572357
4.0520000000000005 -13.494487912477982 -4.316722198383713
4.053 -13.498803936838874 -4.315326612868043
4.054 -13.50311855837674 -4.313916552142331
4.055 -13.507431762631736 -4.31249204693915
4.056 -13.511743535175102 -4.3110531286871
4.057 -13.516053861609809 -4.3095998294207805
4.058 -13.520362727571202 -4.308132181854538
4.059 -13.524670118727634 -4.306650219293483
4.0600000000000005 -13.5289760207811 -4.305153975710025
4.061 -13.533280419467852 -4.303643485650914
4.062 -13.537583300559016 -4.302118784314994
4.063 -13.541884649861197 -4.300579907465189
4.064 -13.546184453217082 -4.2990268914953
4.065 -13.550482696506025 -4.297459773354358
4.066 -13.55477936564464 -4.295878590602665
4.067 -13.559074446587367 -4.2942833813462045
4.0680000000000005 -13.563367925327055 -4.292674184281233
4.069 -13.567659787895511 -4.291051038639647
4.07 -13.571950020364065 -4.289413984228599
4.071 -13.57623860884411 -4.287763061369957
4.072 -13.580525539487644 -4.286098310955676
4.073 -13.584810798487807 -4.284419774368368
4.074 -13.589094372079396 -4.282727493550781
4.075 -13.593376246539394 -4.281021510921518
4.0760000000000005 -13.59765640818747 -4.279301869438592
4.077 -13.601934843386484 -4.27756861253126
4.078 -13.606211538542986 -4.27582178414104
4.079 -13.610486480107697 -4.274061428675758
4.08 -13.614759654575995 -4.27228759103357
4.081 -13.61903104848838 -4.270500316569651
4.082 -13.623300648430943 -4.268699651107544
4.083 -13.627568441035827 -4.266885640921072
4.0840000000000005 -13.631834412981666 -4.265058332729078
4.085 -13.636098550994037 -4.263217773692953
4.086 -13.640360841845888 -4.261364011398291
4.087 -13.644621272357973 -4.259497093861877
4.088 -13.648879829399265 -4.257617069508425
4.089 -13.653136499887365 -4.255723987178573
4.09 -13.657391270788917 -4.253817896108429
4.091 -13.661644129119999 -4.251898845929111
4.0920000000000005 -13.665895061946511 -4.249966886660472
4.093 -13.670144056384563 -4.248022068695388
4.094 -13.674391099600845 -4.24606444280531
4.095 -13.678636178812994 -4.244094060117352
4.096 -13.682879281289962 -4.242110972123194
4.097 -13.687120394352359 -4.240115230655227
4.098 -13.691359505372805 -4.2381068878973895
4.099 -13.695596601776263 -4.236085996355549
4.1 -13.699831671040375 -4.234052608878859
4.101 -13.704064700695783 -4.232006778614933
4.102 -13.708295678326442 -4.229948559051458
4.103 -13.712524591569935 -4.227878003947869
4.104 -13.716751428117767 -4.225795167400264
4.105 -13.720976175715672 -4.22370010375349
4.106 -13.725198822163886 -4.221592867679556
4.107 -13.729419355317434 -4.219473514084924
4.108 -13.733637763086406 -4.217342098184804
4.109 -13.737854033436218 -4.215198675420585
4.11 -13.742068154387871 -4.2130433015220765
4.111 -13.746280114018205 -4.210876032437534
4.112 -13.750489900460144 -4.208696924383665
4.113 -13.75469750190293 -4.206506033786388
4.114 -13.758902906592363 -4.204303417321409
4.115 -13.76310610283101 -4.202089131867107
4.116 -13.767307078978437 -4.199863234527889
4.117 -13.77150582345141 -4.197625782607085
4.118 -13.775702324724104 -4.19537683361321
4.119 -13.779896571328294 -4.193116445243425
4.12 -13.78408855185355 -4.19084467538697
4.121 -13.788278254947418 -4.188561582105846
4.122 -13.792465669315593 -4.186267223643266
4.123 -13.796650783722097 -4.183961658400966
4.124 -13.800833586989432 -4.181644944947136
4.125 -13.805014067998748 -4.179317141999501
4.126 -13.809192215689986 -4.176978308423608
4.127 -13.81336801906202 -4.174628503227207
4.128 -13.817541467172799 -4.1722677855483985
4.1290000000000004 -13.821712549139475 -4.1698962146574425
4.13 -13.825881254138531 -4.167513849941782
4.131 -13.830047571405895 -4.16512075090664
4.132 -13.834211490237056 -4.162716977164935
4.133 -13.838372999987163 -4.160302588431646
4.134 -13.842532090071133 -4.157877644519867
4.135 -13.846688749963738 -4.155442205330304
4.136 -13.850842969199693 -4.152996330850968
4.1370000000000005 -13.85499473737374 -4.150540081144954
4.138 -13.859144044140724 -4.14807351635017
4.139 -13.863290879215656 -4.145596696668493
4.14 -13.86743523237378 -4.1431096823640665
4.141 -13.87157709345063 -4.140612533753811
4.142 -13.87571645234209 -4.138105311204617
4.143 -13.879853299004422 -4.135588075125552
4.144 -13.88398762345432 -4.133060885962848
4.1450000000000005 -13.888119415768939 -4.130523804195519
4.146 -13.892248666085925 -4.1279768903258125
4.147 -13.89637536460344 -4.125420204879932
4.148 -13.900499501580176 -4.122853808395394
4.149 -13.904621067335372 -4.120277761421624
4.15 -13.908740052248811 -4.117692124510993
4.151 -13.912856446760836 -4.115096958214432
4.152 -13.91697024137233 -4.112492323076253
4.1530000000000005 -13.921081426644717 -4.1098782796292275
4.154 -13.925189993199947 -4.107254888387738
4.155 -13.929295931720471 -4.104622209845706
4.156 -13.933399232949222 -4.101980304466847
4.157 -13.93749988768958 -4.099329232685872
4.158 -13.941597886805338 -4.096669054895607
4.159 -13.945693221220665 -4.093999831450883
4.16 -13.949785881920057 -4.09132162265527
4.1610000000000005 -13.95387585994829 -4.088634488762313
4.162 -13.957963146410368 -4.085938489967579
4.163 -13.96204773247145 -4.083233686404421
4.164 -13.966129609356807 -4.080520138141516
4.165 -13.97020876835173 -4.077797905172076
4.166 -13.974285200801479 -4.075067047420265
4.167 -13.978358898111185 -4.072327624720564
4.168 -13.982429851745785 -4.069579696834007
4.1690000000000005 -13.986498053229916 -4.06682332341907
4.17 -13.99056349414784 -4.064058564054987
4.171 -13.994626166143345 -4.061285478207558
4.172 -13.998686060919633 -4.058504125255884
4.173 -14.002743170239228 -4.055714564457072
4.174 -14.006797485923862 -4.05291685497198
4.175 -14.010848999854367 -4.050111055832919
4.176 -14.01489770397055 -4.04729722596593
4.1770000000000005 -14.01894359027108 -4.044475424162198
4.178 -14.022986650813356 -4.041645709096527
4.179 -14.027026877713382 -4.038808139303442
4.18 -14.031064263145636 -4.035962773190816
4.181 -14.035098799342927 -4.033109669020247
4.182 -14.039130478596263 -4.030248884918831
4.183 -14.043159293254696 -4.027380478858895
4.184 -14.047185235725186 -4.024504508672178
4.1850000000000005 -14.051208298472437 -4.021621032027838
4.186 -14.055228474018753 -4.018730106446611
4.187 -14.059245754943872 -4.015831789280919
4.188 -14.063260133884809 -4.012926137726724
4.189 -14.067271603535682 -4.010013208805252
4.19 -14.071280156647555 -4.007093059374318
4.191 -14.075285786028255 -4.00416574611054
4.192 -14.079288484542202 -4.001231325520561
4.1930000000000005 -14.083288245110229 -3.9982898539228997
4.194 -14.0872850607094 -3.995341387460687
4.195 -14.091278924372821 -3.9923859820815206
4.196 -14.09526982918946 -3.9894236935525584
4.197 -14.099257768303948 -3.9864545774383955
4.198 -14.10324273491639 -3.983478689118129
4.199 -14.107224722282165 -3.9804960837616155
4.2 -14.111203723711723 -3.9775068163481206
4.2010000000000005 -14.115179732570391 -3.974510941641794
4.202 -14.119152742278159 -3.971508514210103
4.203 -14.123122746309473 -3.9684995884013863
4.204 -14.127089738193028 -3.965484218359828
4.205 -14.131053711511553 -3.9624624580072845
4.206 -14.135014659901591 -3.9594343610548783
4.207 -14.138972577053284 -3.956399980987186
4.208 -14.14292745671015 -3.9533593710724277
4.2090000000000005 -14.14687929266886 -3.950312584347984
4.21 -14.15082807877901 -3.947259673629693
4.211 -14.154773808942899 -3.9442006914979673
4.212 -14.158716477115286 -3.941135690307214
4.213 -14.162656077303172 -3.9380647221718794
4.214 -14.166592603565553 -3.9349878389756068
4.215 -14.170526050013185 -3.931905092358637
4.216 -14.17445641080835 -3.9288165337251866
4.2170000000000005 -14.17838368016461 -3.9257222142327053
4.218 -14.182307852346561 -3.922622184797995
4.219 -14.186228921669597 -3.9195164960878865
4.22 -14.190146882499652 -3.916405198523607
4.221 -14.194061729252955 -3.913288342274109
4.222 -14.197973456395777 -3.910165977257386
4.223 -14.201882058444186 -3.907038153137179
4.224 -14.205787529963779 -3.903904919321458
4.225 -14.209689865569434 -3.900766324961554
4.226 -14.213589059925054 -3.897622418948769
4.227 -14.2174851077433 -3.8944732499153742
4.228 -14.221378003785336 -3.8913188662298164
4.229 -14.225267742860563 -3.8881593159988252
4.23 -14.229154319826351 -3.8849946470621934
4.231 -14.233037729587785 -3.8818249069948907
4.232 -14.236917967097384 -3.878650143102621
4.233 -14.240795027354842 -3.875470402422848
4.234 -14.244668905406755 -3.8722857317219312
4.235 -14.248539596346346 -3.869096177494596
4.236 -14.252407095313199 -3.8659017859625764
4.237 -14.256271397492984 -3.8627026030730884
4.238 -14.260132498117176 -3.8594986744985786
4.239 -14.26399039246279 -3.8562900456340152
4.24 -14.267845075852094 -3.8530767615981114
4.241 -14.27169654365233 -3.849858867229506
4.242 -14.27554479127545 -3.846636407088679
4.243 -14.279389814177819 -3.8434094254543414
4.244 -14.283231607859943 -3.8401779663246383
4.245 -14.28707016786618 -3.836942073414833
4.246 -14.290905489784468 -3.833701790157207
4.247 -14.29473756924603 -3.830457159699964
4.248 -14.298566401925099 -3.8272082249066472
4.249 -14.302391983538627 -3.823955028354899
4.25 -14.306214309846 -3.820697612336928
4.251 -14.310033376648754 -3.817436018856899
4.252 -14.313849179790283 -3.81417028963274
4.253 -14.317661715155559 -3.8109004660931123
4.2540000000000004 -14.321470978670833 -3.807626589378823
4.255 -14.32527696630336 -3.8043487003409657
4.256 -14.32907967406109 -3.801066839541137
4.257 -14.3328790979924 -3.797781047250741
4.258 -14.336675234185787 -3.7944913634504274
4.259 -14.340468078769586 -3.7911978278300715
4.26 -14.344257627911675 -3.7879004797878824
4.261 -14.348043877819185 -3.7845993584306643
4.2620000000000005 -14.351826824738207 -3.781294502572853
4.263 -14.355606464953501 -3.7779859507369897
4.264 -14.359382794788203 -3.7746737411525686
4.265 -14.36315581060353 -3.7713579117569958
4.266 -14.366925508798495 -3.7680385001938927
4.267 -14.370691885809604 -3.764715543814758
4.268 -14.374454938110567 -3.761389079676895
4.269 -14.37821466221201 -3.758059144545198
4.2700000000000005 -14.38197105466117 -3.7547257748903777
4.271 -14.385724112041615 -3.751389006890432
4.272 -14.389473830972939 -3.74804887642927
4.273 -14.393220208110478 -3.7447054190980804
4.274 -14.396963240145007 -3.7413586701938764
4.275 -14.400702923802456 -3.7380086647213044
4.276 -14.40443925584361 -3.7346554373907574
4.277 -14.40817223306382 -3.7312990226206457
4.2780000000000005 -14.411901852292706 -3.7279394545353974
4.279 -14.41562811039387 -3.724576766967583
4.28 -14.419351004264598 -3.7212109934564865
4.281 -14.423070530835568 -3.717842167249627
4.282 -14.426786687070564 -3.714470321301982
4.283 -14.430499469966174 -3.7110954882770795
4.284 -14.434208876551505 -3.7077177005466497
4.285 -14.437914903887892 -3.7043369901914103
4.2860000000000005 -14.441617549068603 -3.700953389001119
4.287 -14.445316809218554 -3.6975669284751302
4.288 -14.449012681494011 -3.6941776398225765
4.289 -14.452705163082307 -3.6907855539630976
4.29 -14.45639425120155 -3.687390701526818
4.291 -14.460079943100332 -3.683993112855377
4.292 -14.463762236057445 -3.680592818001751
4.293 -14.467441127381587 -3.6771898467314403
4.2940000000000005 -14.47111661441108 -3.673784228522305
4.295 -14.474788694513581 -3.6703759925657344
4.296 -14.478457365085792 -3.6669651677666817
4.297 -14.48212262355318 -3.6635517827446025
4.298 -14.485784467369688 -3.660135865833895
4.299 -14.489442894017454 -3.6567174450844724
4.3 -14.493097901006518 -3.6532965482626163
4.301 -14.49674948587455 -3.6498732028512872
4.3020000000000005 -14.500397646186562 -3.646447436051226
4.303 -14.504042379534619 -3.6430192747811727
4.304 -14.507683683537573 -3.6395887456790548
4.305 -14.51132155584077 -3.6361558751022596
4.306 -14.51495599411577 -3.6327206891287958
4.307 -14.518586996060078 -3.629283213557664
4.308 -14.522214559396854 -3.6258434739100065
4.309 -14.525838681874644 -3.62240149542955
4.3100000000000005 -14.529459361267097 -3.618957303083729
4.311 -14.533076595372695 -3.6155109215642556
4.312 -14.536690382014468 -3.6120623752881422
4.313 -14.540300719039733 -3.608611688398456
4.314 -14.543907604319811 -3.605158884765217
4.315 -14.547511035749755 -3.601703987986324
4.316 -14.551111011248082 -3.5982470213883566
4.317 -14.5547075287565 -3.5947880080276393
4.3180000000000005 -14.55830058623964 -3.5913269706909823
4.319 -14.561890181684785 -3.5878639318968317
4.32 -14.565476313101598 -3.584398913896021
4.321 -14.569058978521868 -3.5809319386729195
4.322 -14.57263817599923 -3.5774630279462722
4.323 -14.576213903608908 -3.5739922031702958
4.324 -14.579786159447444 -3.570519485535627
4.325 -14.583354941632445 -3.5670448959703527
4.3260000000000005 -14.586920248302311 -3.5635684551410916
4.327 -14.590482077615981 -3.5600901834539016
4.328 -14.59404042775267 -3.556610101055582
4.329 -14.597595296911612 -3.5531282278343634
4.33 -14.601146683311796 -3.5496445834214967
4.331 -14.60469458519172 -3.546159187191679
4.332 -14.608239000809123 -3.542672058264982
4.333 -14.611779928440741 -3.539183215506951
4.3340000000000005 -14.615317366382051 -3.535692677530906
4.335 -14.618851312947012 -3.5322004626977335
4.336 -14.622381766467822 -3.5287065891184977
4.337 -14.625908725294664 -3.5252110746539973
4.338 -14.62943218779546 -3.521713936917607
4.339 -14.632952152355621 -3.5182151932746915
4.34 -14.636468617377798 -3.5147148608455865
4.341 -14.63998158128164 -3.5112129565049277
4.3420000000000005 -14.643491042503555 -3.507709496884745
4.343 -14.646996999496455 -3.504204498373714
4.344 -14.650499450729521 -3.5006979771203435
4.345 -14.653998394687966 -3.4971899490322342
4.346 -14.657493829872788 -3.493680429779171
4.347 -14.660985754800537 -3.4901694347926244
4.348 -14.664474168003078 -3.486656979268569
4.349 -14.667959068027352 -3.4831430781672803
4.3500000000000005 -14.671440453435146 -3.4796277462159515
4.351 -14.674918322802855 -3.4761109979086258
4.352 -14.678392674721254 -3.472592847508778
4.353 -14.681863507795265 -3.4690733090493016
4.354 -14.685330820643731 -3.465552396334988
4.355 -14.688794611899187 -3.462030122942766
4.356 -14.692254880207628 -3.4585065022238397
4.357 -14.69571162422829 -3.4549815473043357
4.358 -14.699164842633422 -3.4514552710870787
4.359 -14.702614534108069 -3.4479276862526134
4.36 -14.70606069734984 -3.4443988052605707
4.361 -14.709503331068698 -3.4408686403511743
4.362 -14.712942433986736 -3.437337203546204
4.363 -14.71637800483796 -3.4338045066507594
4.364 -14.719810042368072 -3.4302705612541295
4.365 -14.723238545334262 -3.426735378731612
4.366 -14.72666351250498 -3.42319897024537
4.367 -14.730084942659738 -3.4196613467462207
4.368 -14.733502834588894 -3.4161225189746376
4.369 -14.73691718709344 -3.412582497462323
4.37 -14.740327998984798 -3.4090412925334577
4.371 -14.743735269084608 -3.405498914306132
4.372 -14.747138996224528 -3.4019553726936063
4.373 -14.750539179246028 -3.398410677405833
4.374 -14.753935817000185 -3.394864837950653
4.375 -14.757328908347487 -3.391317863635347
4.376 -14.760718452157624 -3.387769763567817
4.377 -14.7641044473093 -3.3842205466582422
4.378 -14.76748689269003 -3.3806702216200537
4.3790000000000004 -14.770865787195943 -3.3771187969718492
4.38 -14.77424112973159 -3.373566281038213
4.381 -14.777612919209751 -3.3700126819516574
4.382 -14.780981154551245 -3.366458007653433
4.383 -14.784345834684734 -3.3629022658957206
4.384 -14.78770695854654 -3.3593454642418363
4.385 -14.791064525080456 -3.355787610069253
4.386 -14.794418533237558 -3.3522287105690953
4.3870000000000005 -14.79776898197602 -3.3486687727495545
4.388 -14.801115870260938 -3.345107803435294
4.389 -14.804459197064135 -3.3415458092708312
4.39 -14.807798961363995 -3.3379827967199236
4.391 -14.811135162145273 -3.334418772069162
4.392 -14.814467798398923 -3.3308537414269908
4.393 -14.81779686912192 -3.3272877107276706
4.394 -14.821122373317086 -3.323720685730107
4.3950000000000005 -14.824444309992916 -3.320152672021763
4.396 -14.827762678163408 -3.3165836750177715
4.397 -14.831077476847886 -3.3130136999643818
4.398 -14.83438870507084 -3.30944275193872
4.399 -14.837696361861752 -3.305870835851403
4.4 -14.841000446254933 -3.302297956447258
4.401 -14.844300957289356 -3.298724118307038
4.402 -14.847597894008494 -3.2951493258487896
4.4030000000000005 -14.850891255460157 -3.2915735833292614
4.404 -14.854181040696329 -3.2879968948453304
4.405 -14.857467248773016 -3.2844192643354075
4.406 -14.860749878750083 -3.280840695580926
4.407 -14.864028929691097 -3.277261192207704
4.408 -14.867304400663174 -3.2736807576873352
4.409 -14.870576290736826 -3.2700993953388284
4.41 -14.87384459898581 -3.266517108329572
4.4110000000000005 -14.877109324486973 -3.2629338996774973
4.412 -14.880370466320105 -3.259349772251542
4.413 -14.883628023567795 -3.255764728774123
4.414 -14.886881995315276 -3.2521787718216237
4.415 -14.890132380650291 -3.24859190382643
4.416 -14.893379178662942 -3.245004127078239
4.417 -14.896622388445548 -3.241415443725072
4.418 -14.899862009092509 -3.237825855775592
4.4190000000000005 -14.903098039700161 -3.2342353650992255
4.42 -14.906330479366646 -3.230643973429163
4.421 -14.909559327191769 -3.2270516823621676
4.422 -14.91278458227686 -3.2234584933614356
4.423 -14.916006243724652 -3.2198644077568845
4.424 -14.919224310639143 -3.2162694267473975
4.425 -14.92243878212546 -3.2126735514016462
4.426 -14.925649657289734 -3.209076782660044
4.4270000000000005 -14.928856935238977 -3.2054791213355855
4.428 -14.932060615080951 -3.2018805681159708
4.429 -14.93526069592404 -3.1982811235642257
4.43 -14.938457176877133 -3.1946807881208708
4.431 -14.941650057049499 -3.191079562104789
4.432 -14.944839335550661 -3.187477445715078
4.433 -14.948025011490287 -3.1838744390318983
4.434 -14.951207083978064 -3.180270542018799
4.4350000000000005 -14.954385552123586 -3.1766657545228956
4.436 -14.957560415036237 -3.173060076277706
4.437 -14.960731671825078 -3.169453506903132
4.438 -14.963899321598731 -3.1658460459082662
4.439 -14.967063363465277 -3.162237692691449
4.44 -14.970223796532137 -3.158628446542983
4.441 -14.973380619905972 -3.155018306645394
4.442 -14.976533832692569 -3.151407272075759
4.4430000000000005 -14.979683433996746 -3.147795341806461
4.444 -14.982829422922233 -3.1441825147071025
4.445 -14.985971798571585 -3.1405687895454193
4.446 -14.989110560046075 -3.136954164989282
4.447 -14.992245706445592 -3.13333863960741
4.448 -14.995377236868544 -3.1297222118715164
4.449 -14.998505150411766 -3.1261048801570603
4.45 -15.001629446170421 -3.122486642745106
4.4510000000000005 -15.004750123237901 -3.1188674978235955
4.452 -15.007867180705748 -3.1152474434885193
4.453 -15.01098061766355 -3.111626477745835
4.454 -15.014090433198858 -3.1080045985123346
4.455 -15.017196626397094 -3.1043818036173247
4.456 -15.020299196341469 -3.100758090804211
4.457 -15.023398142112894 -3.097133457731253
4.458 -15.026493462789896 -3.0935079019739136
4.4590000000000005 -15.029585157448537 -3.0898814210252152
4.46 -15.032673225162332 -3.086254012298258
4.461 -15.035757665002171 -3.0826256731263104
4.462 -15.038838476036235 -3.078996400765801
4.463 -15.041915657329922 -3.0753661923959497
4.464 -15.044989207945779 -3.0717350451218337
4.465 -15.048059126943416 -3.068102955974491
4.466 -15.05112541337944 -3.06446992191318
4.4670000000000005 -15.054188066307379 -3.0608359398262666
4.468 -15.057247084777618 -3.057201006532865
4.469 -15.060302467837326 -3.053565118784171
4.47 -15.06335421453039 -3.049928273264929
4.471 -15.06640232389735 -3.0462904665945616
4.472 -15.06944679497533 -3.04265169532905
4.473 -15.072487626797983 -3.039011955961777
4.474 -15.075524818395422 -3.035371244925416
4.4750000000000005 -15.078558368794166 -3.031729558592941
4.476 -15.081588277017076 -3.028086893279271
4.477 -15.0846145420833 -3.0244432452425536
4.478 -15.087637163008214 -3.020798610685602
4.479 -15.090656138803375 -3.017152985757278
4.48 -15.093671468476456 -3.0135063665537993
4.481 -15.096683151031208 -3.009858749120393
4.482 -15.099691185467396 -3.006210129452319
4.483 -15.10269557078076 -3.0025605034966447
4.484 -15.105696305962962 -2.9989098671532988
4.485 -15.108693390001541 -2.9952582162767243
4.486 -15.11168682187987 -2.991605546677182
4.487 -15.114676600577107 -2.987951854122039
4.488 -15.117662725068161 -2.9842971343373947
4.489 -15.120645194323647 -2.9806413830092557
4.49 -15.123624007309841 -2.976984595785023
4.491 -15.126599162988654 -2.9733267682750117
4.492 -15.129570660317588 -2.9696678960534255
4.493 -15.132538498249701 -2.966007974660562
4.494 -15.135502675733575 -2.9623469996030196
4.495 -15.138463191713283 -2.9586849663564934
4.496 -15.14142004512836 -2.9550218703658717
4.497 -15.144373234913767 -2.9513577070475594
4.498 -15.147322759999872 -2.9476924717904383
4.499 -15.150268619312417 -2.944026159957322
4.5 -15.153210811772496 -2.9403587668864564
4.501 -15.15614933629653 -2.9366902878928784
4.502 -15.15908419179624 -2.933020718269701
4.503 -15.162015377178633 -2.9293500532898276
4.5040000000000004 -15.16494289134598 -2.9256782882068477
4.505 -15.167866733195797 -2.9220054182571076
4.506 -15.170786901620826 -2.918331438660305
4.507 -15.173703395509023 -2.914656344621935
4.508 -15.17661621374354 -2.9109801313333534
4.509 -15.179525355202717 -2.9073027939746923
4.51 -15.182430818760071 -2.903624327714936
4.511 -15.18533260328428 -2.899944727714217
4.5120000000000005 -15.18823070763918 -2.8962639891249364
4.513 -15.191125130683755 -2.892582107092683
4.514 -15.19401587127213 -2.888899076759159
4.515 -15.196902928253575 -2.8852148932610526
4.516 -15.199786300472493 -2.881529551734712
4.517 -15.202665986768421 -2.8778430473140313
4.518 -15.205541985976035 -2.874155375135325
4.519 -15.208414296925145 -2.8704665303355887
4.5200000000000005 -15.211282918440702 -2.8667765080568173
4.521 -15.214147849342798 -2.8630853034444868
4.522 -15.217009088446675 -2.8593929116522685
4.523 -15.219866634562736 -2.855699327839725
4.524 -15.222720486496545 -2.852004547177965
4.525 -15.225570643048842 -2.8483085648462843
4.526 -15.228417103015556 -2.8446113760389293
4.527 -15.23125986518781 -2.8409129759608107
4.5280000000000005 -15.23409892835195 -2.8372133598348532
4.529 -15.236934291289542 -2.833512522897527
4.53 -15.239765952777406 -2.8298104604058913
4.531 -15.242593911587624 -2.826107167634111
4.532 -15.245418166487562 -2.8224026398789697
4.533 -15.248238716239898 -2.8186968724579993
4.534 -15.251055559602637 -2.814989860713656
4.535 -15.253868695329139 -2.8112816000125394
4.5360000000000005 -15.256678122168145 -2.807572085748611
4.537 -15.259483838863803 -2.8038613133434187
4.538 -15.262285844155695 -2.8001492782481527
4.539 -15.265084136778876 -2.796435975945105
4.54 -15.267878715463892 -2.792721401948738
4.541 -15.270669578936827 -2.7890055518076577
4.542 -15.273456725919326 -2.785288421105642
4.543 -15.276240155128638 -2.781570005463496
4.5440000000000005 -15.279019865277656 -2.777850300540076
4.545 -15.281795855074945 -2.774129302034341
4.546 -15.284568123224794 -2.770407005686136
4.547 -15.287336668427253 -2.7666834072784097
4.548 -15.290101489378175 -2.762958502638026
4.549 -15.292862584769264 -2.7592322876378175
4.55 -15.295619953288119 -2.7555047581974867
4.551 -15.298373593618285 -2.751775910285906
4.5520000000000005 -15.301123504439301 -2.74804573992144
4.553 -15.30386968442675 -2.7443142431750114
4.554 -15.306612132252313 -2.740581416169658
4.555 -15.309350846583818 -2.736847255084379
4.556 -15.312085826085303 -2.7331117561528124
4.557 -15.314817069417067 -2.7293749156680787
4.558 -15.317544575235736 -2.7256367299805184
4.559 -15.32026834219431 -2.7218971955033666
4.5600000000000005 -15.322988368942239 -2.7181563087097556
4.561 -15.325704654125476 -2.7144140661390375
4.562 -15.328417196386543 -2.710670464393323
4.563 -15.331125994364603 -2.7069255001441115
4.564 -15.33383104669552 -2.7031791701286854
4.565 -15.336532352011933 -2.699431471156681
4.566 -15.339229908943325 -2.6956824001068043
4.567 -15.341923716116098 -2.691931953932893
4.5680000000000005 -15.344613772153638 -2.688180129661358
4.569 -15.3473000756764 -2.684426924396352
4.57 -15.349982625301983 -2.680672335318138
4.571 -15.352661419645203 -2.6769163596874246
4.572 -15.35533645731818 -2.673158994844623
4.573 -15.35800773693041 -2.669400238213079
4.574 -15.360675257088861 -2.665640087299741
4.575 -15.363339016398045 -2.661878539696808
4.5760000000000005 -15.365999013460115 -2.658115593083929
4.577 -15.368655246874944 -2.6543512452286926
4.578 -15.371307715240219 -2.6505854939894498
4.579 -15.373956417151533 -2.6468183373158043
4.58 -15.37660135120247 -2.643049773250909
4.581 -15.37924251598471 -2.639279799932835
4.582 -15.381879910088118 -2.6355084155958983
4.583 -15.38451353210084 -2.6317356185729106
4.5840000000000005 -15.387143380609407 -2.6279614072959587
4.585 -15.389769454198833 -2.6241857802987756
4.586 -15.392391751452715 -2.6204087362177644
4.587 -15.395010270953343 -2.6166302737939797
4.588 -15.397625011281795 -2.6128503918746167
4.589 -15.400235971018054 -2.609069089414495
4.59 -15.402843148741113 -2.6052863654780736
4.591 -15.40544654302908 -2.6015022192404733
4.5920000000000005 -15.408046152459303 -2.597716649989863
4.593 -15.410641975608469 -2.5939296571282155
4.594 -15.413234011052722 -2.5901412401740567
4.595 -15.415822257367795 -2.5863513987625684
4.596 -15.418406713129105 -2.582560132649329
4.597 -15.420987376911887 -2.5787674417093864
4.598 -15.423564247291315 -2.5749733259417593
4.599 -15.426137322842623 -2.5711777854681346
4.6000000000000005 -15.42870660214123 -2.567380820537582
4.601 -15.431272083762865 -2.563582431525038
4.602 -15.433833766283703 -2.559782618936281
4.603 -15.436391648280484 -2.5559813834062153
4.604 -15.43894572833065 -2.5521787257039814
4.605 -15.441496005012482 -2.548374646731153
4.606 -15.444042476905228 -2.544569147526933
4.607 -15.446585142589246 -2.5407622292663508
4.6080000000000005 -15.449124000646137 -2.536953893265419
4.609 -15.45165904965889 -2.5331441409792355
4.61 -15.45419028821202 -2.5293329740076533
4.611 -15.456717714891711 -2.5255203940924025
4.612 -15.459241328285968 -2.5217064031240572
4.613 -15.461761126984753 -2.5178910031378994
4.614 -15.464277109580141 -2.514074196321806
4.615 -15.466789274666477 -2.5102559850117068
4.616 -15.469297620840509 -2.5064363716994795
4.617 -15.471802146701558 -2.5026153590286886
4.618 -15.474302850851666 -2.498792949802
4.619 -15.47679973189576 -2.4949691469775264
4.62 -15.4792927884418 -2.4911439536756483
4.621 -15.481782019100947 -2.4873173731760225
4.622 -15.48426742248773 -2.4834894089234574
4.623 -15.486748997220198 -2.4796600645263496
4.624 -15.489226741920099 -2.4758293437607426
4.625 -15.491700655213034 -2.4719972505707872
4.626 -15.494170735728636 -2.4681637890708017
4.627 -15.49663698210074 -2.4643289635474868
4.628 -15.499099392967555 -2.460492778460733
4.6290000000000004 -15.501557966971832 -2.4566552384464884
4.63 -15.504012702761054 -2.452816348317503
4.631 -15.5064635989876 -2.448976113065887
4.632 -15.508910654308934 -2.4451345378642544
4.633 -15.511353867387788 -2.441291628068015
4.634 -15.513793236892335 -2.437447389216696
4.635 -15.516228761496382 -2.4336018270360227
4.636 -15.518660439879561 -2.4297549474395854
4.6370000000000005 -15.521088270727505 -2.4259067565304853
4.638 -15.52351225273205 -2.422057260603448
4.639 -15.525932384591425 -2.4182064661461182
4.64 -15.528348665010439 -2.414354379841411
4.641 -15.530761092700686 -2.410501008568659
4.642 -15.533169666380738 -2.4066463594061096
4.643 -15.535574384776345 -2.402790439631897
4.644 -15.537975246620634 -2.398933256726706
4.6450000000000005 -15.54037225065432 -2.395074818374711
4.646 -15.542765395625901 -2.3912151324660997
4.647 -15.545154680291867 -2.387354207098253
4.648 -15.547540103416916 -2.3834920505780812
4.649 -15.549921663774153 -2.3796286714232284
4.65 -15.552299360145312 -2.375764078364611
4.651 -15.55467319132096 -2.371898280347227
4.652 -15.557043156100722 -2.368031286533176
4.6530000000000005 -15.55940925329349 -2.364163106302031
4.654 -15.561771481717647 -2.360293749254193
4.655 -15.56412984020129 -2.356423225211013
4.656 -15.566484327582444 -2.3525515442183527
4.657 -15.5688349427093 -2.348678716546585
4.658 -15.571181684440427 -2.3448047526940847
4.659 -15.573524551645008 -2.3409296633875214
4.66 -15.575863543203068 -2.3370534595849084
4.6610000000000005 -15.578198658005707 -2.333176152476408
4.662 -15.580529894955331 -2.3292977534868156
4.663 -15.582857252965894 -2.3254182742769407
4.664 -15.585180730963122 -2.321537726745578
4.665 -15.587500327884765 -2.3176561230312376
4.666 -15.58981604268083 -2.3137734755139534
4.667 -15.592127874313828 -2.3098897968170355
4.668 -15.594435821759015 -2.3060050998088966
4.6690000000000005 -15.596739884004636 -2.3021193976047853
4.67 -15.599040060052177 -2.298232703568588
4.671 -15.601336348916615 -2.294345031314637
4.672 -15.603628749626667 -2.2904563947093313
4.673 -15.605917261225041 -2.286566807873251
4.674 -15.608201882768698 -2.28267628518236
4.675 -15.610482613329099 -2.2787848412705065
4.676 -15.612759451992469 -2.2748924910303283
4.6770000000000005 -15.615032397860059 -2.270999249615975
4.678 -15.617301450048403 -2.2671051324437634
4.679 -15.619566607689586 -2.2632101551951664
4.68 -15.621827869931508 -2.25931433381717
4.681 -15.624085235938143 -2.255417684525551
4.682 -15.626338704889823 -2.251520223804934
4.683 -15.6285882759835 -2.2476219684123033
4.684 -15.630833948433015 -2.243722935376914
4.6850000000000005 -15.63307572146938 -2.239823142003785
4.686 -15.635313594341048 -2.23592260587373
4.687 -15.637547566314192 -2.2320213448466397
4.688 -15.639777636672987 -2.2281193770617236
4.689 -15.642003804719886 -2.22421672094056
4.69 -15.644226069775906 -2.2203133951875444
4.691 -15.646444431180912 -2.2164094187926833
4.692 -15.6486588882939 -2.2125048110323178
4.6930000000000005 -15.650869440493286 -2.208599591471554
4.694 -15.653076087177201 -2.204693779965372
4.695 -15.655278827763773 -2.200787396660641
4.696 -15.657477661691425 -2.1968804619975493
4.697 -15.659672588419168 -2.1929729967113456
4.698 -15.661863607426893 -2.1890650218339602
4.699 -15.664050718215677 -2.1851565586955384
4.7 -15.666233920308073 -2.181247628926219
4.7010000000000005 -15.668413213248419 -2.1773382544575104
4.702 -15.670588596603132 -2.1734284575241265
4.703 -15.67276006996102 -2.169518260665332
4.704 -15.67492763293358 -2.1656076867267178
4.705 -15.67709128515531 -2.161696758861602
4.706 -15.679251026284016 -2.157785500532684
4.707 -15.681406856001121 -2.153873935513526
4.708 -15.683558774011981 -2.1499620878900907
4.7090000000000005 -15.68570678004619 -2.1460499820622854
4.71 -15.687850873857903 -2.142137642745391
4.711 -15.689991055226148 -2.138225094971665
4.712 -15.692127323955146 -2.134312364091663
4.713 -15.694259679874625 -2.130399475775889
4.714 -15.696388122840146 -2.1264864560160404
4.715 -15.698512652733424 -2.1225733311266457
4.716 -15.70063326946265 -2.118660127746293
4.7170000000000005 -15.702749972962815 -2.1147468728392185
4.718 -15.704862763196042 -2.110833593696525
4.719 -15.706971640151904 -2.1069203179377163
4.72 -15.709076603847759 -2.1030070735119186
4.721 -15.711177654329083 -2.099093888699344
4.722 -15.713274791669795 -2.095180792112506
4.723 -15.715368015972597 -2.0912678126976485
4.724 -15.717457327369303 -2.0873549797359168
4.7250000000000005 -15.719542726021173 -2.083442322844746
4.726 -15.721624212119256 -2.079529871979012
4.727 -15.723701785884728 -2.0756176574324066
4.728 -15.725775447569225 -2.0717057098384584
4.729 -15.727845197455187 -2.06779406017201
4.73 -15.729911035856203 -2.06388273975006
4.731 -15.731972963117347 -2.059971780233311
4.732 -15.734030979615529 -2.056061213626892
4.7330000000000005 -15.736085085759836 -2.052151072281931
4.734 -15.738135281991879 -2.048241388896167
4.735 -15.74018156878614 -2.044332196515558
4.736 -15.742223946650324 -2.040423528534749
4.737 -15.744262416125704 -2.036515418698778
4.738 -15.746296977787473 -2.032607901103312
4.739 -15.748327632245099 -2.028701010196514
4.74 -15.75035438014267 -2.0247947807790285
4.741 -15.752377222159256 -2.0208892480059815
4.742 -15.754396159009255 -2.0169844473867817
4.743 -15.756411191442757 -2.013080414787155
4.744 -15.758422320245892 -2.0091771864288335
4.745 -15.760429546241191 -2.0052747988916044
4.746 -15.762432870287947 -2.001373289112873
4.747 -15.764432293282567 -1.997472694389758
4.748 -15.766427816158938 -1.9935730523784063
4.749 -15.768419439888778 -1.9896744010964058
4.75 -15.770407165482009 -1.9857767789214653
4.751 -15.77239099398711 -1.9818802245944784
4.752 -15.774370926491478 -1.9779847772174808
4.753 -15.776346964121803 -1.97409047625706
4.7540000000000004 -15.77831910804441 -1.970197361542255
4.755 -15.78028735946565 -1.9663054732675447
4.756 -15.782251719632239 -1.9624148519911386
4.757 -15.78421218983164 -1.9585255386376723
4.758 -15.786168771392422 -1.9546375744963358
4.759 -15.788121465684624 -1.9507510012237526
4.76 -15.79007027412013 -1.9468658608418847
4.761 -15.792015198153024 -1.9429821957408122
4.7620000000000005 -15.79395623927997 -1.9391000486767742
4.763 -15.795893399040565 -1.935219462774578
4.764 -15.79782667901772 -1.9313404815258912
4.765 -15.799756080838021 -1.9274631487912197
4.766 -15.801681606172092 -1.923587508798664
4.767 -15.80360325673498 -1.9197136061450093
4.768 -15.805521034286507 -1.915841485795383
4.769 -15.80743494063164 -1.9119711930834657
4.7700000000000005 -15.809344977620874 -1.9081027737114646
4.771 -15.811251147150585 -1.9042362737501786
4.772 -15.813153451163403 -1.9003717396388895
4.773 -15.815051891648585 -1.8965092181853451
4.774 -15.816946470642375 -1.8926487565654024
4.775 -15.818837190228379 -1.888790402323539
4.776 -15.820724052537937 -1.8849342033711705
4.777 -15.822607059750476 -1.8810802079889333
4.7780000000000005 -15.824486214093891 -1.8772284648228177
4.779 -15.826361517844909 -1.8733790228881653
4.78 -15.828232973329449 -1.8695319315644863
4.781 -15.830100582923 -1.8656872406001166
4.782 -15.831964349050978 -1.8618450001065743
4.783 -15.833824274189093 -1.8580052605631585
4.784 -15.835680360863718 -1.8541680728113688
4.785 -15.837532611652248 -1.8503334880593116
4.7860000000000005 -15.839381029183471 -1.8465015578759247
4.787 -15.841225616137924 -1.8426723341956732
4.788 -15.843066375248256 -1.8388458693120013
4.789 -15.844903309299594 -1.835022215882735
4.79 -15.8467364211299 -1.8312014269227042
4.791 -15.848565713630336 -1.8273835558097449
4.792 -15.850391189745615 -1.823568656276411
4.793 -15.852212852474365 -1.8197567824168377
4.7940000000000005 -15.854030704869484 -1.8159479886772538
4.795 -15.855844750038495 -1.8121423298639738
4.796 -15.857654991143905 -1.8083398611325283
4.797 -15.859461431403552 -1.8045406379966868
4.798 -15.861264074090967 -1.8007447163166372
4.799 -15.86306292253571 -1.796952152308357
4.8 -15.864857980123734 -1.7931630025317902
4.801 -15.866649250297732 -1.7893773238993669
4.8020000000000005 -15.868436736557472 -1.7855951736652467
4.803 -15.870220442460157 -1.7818166094323378
4.804 -15.87200037162076 -1.7780416891429045
4.805 -15.873776527712371 -1.7742704710841166
4.806 -15.875548914466531 -1.7705030138797713
4.807 -15.877317535673578 -1.7667393764941144
4.808 -15.879082395182982 -1.7629796182259956
4.809 -15.880843496903678 -1.759223798709116
4.8100000000000005 -15.8826008448044 -1.7554719779098868
4.811 -15.884354442914018 -1.7517242161239586
4.812 -15.886104295321857 -1.7479805739769636
4.813 -15.887850406178032 -1.7442411124186397
4.814 -15.889592779693771 -1.7405058927252555
4.815 -15.891331420141736 -1.7367749764913927
4.816 -15.893066331856348 -1.7330484256360947
4.817 -15.894797519234102 -1.7293263023886676
4.8180000000000005 -15.89652498673388 -1.7256086693016384
4.819 -15.898248738877275 -1.721895589229696
4.82 -15.899968780248887 -1.718187125348179
4.821 -15.901685115496646 -1.7144833411279268
4.822 -15.903397749332106 -1.7107843003556107
4.823 -15.905106686530752 -1.7070900671080163
4.824 -15.906811931932305 -1.7034007057719736
4.825 -15.908513490441015 -1.6997162810190312
4.8260000000000005 -15.910211367025951 -1.6960368578243241
4.827 -15.911905566721302 -1.6923625014429808
4.828 -15.913596094626655 -1.6886932774256052
4.829 -15.91528295590729 -1.6850292515991208
4.83 -15.916966155794455 -1.681370490076691
4.831 -15.918645699585648 -1.6777170592441062
4.832 -15.92032159264489 -1.6740690257641773
4.833 -15.921993840403003 -1.6704264565677005
4.8340000000000005 -15.923662448357868 -1.666789418853606
4.835 -15.9253274220747 -1.663157980083855
4.836 -15.926988767186302 -1.659532207979137
4.837 -15.928646489393332 -1.6559121705174562
4.838 -15.930300594464546 -1.6522979359269578
4.839 -15.931951088237057 -1.6486895726864488
4.84 -15.933597976616573 -1.6450871495159145
4.841 -15.93524126557765 -1.6414907353792991
4.8420000000000005 -15.936880961163919 -1.6379003994724255
4.843 -15.938517069488327 -1.6343162112280154
4.844 -15.940149596733365 -1.6307382403010013
4.845 -15.941778549151293 -1.627166556576216
4.846 -15.943403933064362 -1.6236012301505263
4.847 -15.945025754865032 -1.6200423313426797
4.848 -15.946644021016182 -1.61648993067482
4.849 -15.948258738051317 -1.6129440988803039
4.8500000000000005 -15.94986991257478 -1.6094049068891152
4.851 -15.951477551261936 -1.6058724258297894
4.852 -15.95308166085938 -1.6023467270217229
4.853 -15.954682248185117 -1.5988278819690889
4.854 -15.956279320128742 -1.595315962360697
4.855 -15.957872883651634 -1.5918110400571848
4.856 -15.959462945787116 -1.5883131870960392
4.857 -15.96104951364063 -1.5848224756742566
4.8580000000000005 -15.962632594389897 -1.581338978156046
4.859 -15.964212195285077 -1.5778627670549952
4.86 -15.965788323648924 -1.5743939150399753
4.861 -15.96736098687693 -1.5709324949194114
4.862 -15.968930192437464 -1.5674785796447495
4.863 -15.97049594787191 -1.5640322422969966
4.864 -15.972058260794807 -1.5605935560873783
4.865 -15.973617138893953 -1.557162594346876
4.866 -15.975172589930544 -1.5537394305218861
4.867 -15.976724621739274 -1.5503241381714339
4.868 -15.978273242228447 -1.5469167909526598
4.869 -15.979818459380075 -1.5435174626278194
4.87 -15.981360281249975 -1.5401262270399276
4.871 -15.982898715967854 -1.53674315813141
4.872 -15.984433771737397 -1.5333683299047483
4.873 -15.985965456836329 -1.5300018164561007
4.874 -15.987493779616498 -1.5266436919240287
4.875 -15.989018748503936 -1.523294030530282
4.876 -15.990540371998902 -1.519952906523889
4.877 -15.992058658675946 -1.5166203942256784
4.878 -15.99357361718394 -1.5132965679682817
4.8790000000000004 -15.995085256246123 -1.5099815021424783
4.88 -15.99659358466012 -1.5066752711401796
4.881 -15.998098611297973 -1.503377949391269
4.882 -15.999600345106144 -1.5000896113189546
4.883 -16.00109879510553 -1.4968103313669483
4.884 -16.00259397039147 -1.4935401839560747
4.885 -16.00408588013371 -1.4902792435181857
4.886 -16.00557453357643 -1.4870275844412837
4.8870000000000005 -16.00705994003817 -1.4837852811151133
4.888 -16.008542108911854 -1.4805524078660814
4.889 -16.010021049664715 -1.4773290390096203
4.89 -16.011496771838264 -1.4741152487817906
4.891 -16.012969285048232 -1.4709111113916316
4.892 -16.014438598984515 -1.4677167009544712
4.893 -16.0159047234111 -1.4645320915405393
4.894 -16.017367668165992 -1.4613573571138851
4.8950000000000005 -16.018827443161133 -1.4581925715716448
4.896 -16.02028405838229 -1.455037808696989
4.897 -16.02173752388898 -1.4518931421809587
4.898 -16.02318784981434 -1.4487586455892842
4.899 -16.02463504636503 -1.445634392379077
4.9 -16.02607912382108 -1.4425204558607352
4.901 -16.02752009253578 -1.4394169092266724
4.902 -16.028957962935525 -1.4363238254968032
4.9030000000000005 -16.030392745519663 -1.4332412775635595
4.904 -16.031824450860338 -1.4301693381243334
4.905 -16.033253089602322 -1.427108079734727
4.906 -16.03467867246283 -1.4240575747339765
4.907 -16.03610121023135 -1.4210178953079051
4.908 -16.037520713769425 -1.4179891134014162
4.909 -16.038937194010465 -1.4149713007927258
4.91 -16.040350661959522 -1.4119645289982976
4.9110000000000005 -16.04176112869308 -1.408968869351847
4.912 -16.043168605358808 -1.4059843929060114
4.913 -16.04457310317534 -1.403011170509769
4.914 -16.04597463343199 -1.400049272719371
4.915 -16.04737320748853 -1.3970987698600872
4.916 -16.048768836774904 -1.3941597319505965
4.917 -16.050161532790945 -1.3912322287609864
4.918 -16.05155130710609 -1.3883163297314756
4.9190000000000005 -16.052938171359088 -1.3854121040376108
4.92 -16.054322137257685 -1.3825196205056127
4.921 -16.055703216578312 -1.379638947675004
4.922 -16.057081421165755 -1.3767701537216006
4.923 -16.058456762932824 -1.373913306508713
4.924 -16.059829253860002 -1.3710684735232699
4.925 -16.061198905995088 -1.3682357219120753
4.926 -16.062565731452835 -1.3654151184352736
4.9270000000000005 -16.063929742414572 -1.3626067294823758
4.928 -16.065290951127817 -1.3598106210454437
4.929 -16.066649369905885 -1.3570268587217664
4.93 -16.06800501112747 -1.3542555076879845
4.931 -16.069357887236258 -1.351496632713967
4.932 -16.070708010740457 -1.3487502981191104
4.933 -16.0720553942124 -1.3460165678048308
4.934 -16.073400050288072 -1.3432955051944788
4.9350000000000005 -16.074741991666674 -1.3405871732747312
4.936 -16.07608123111014 -1.3378916345377931
4.937 -16.077417781442666 -1.3352089510099296
4.938 -16.078751655550217 -1.3325391842184515
4.939 -16.080082866380042 -1.3298823951758958
4.94 -16.08141142694015 -1.3272386444109614
4.941 -16.082737350298796 -1.3246079918839961
4.942 -16.084060649583954 -1.321990497072814
4.9430000000000005 -16.085381337982778 -1.3193862188543781
4.944 -16.08669942874105 -1.3167952156056775
4.945 -16.08801493516261 -1.3142175450834674
4.946 -16.08932787060881 -1.3116532645208063
4.947 -16.090638248497893 -1.3091024305091783
4.948 -16.09194608230444 -1.3065650991010451
4.949 -16.093251385558737 -1.3040413256740733
4.95 -16.094554171846188 -1.301531165062491
4.9510000000000005 -16.09585445480666 -1.2990346713874332
4.952 -16.097152248133874 -1.2965518982186532
4.953 -16.098447565574748 -1.2940828983835901
4.954 -16.099740420928743 -1.291627724142662
4.955 -16.1010308280472 -1.2891864269867983
4.956 -16.102318800832656 -1.28675905782307
4.957 -16.103604353238154 -1.2843456667713156
4.958 -16.10488749926656 -1.281946303333127
4.9590000000000005 -16.10616825296984 -1.2795610162187838
4.96 -16.107446628448344 -1.2771898534855146
4.961 -16.108722639850075 -1.2748328623871645
4.962 -16.109996301369954 -1.272490089496187
4.963 -16.111267627249063 -1.270161580567258
4.964 -16.11253663177389 -1.2678473806458908
4.965 -16.113803329275537 -1.2655475339479483
4.966 -16.11506773412897 -1.2632620839481348
4.9670000000000005 -16.116329860752202 -1.2609910732785032
4.968 -16.11758972360549 -1.258734543808764
4.969 -16.118847337190534 -1.2564925365383612
4.97 -16.120102716049644 -1.2542650916923406
4.971 -16.1213558747649 -1.2520522485995396
4.972 -16.12260682795733 -1.2498540457960745
4.973 -16.123855590286023 -1.247670520898132
4.974 -16.12510217644729 -1.2455017107135793
4.9750000000000005 -16.126346601173765 -1.2433476511046357
4.976 -16.12758887923355 -1.24120837711207
4.977 -16.128829025429287 -1.2390839227983936
4.978 -16.13006705459727 -1.2369743214040898
4.979 -16.131302981606524 -1.2348796051453144
4.98 -16.132536821357885 -1.232799805425801
4.981 -16.133768588783052 -1.2307349525773088
4.982 -16.13499829884366 -1.228685076118513
4.9830000000000005 -16.136225966530297 -1.2266502044713383
4.984 -16.13745160686157 -1.2246303652187303
4.985 -16.13867523488311 -1.2226255848382548
4.986 -16.139896865666586 -1.2206358889402311
4.987 -16.141116514308724 -1.218661302014164
4.988 -16.1423341959303 -1.2167018476660199
4.989 -16.143549925675114 -1.214757548357332
4.99 -16.144763718708983 -1.2128284256479074
4.9910000000000005 -16.145975590218704 -1.2109144999413675
4.992 -16.147185555411017 -1.2090157907084012
4.993 -16.148393629511542 -1.2071323162633114
4.994 -16.149599827763744 -1.2052640939470294
4.995 -16.150804165427836 -1.203411139947881
4.996 -16.152006657779726 -1.201573469452565
4.997 -16.153207320109917 -1.1997510964702676
4.998 -16.15440616772243 -1.197944034011636
4.999 -16.155603215933677 -1.1961522938730156
5.0 -16.156798480071373 -1.1943758868433743
5.001 -16.1579919754734 -1.1926148224859254
5.002 -16.159183717486695 -1.1908691093244286
5.003 -16.1603737214661 -1.189138754661849
5.0040000000000004 -16.161562002773223 -1.1874237647248147
5.005 -16.16274857677529 -1.185724144521718
5.006 -16.163933458843978 -1.184039897946776
5.007 -16.165116664354255 -1.182371027689223
5.008 -16.1662982086832 -1.1807175352802497
5.009 -16.167478107208833 -1.179079421054737
5.01 -16.168656375308895 -1.1774566841518888
5.011 -16.169833028359687 -1.1758493225293307
5.0120000000000005 -16.17100808173484 -1.1742573328989605
5.013 -16.17218155080412 -1.1726807108109254
5.014 -16.173353450932197 -1.171119450534042
5.015 -16.17452379747743 -1.169573545169766
5.016 -16.175692605790633 -1.1680429865240352
5.017 -16.176859891213834 -1.1665277652257882
5.018 -16.17802566907903 -1.1650278705888666
5.019 -16.17918995470695 -1.1635432907422008
5.0200000000000005 -16.180352763405775 -1.162074012488645
5.021 -16.1815141104699 -1.1606200214331162
5.022 -16.18267401117865 -1.1591813018335777
5.023 -16.18383248079501 -1.157757836767995
5.024 -16.184989534564355 -1.1563496079106228
5.025 -16.186145187713148 -1.1549565957917998
5.026 -16.187299455447665 -1.1535787794942887
5.027 -16.1884523529527 -1.1522161369660415
5.0280000000000005 -16.18960389539026 -1.150868644686884
5.029 -16.190754097898257 -1.1495362780003833
5.03 -16.191902975589212 -1.1482190107701282
5.031 -16.193050543548935 -1.1469168157059257
5.032 -16.19419681683521 -1.1456296640529435
5.033 -16.195341810476467 -1.144357525860343
5.034 -16.196485539470473 -1.1431003697440314
5.035 -16.197628018782982 -1.1418581630716522
5.0360000000000005 -16.198769263346424 -1.1406308718306022
5.037 -16.19990928805856 -1.139418460674525
5.038 -16.201048107781144 -1.1382208929545703
5.039 -16.202185737338578 -1.1370381306157638
5.04 -16.20332219151658 -1.135870134334319
5.041 -16.204457485060825 -1.134716863358723
5.042 -16.205591632675603 -1.1335782756608737
5.043 -16.206724649022465 -1.132454327803287
5.0440000000000005 -16.207856548718876 -1.1313449750334212
5.045 -16.208987346336848 -1.1302501712159443
5.046 -16.210117056401597 -1.129169868881229
5.047 -16.211245693390175 -1.128104019176073
5.048 -16.212373271730115 -1.127052571922062
5.049 -16.21349980579807 -1.1260154755288485
5.05 -16.214625309918453 -1.1249926771130752
5.051 -16.21574979836208 -1.1239841223456652
5.0520000000000005 -16.216873285344793 -1.1229897556359294
5.053 -16.217995785026112 -1.1220095199125704
5.054 -16.21911731150787 -1.121043356870917
5.055 -16.22023787883284 -1.1200912067168578
5.056 -16.221357500983387 -1.119153008408887
5.057 -16.222476191880112 -1.1182286994487767
5.058 -16.223593965380456 -1.1173182160492758
5.059 -16.22471083527739 -1.1164214930314584
5.0600000000000005 -16.225826815298007 -1.1155384638381844
5.061 -16.226941919102217 -1.1146690606352518
5.062 -16.22805616028134 -1.1138132141031714
5.063 -16.2291695523568 -1.1129708537374439
5.064 -16.23028210877873 -1.1121419074956844
5.065 -16.231393842924657 -1.1113263021845743
5.066 -16.232504768098135 -1.1105239630630195
5.067 -16.233614897527413 -1.109734814253853
5.0680000000000005 -16.234724244364084 -1.1089587783302224
5.069 -16.235832821681758 -1.1081957767417128
5.07 -16.23694064247471 -1.107445729392791
5.071 -16.238047719656574 -1.1067085550648084
5.072 -16.23915406605899 -1.105984171021395
5.073 -16.240259694430307 -1.1052724933760363
5.074 -16.241364617434236 -1.1045734367780384
5.075 -16.242468847648553 -1.1038869146918497
5.0760000000000005 -16.24357239756379 -1.1032128391621912
5.077 -16.244675279581916 -1.1025511210263113
5.078 -16.245777506015056 -1.1019016697514559
5.079 -16.24687908908418 -1.1012643935617217
5.08 -16.24798004091782 -1.100639199361896
5.081 -16.249080373550786 -1.1000259928040719
5.082 -16.250180098922897 -1.099424678235729
5.083 -16.25127922887769 -1.0988351587699279
5.0840000000000005 -16.252377775161168 -1.098257336222599
5.085 -16.253475749420552 -1.097691111192976
5.086 -16.254573163203005 -1.0971363829836758
5.087 -16.25567002795441 -1.0965930497241858
5.088 -16.256766355018108 -1.0960610082202973
5.089 -16.257862155633703 -1.0955401541637295
5.09 -16.258957440935806 -1.0950303818933491
5.091 -16.260052221952847 -1.0945315846979002
5.0920000000000005 -16.261146509605847 -1.0940436544817627
5.093 -16.26224031470724 -1.0935664821529223
5.094 -16.263333647959662 -1.093099957234695
5.095 -16.264426519954796 -1.0926439682671454
5.096 -16.265518941172186 -1.0921984024413758
5.097 -16.26661092197807 -1.0917631459611268
5.098 -16.267702472624244 -1.0913380837327473
5.099 -16.2687936032469 -1.090923099643738
5.1000000000000005 -16.269884323865504 -1.0905180763654467
5.101 -16.27097464438168 -1.0901228955118742
5.102 -16.272064574578074 -1.0897374375479347
5.103 -16.273154124117276 -1.0893615818699334
5.104 -16.274243302540707 -1.0889952067635014
5.105 -16.275332119267556 -1.0886381894676385
5.106 -16.276420583593698 -1.0882904061117955
5.107 -16.277508704690636 -1.0879517318375265
5.1080000000000005 -16.27859649160446 -1.0876220406666361
5.109 -16.27968395325481 -1.087301205665634
5.11 -16.28077109843384 -1.0869890988259199
5.111 -16.28185793580522 -1.08668559116503
5.112 -16.282944473903136 -1.0863905526983373
5.113 -16.284030721131288 -1.0861038524498938
5.114 -16.28511668576193 -1.0858253584974884
5.115 -16.286202375934906 -1.0855549379355052
5.1160000000000005 -16.287287799656692 -1.0852924569433844
5.117 -16.28837296479946 -1.0850377807406213
5.118 -16.289457879100173 -1.0847907736736722
5.119 -16.290542550159653 -1.084551299120891
5.12 -16.291626985441706 -1.0843192196600226
5.121 -16.29271119227221 -1.0840943968857488
5.122 -16.293795177838287 -1.083876691663401
5.123 -16.29487894918741 -1.0836659638536466
5.124 -16.2959625132266 -1.0834620726583477
5.125 -16.297045876721562 -1.083264876289306
5.126 -16.298129046295916 -1.083074232317202
5.127 -16.299212028430368 -1.0828899973711514
5.128 -16.300294829461947 -1.0827120274600615
5.1290000000000004 -16.301377455583232 -1.082540177674575
5.13 -16.3024599128416 -1.0823743025298065
5.131 -16.303542207138502 -1.0822142556509167
5.132 -16.30462434422873 -1.0820598900933212
5.133 -16.305706329719733 -1.081911058104799
5.134 -16.306788169070895 -1.0817676113360317
5.135 -16.3078698675929 -1.0816294007132519
5.136 -16.308951430447053 -1.0814962765573095
5.1370000000000005 -16.31003286264465 -1.0813680885307713
5.138 -16.311114169046352 -1.0812446856946956
5.139 -16.31219535436157 -1.0811259165075946
5.14 -16.313276423147894 -1.0810116288401561
5.141 -16.3143573798105 -1.0809016700132912
5.142 -16.3154382286016 -1.08079588677761
5.143 -16.316518973619907 -1.0806941253751083
5.144 -16.317599618810103 -1.0805962315152327
5.1450000000000005 -16.318680167962338 -1.0805020504140301
5.146 -16.31976062471175 -1.0804114268294747
5.147 -16.32084099253798 -1.080324205003326
5.148 -16.32192127476472 -1.0802402288152504
5.149 -16.32300147455928 -1.08015934161489
5.15 -16.324081594932174 -1.0800813864513052
5.151 -16.325161638736713 -1.0800062058755755
5.152 -16.326241608668617 -1.0799336421606947
5.1530000000000005 -16.327321507265665 -1.0798635371388963
5.154 -16.32840133690733 -1.0797957323732597
5.155 -16.329481099814462 -1.0797300690550682
5.156 -16.33056079804897 -1.0796663881077653
5.157 -16.331640433513535 -1.0796045301469364
5.158 -16.33272000795132 -1.079544335540726
5.159 -16.333799522945732 -1.079485644391919
5.16 -16.334878979920177 -1.0794282965897035
5.1610000000000005 -16.335958380137832 -1.07937213180467
5.162 -16.33703772470145 -1.079316989501823
5.163 -16.338117014553173 -1.0792627090150424
5.164 -16.339196250474377 -1.0792091294504524
5.165 -16.34027543308551 -1.0791560898650236
5.166 -16.34135456284597 -1.0791034291067232
5.167 -16.342433640054004 -1.0790509860067459
5.168 -16.34351266484661 -1.0789985992412376
5.1690000000000005 -16.344591637199454 -1.0789461074853162
5.17 -16.34567055692684 -1.0788933493250996
5.171 -16.346749423681658 -1.0788401633354685
5.172 -16.34782823695537 -1.0787863881144553
5.173 -16.348906996078007 -1.0787318621890625
5.174 -16.34998570021822 -1.078676424249799
5.175 -16.351064348383265 -1.0786199128569922
5.176 -16.352142939419117 -1.0785621668562289
5.1770000000000005 -16.353221472010507 -1.0785030249295187
5.178 -16.354299944681042 -1.0784423261430174
5.179 -16.355378355793302 -1.0783799093729145
5.18 -16.356456703548993 -1.0783156139887287
5.181 -16.357534985989062 -1.0782492791261948
5.182 -16.35861320099391 -1.0781807445374134
5.183 -16.35969134628355 -1.078109849696978
5.184 -16.360769419417828 -1.0780364347941207
5.1850000000000005 -16.361847417796632 -1.0779603397461497
5.186 -16.362925338660162 -1.0778814052184935
5.187 -16.36400317908916 -1.0777994716720956
5.188 -16.365080936005217 -1.077714380311522
5.189 -16.366158606171048 -1.0776259722099528
5.19 -16.367236186190837 -1.0775340891897085
5.191 -16.36831367251053 -1.0774385730042992
5.192 -16.369391061418234 -1.0773392661756747
5.1930000000000005 -16.370468349044547 -1.0772360112002062
5.194 -16.371545531362973 -1.0771286513692941
5.195 -16.37262260419032 -1.0770170300008322
5.196 -16.37369956318711 -1.0769009912259433
5.197 -16.374776403858046 -1.0767803792495738
5.198 -16.375853121552453 -1.0766550391179122
5.199 -16.37692971146475 -1.0765248159915581
5.2 -16.37800616863497 -1.0763895558985552
5.2010000000000005 -16.379082487949226 -1.0762491050314014
5.202 -16.3801586641403 -1.0761033104610906
5.203 -16.381234691788123 -1.075952019483099
5.204 -16.38231056532039 -1.0757950802843368
5.205 -16.383386279013113 -1.0756323413254036
5.206 -16.384461826991217 -1.075463651974775
5.207 -16.385537203229163 -1.0752888619335785
5.208 -16.386612401551567 -1.0751078218097092
5.2090000000000005 -16.38768741563385 -1.0749203826135776
5.21 -16.3887622390029 -1.0747263962584173
5.211 -16.389836865037754 -1.0745257151265348
5.212 -16.39091128697028 -1.0743181925074339
5.213 -16.391985497885898 -1.074103682210573
5.214 -16.393059490724298 -1.0738820389659236
5.215 -16.394133258280185 -1.0736531180810338
5.216 -16.395206793204036 -1.0734167757787523
5.2170000000000005 -16.39628008800287 -1.0731728689288818
5.218 -16.397353135041037 -1.0729212553193486
5.219 -16.398425926541012 -1.0726617934237344
5.22 -16.39949845458423 -1.0723943426625389
5.221 -16.400570711111893 -1.0721187631769151
5.222 -16.401642687925836 -1.0718349160802096
5.223 -16.402714376689378 -1.0715426632258587
5.224 -16.403785768928202 -1.0712418674866617
5.2250000000000005 -16.404856856031238 -1.0709323924857337
5.226 -16.40592762925157 -1.0706141029090503
5.227 -16.406998079707343 -1.0702868642082568
5.228 -16.408068198382715 -1.0699505429205953
5.229 -16.409137976128775 -1.0696050064064595
5.23 -16.41020740366452 -1.0692501230882505
5.231 -16.4112764715778 -1.06888576228821
5.232 -16.412345170326326 -1.0685117943823819
5.2330000000000005 -16.413413490238657 -1.068128090684088
5.234 -16.414481421515195 -1.067734523583291
5.235 -16.415548954229223 -1.067330966439223
5.236 -16.416616078327916 -1.0669172936907636
5.237 -16.417682783633413 -1.0664933808107213
5.238 -16.41874905984384 -1.066059104311746
5.239 -16.419814896534405 -1.065614341839357
5.24 -16.420880283158453 -1.0651589720274959
5.2410000000000005 -16.42194520904858 -1.0646928747316828
5.242 -16.423009663417705 -1.0642159307563712
5.243 -16.424073635360205 -1.0637280222047683
5.244 -16.42513711385302 -1.063229032107423
5.245 -16.426200087756797 -1.0627188448375882
5.246 -16.42726254581702 -1.0621973457080758
5.247 -16.42832447666517 -1.0616644213946527
5.248 -16.429385868819892 -1.0611199595327716
5.249 -16.430446710688145 -1.0605638491415355
5.25 -16.4315069905664 -1.0599959802203471
5.251 -16.432566696641832 -1.059416244150233
5.252 -16.433625816993494 -1.058824533352426
5.253 -16.434684339593552 -1.0582207415927782
5.2540000000000004 -16.435742252308486 -1.0576047637489365
5.255 -16.43679954290031 -1.056976496014235
5.256 -16.437856199027813 -1.0563358357354289
5.257 -16.43891220824779 -1.0556826815850708
5.258 -16.439967558016292 -1.0550169334024044
5.259 -16.441022235689882 -1.0543384923631365
5.26 -16.44207622852689 -1.0536472608375762
5.261 -16.443129523688683 -1.052943142524229
5.2620000000000005 -16.444182108240945 -1.0522260423598893
5.263 -16.44523396915495 -1.0514958665834804
5.264 -16.446285093308852 -1.0507525227249748
5.265 -16.447335467488983 -1.0499959196015578
5.266 -16.448385078391144 -1.0492259673377053
5.267 -16.44943391262192 -1.048442577369254
5.268 -16.45048195669997 -1.0476456624318955
5.269 -16.451529197057376 -1.0468351365981654
5.2700000000000005 -16.45257562004092 -1.046010915235249
5.271 -16.453621211913454 -1.045172915079186
5.272 -16.454665958855188 -1.0443210541379437
5.273 -16.455709846965046 -1.043455251830751
5.274 -16.456752862262007 -1.0425754288281353
5.275 -16.457794990686434 -1.041681507236306
5.276 -16.458836218101418 -1.0407734104203137
5.277 -16.459876530294142 -1.0398510631745617
5.2780000000000005 -16.460915912977217 -1.038914391573065
5.279 -16.461954351790038 -1.037963323115096
5.28 -16.46299183230015 -1.0369977865912499
5.281 -16.464028340004603 -1.0360177122153555
5.282 -16.465063860331306 -1.0350230315125653
5.283 -16.4660983786404 -1.0340136774097006
5.284 -16.467131880225622 -1.0329895841770311
5.285 -16.46816435031568 -1.0319506874636206
5.2860000000000005 -16.469195774075594 -1.0308969242911175
5.287 -16.470226136608108 -1.0298282330352038
5.288 -16.47125542295503 -1.028744553469478
5.289 -16.472283618098604 -1.0276458267079502
5.29 -16.473310706962906 -1.0265319952722667
5.291 -16.47433667441519 -1.0254030030192114
5.292 -16.475361505267283 -1.0242587952176943
5.293 -16.47638518427694 -1.0230993184738026
5.2940000000000005 -16.477407696149225 -1.021924520796008
5.295 -16.478429025537885 -1.0207343515344964
5.296 -16.479449157046723 -1.019528761450093
5.297 -16.48046807523096 -1.0183077026205594
5.298 -16.48148576459861 -1.0170711285644192
5.299 -16.48250220961185 -1.0158189940744444
5.3 -16.483517394688384 -1.0145512554211782
5.301 -16.48453130420281 -1.0132678701191993
5.3020000000000005 -16.485543922487985 -1.011968797166497
5.303 -16.48655523383638 -1.0106539968062842
5.304 -16.487565222501452 -1.0093234307439183
5.305 -16.488573872698982 -1.0079770619529411
5.306 -16.489581168608446 -1.0066148548281433
5.307 -16.49058709437436 -1.0052367750626163
5.308 -16.491591634107625 -1.0038427897322286
5.309 -16.492594771886885 -1.0024328672395015
5.3100000000000005 -16.49359649175985 -1.0010069773236059
5.311 -16.494596777744647 -0.9995650910853922
5.312 -16.495595613831156 -0.9981071809094254
5.313 -16.49659298398233 -0.9966332205827588
5.314 -16.497588872135545 -0.9951431851258277
5.315 -16.498583262203883 -0.9936370509785577
5.316 -16.49957613807749 -0.9921147957972255
5.317 -16.500567483624867 -0.990576398648383
5.3180000000000005 -16.50155728269419 -0.9890218398032868
5.319 -16.502545519114605 -0.9874511009441387
5.32 -16.50353217669753 -0.9858641649315074
5.321 -16.50451723923796 -0.9842610160435666
5.322 -16.50550069051573 -0.982641639708016
5.323 -16.506482514296835 -0.9810060227767333
5.324 -16.507462694334663 -0.9793541532325843
5.325 -16.508441214371302 -0.9776860204607568
5.3260000000000005 -16.50941805813879 -0.9760016149878722
5.327 -16.51039320936038 -0.97430092870439
5.328 -16.511366651751782 -0.9725839546554781
5.329 -16.512338369022423 -0.970850687214649
5.33 -16.51330834487668 -0.9691011219167558
5.331 -16.51427656301512 -0.9673352555883695
5.332 -16.515243007135712 -0.9655530862355947
5.333 -16.516207660935063 -0.9637546131039244
5.3340000000000005 -16.51717050810962 -0.9619398366461327
5.335 -16.51813153235688 -0.9601087584942944
5.336 -16.519090717376585 -0.9582613815226293
5.337 -16.520048046871917 -0.9563977097183064
5.338 -16.521003504550677 -0.9545177483441417
5.339 -16.52195707412646 -0.9526215037174891
5.34 -16.52290873931982 -0.950708983451441
5.341 -16.52385848385944 -0.9487801961741354
5.3420000000000005 -16.524806291483262 -0.9468351517995054
5.343 -16.52575214593966 -0.944873861250585
5.344 -16.526696030988543 -0.9428963366986636
5.345 -16.52763793040251 -0.9409025913306512
5.346 -16.528577827967943 -0.9388926395421493
5.347 -16.529515707486137 -0.9368664967549026
5.348 -16.530451552774387 -0.9348241795441379
5.349 -16.531385347667083 -0.9327657055360801
5.3500000000000005 -16.532317076016792 -0.9306910934562459
5.351 -16.53324672169534 -0.9286003630890222
5.352 -16.534174268594864 -0.9264935352803696
5.353 -16.535099700628884 -0.924370631934581
5.354 -16.536023001733327 -0.9222316759844925
5.355 -16.536944155867584 -0.9200766914119864
5.356 -16.53786314701553 -0.9179057032038466
5.357 -16.538779959186538 -0.9157187373752527
5.3580000000000005 -16.539694576416498 -0.9135158209405736
5.359 -16.540606982768807 -0.9112969818956906
5.36 -16.541517162335364 -0.9090622492534517
5.361 -16.54242509923754 -0.9068116529524255
5.362 -16.543330777627165 -0.9045452239556273
5.363 -16.54423418168747 -0.9022629941119537
5.364 -16.54513529563405 -0.8999649962957732
5.365 -16.54603410371579 -0.8976512642238846
5.3660000000000005 -16.54693059021581 -0.8953218326384546
5.367 -16.54782473945237 -0.8929767370895918
5.368 -16.548716535779796 -0.8906160141437871
5.369 -16.549605963589368 -0.8882397011438308
5.37 -16.55049300731021 -0.8858478364387348
5.371 -16.55137765141016 -0.8834404591274236
5.372 -16.55225988039666 -0.8810176092920703
5.373 -16.553139678817605 -0.8785793277546964
5.3740000000000006 -16.55401703126217 -0.8761256562786727
5.375 -16.554891922361683 -0.8736566373795244
5.376 -16.555764336790418 -0.8711723144510425
5.377 -16.556634259266428 -0.868672731661669
5.378 -16.557501674552352 -0.8661579339975888
5.3790000000000004 -16.558366567456204 -0.8636279672300498
5.38 -16.559228922832155 -0.8610828779042731
5.381 -16.560088725581306 -0.8585227133430402
5.382 -16.560945960652464 -0.8559475216155417
5.383 -16.561800613042873 -0.8533573515480677
5.384 -16.56265266779898 -0.8507522526930967
5.385 -16.563502110017133 -0.8481322753375918
5.386 -16.564348924844335 -0.8454974704722512
5.3870000000000005 -16.565193097478932 -0.8428478898052865
5.388 -16.56603461317132 -0.8401835857228382
5.389 -16.566873457224617 -0.8375046113047394
5.39 -16.56770961499537 -0.8348110202950796
5.391 -16.56854307189419 -0.8321028671052739
5.392 -16.569373813386427 -0.829380206785457
5.393 -16.570201824992804 -0.8266430950418417
5.394 -16.571027092290056 -0.8238915881873099
5.3950000000000005 -16.571849600911552 -0.8211257431754375
5.396 -16.572669336547907 -0.8183456175443418
5.397 -16.573486284947577 -0.815551269447668
5.398 -16.57430043191746 -0.8127427576107801
5.399 -16.575111763323473 -0.8099201413348706
5.4 -16.575920265091117 -0.8070834805006809
5.401 -16.576725923206034 -0.8042328355099583
5.402 -16.577528723714565 -0.8013682673519408
5.4030000000000005 -16.578328652724277 -0.7984898374914873
5.404 -16.5791256964045 -0.7955976079813535
5.405 -16.579919840986822 -0.7926916413098953
5.406 -16.58071107276562 -0.7897720005444085
5.407 -16.581499378098542 -0.7868387491621075
5.408 -16.582284743406987 -0.7838919511957757
5.409 -16.58306715517659 -0.7809316710761999
5.41 -16.583846599957674 -0.7779579737541162
5.4110000000000005 -16.584623064365704 -0.7749709245724821
5.412 -16.585396535081745 -0.7719705893634855
5.413 -16.586166998852867 -0.76895703433175
5.414 -16.586934442492595 -0.7659303261580527
5.415 -16.587698852881296 -0.7628905318630618
5.416 -16.588460216966595 -0.7598377189328442
5.417 -16.589218521763758 -0.7567719551709692
5.418 -16.589973754356073 -0.7536933088181307
5.4190000000000005 -16.59072590189523 -0.7506018484253141
5.42 -16.59147495160166 -0.7474976429489898
5.421 -16.592220890764917 -0.7443807616432465
5.422 -16.592963706743983 -0.7412512741409456
5.423 -16.59370338696763 -0.7381092503603898
5.424 -16.594439918934704 -0.7349547605723733
5.425 -16.595173290214476 -0.7317878753177223
5.426 -16.59590348844691 -0.7286086654637987
5.4270000000000005 -16.59663050134298 -0.7254172021393968
5.428 -16.59735431668492 -0.7222135567672284
5.429 -16.598074922326525 -0.7189978010227898
5.43 -16.598792306193392 -0.7157700068517285
5.431 -16.599506456283187 -0.7125302464311463
5.432 -16.60021736066588 -0.7092785921956449
5.433 -16.600925007483973 -0.7060151167855172
5.434 -16.601629384952737 -0.702739893085962
5.4350000000000005 -16.602330481360415 -0.6994529941618111
5.436 -16.603028285068433 -0.696154493314631
5.437 -16.603722784511596 -0.692844463995918
5.438 -16.60441396819827 -0.6895229798843331
5.439 -16.605101824710566 -0.6861901147862614
5.44 -16.60578634270451 -0.6828459427157325
5.441 -16.60646751091019 -0.6794905378040683
5.442 -16.607145318131924 -0.6761239743606214
5.4430000000000005 -16.60781975324839 -0.6727463268075128
5.444 -16.60849080521276 -0.6693576697164089
5.445 -16.60915846305284 -0.6659580777610539
5.446 -16.609822715871164 -0.6625476257447923
5.447 -16.610483552845118 -0.6591263885576221
5.448 -16.61114096322703 -0.6556944411986116
5.449 -16.611794936344268 -0.6522518587449503
5.45 -16.612445461599314 -0.6487987163515218
5.4510000000000005 -16.61309252846985 -0.6453350892550934
5.452 -16.613736126508805 -0.6418610527317637
5.453 -16.614376245344438 -0.6383766821432212
5.454 -16.615012874680367 -0.6348820528585198
5.455 -16.61564600429562 -0.6313772403271175
5.456 -16.616275624044672 -0.6278623199857808
5.457 -16.616901723857456 -0.6243373673343464
5.458 -16.617524293739407 -0.6208024578494288
5.4590000000000005 -16.61814332377145 -0.6172576670490089
5.46 -16.61875880411001 -0.6137030704222756
5.461 -16.61937072498701 -0.6101387434693106
5.462 -16.61997907670987 -0.606564761667367
5.463 -16.620583849661465 -0.6029812004672556
5.464 -16.621185034300105 -0.5993881353033185
5.465 -16.62178262115952 -0.5957856415519062
5.466 -16.622376600848806 -0.5921737945716288
5.4670000000000005 -16.622966964052367 -0.5885526696390133
5.468 -16.62355370152988 -0.58492234200727
5.469 -16.624136804116215 -0.5812828868272492
5.47 -16.62471626272139 -0.5776343792171231
5.471 -16.625292068330467 -0.5739768941765384
5.472 -16.6258642120035 -0.5703105066604929
5.473 -16.62643268487542 -0.5666352914939071
5.474 -16.626997478155964 -0.5629513234380986
5.4750000000000005 -16.62755858312955 -0.559258677121559
5.476 -16.628115991155187 -0.5555574270839695
5.477 -16.62866969366636 -0.5518476477328573
5.478 -16.6292196821709 -0.548129413361759
5.479 -16.629765948250867 -0.5444027981324073
5.48 -16.63030848356242 -0.540667876068034
5.481 -16.63084727983566 -0.5369247210603076
5.482 -16.631382328874516 -0.5331734068398191
5.4830000000000005 -16.63191362255657 -0.5294140070024007
5.484 -16.632441152832914 -0.525646594966745
5.485 -16.632964911727985 -0.5218712440059433
5.486 -16.633484891339403 -0.518088027208405
5.487 -16.634001083837795 -0.5142970174993992
5.488 -16.634513481466612 -0.5104982876176279
5.489 -16.635022076541965 -0.5066919101180453
5.49 -16.635526861452416 -0.5028779573679174
5.4910000000000005 -16.636027828658793 -0.49905650153342507
5.492 -16.636524970694 -0.4952276145871019
5.493 -16.63701828016281 -0.49139136828880586
5.494 -16.637507749741644 -0.48754783419462533
5.495 -16.63799337217837 -0.4836970836400937
5.496 -16.638475140292098 -0.47983918774463996
5.497 -16.63895304697292 -0.4759742174005549
5.498 -16.639427085181726 -0.4721022432730891
5.4990000000000006 -16.639897247949943 -0.46822333579205083
5.5 -16.640363528379314 -0.46433756515095803
5.501 -16.640825919641657 -0.46044500129957366
5.502 -16.641284414978607 -0.4565457139419334
5.503 -16.64173900770139 -0.4526397725313573
5.5040000000000004 -16.64218969119055 -0.4487272462651525
5.505 -16.642636458895694 -0.44480820408391214
5.506 -16.64307930433525 -0.44088271466222134
5.507 -16.64351822109618 -0.4369508464117982
5.508 -16.643953202833725 -0.4330126674699352
5.509 -16.644384243271126 -0.42906824570233654
5.51 -16.644811336199346 -0.42511764869618124
5.511 -16.6452344754768 -0.4211609437555745
5.5120000000000005 -16.645653655029065 -0.41719819790245
5.513 -16.64606886884859 -0.4132294778669493
5.514 -16.646480110994418 -0.40925485009019685
5.515 -16.64688737559187 -0.4052743807166658
5.516 -16.64729065683228 -0.40128813559197457
5.517 -16.647689948972662 -0.39729618026256003
5.518 -16.648085246335434 -0.3932985799663069
5.519 -16.64847654330809 -0.38929539963859916
5.5200000000000005 -16.64886383434291 -0.38528670389814546
5.521 -16.649247113956644 -0.3812725570565782
5.522 -16.649626376730176 -0.3772530231029314
5.523 -16.65000161730823 -0.37322816571328676
5.524 -16.650372830399046 -0.36919804823625163
5.525 -16.65074001077405 -0.36516273370120245
5.526 -16.65110315326753 -0.3611222848062864
5.527 -16.65146225277632 -0.35707676392390564
5.5280000000000005 -16.65181730425944 -0.3530262330920763
5.529 -16.652168302737795 -0.34897075401614225
5.53 -16.652515243293823 -0.3449103880645934
5.531 -16.65285812107117 -0.3408451962672584
5.532 -16.653196931274323 -0.3367752393133407
5.533 -16.653531669168302 -0.33270057754925736
5.534 -16.6538623300783 -0.3286212709761898
5.535 -16.654188909389333 -0.3245373792487766
5.5360000000000005 -16.654511402545896 -0.32044896167309794
5.537 -16.65482980505162 -0.31635607720382936
5.538 -16.655144112468907 -0.31225878444446914
5.539 -16.655454320418595 -0.3081571416429505
5.54 -16.655760424579586 -0.30405120669302255
5.541 -16.656062420688496 -0.29994103712954234
5.542 -16.6563603045393 -0.2958266901297824
5.543 -16.656654071982974 -0.29170822250926703
5.5440000000000005 -16.656943718927113 -0.28758569072327256
5.545 -16.657229241335603 -0.2834591508619372
5.546 -16.657510635228228 -0.2793286586529272
5.547 -16.657787896680322 -0.2751942694560399
5.548 -16.65806102182239 -0.2710560382661214
5.549 -16.658330006839755 -0.2669140197078849
5.55 -16.65859484797217 -0.26276826803851605
5.551 -16.65885554151347 -0.2586188371434823
5.5520000000000005 -16.659112083811188 -0.2544657805379096
5.553 -16.659364471266176 -0.2503091513643334
5.554 -16.659612700332254 -0.24614900239204843
5.555 -16.65985676751582 -0.24198538601651595
5.556 -16.660096669375477 -0.23781835425858133
5.557 -16.660332402521668 -0.23364795876318373
5.558 -16.660563963616287 -0.22947425079975703
5.559 -16.660791349372314 -0.22529728125997867
5.5600000000000005 -16.661014556553425 -0.22111710065934495
5.561 -16.661233581973626 -0.21693375913393312
5.562 -16.66144842249687 -0.21274730644303938
5.563 -16.661659075036685 -0.20855779196532517
5.564 -16.661865536555776 -0.2043652647019402
5.565 -16.66206780406567 -0.20016977327266733
5.566 -16.662265874626325 -0.1959713659190125
5.567 -16.66245974534574 -0.1917700905005061
5.5680000000000005 -16.662649413379587 -0.1875659944983242
5.569 -16.662834875930837 -0.18335912501051693
5.57 -16.66301613024936 -0.17914952875719278
5.571 -16.66319317363156 -0.1749372520748007
5.572 -16.66336600341998 -0.17072234092159827
5.573 -16.66353461700294 -0.16650484087235945
5.574 -16.663699011814142 -0.1622847971234499
5.575 -16.66385918533229 -0.15806225448823683
5.5760000000000005 -16.66401513508071 -0.15383725740126
5.577 -16.66416685862698 -0.14960984991506848
5.578 -16.66431435358254 -0.14538007570295605
5.579 -16.664457617602302 -0.14114797805741836
5.58 -16.664596648384286 -0.13691359989141144
5.581 -16.664731443669247 -0.13267698373839293
5.582 -16.664862001240266 -0.12843817175231173
5.583 -16.6649883189224 -0.12419720570881534
5.5840000000000005 -16.665110394582285 -0.11995412700447161
5.585 -16.665228226127773 -0.11570897665863035
5.586 -16.66534181150754 -0.11146179531240501
5.587 -16.665451148710716 -0.1072126232306714
5.588 -16.66555623576651 -0.10296150030118456
5.589 -16.665657070743826 -0.09870846603654591
5.59 -16.6657536517509 -0.09445355957348732
5.591 -16.66584597693491 -0.09019681967473359
5.5920000000000005 -16.665934044481617 -0.08593828472864098
5.593 -16.66601785261498 -0.08167799275076865
5.594 -16.666097399596786 -0.07741598138389413
5.595 -16.66617268372628 -0.07315228789937393
5.596 -16.666243703339795 -0.06888694919750711
5.597 -16.666310456810375 -0.06462000180863486
5.598 -16.666372942547415 -0.06035148189385882
5.599 -16.666431158996286 -0.05608142524598859
5.6000000000000005 -16.666485104637964 -0.05180986729038509
5.601 -16.66653477798867 -0.04753684308607295
5.602 -16.6665801775995 -0.04326238732634342
5.603 -16.66662130205606 -0.03898653434032527
5.604 -16.666658149978108 -0.03470931809324865
5.605 -16.666690720019187 -0.03043077218834411
5.606 -16.666719010866252 -0.026150929867046178
5.607 -16.66674302123933 -0.02186982401085387
5.6080000000000005 -16.666762749891145 -0.01758748714187388
5.609 -16.666778195606767 -0.013303951424275807
5.61 -16.666789357203246 -0.009019248665406054
5.611 -16.66679623352927 -0.004733410316798898
5.612 -16.666798823464795 -0.00044646747572595156
5.613 -16.6667971259207 0.0038415491140401476
5.614 -16.66679113983843 0.008130609060400366
5.615 -16.666780864189647 0.012420682322332437
5.6160000000000005 -16.666766297975883 0.016711739207837594
5.617 -16.666747440228182 0.021003750373443972
5.618 -16.666724290006762 0.025296686822036504
5.619 -16.66669684640067 0.029590519902330515
5.62 -16.66666510852742 0.03388522130671977
5.621 -16.66662907553267 0.03818076307058416
5.622 -16.666588746589873 0.0424771175703071
5.623 -16.666544120899935 0.046774257522285805
5.6240000000000006 -16.666495197690875 0.051072155981184024
5.625 -16.666441976217488 0.055370786338664345
5.626 -16.666384455761012 0.05967012232180892
5.627 -16.666322635628788 0.06397013799167071
5.628 -16.666256515153936 0.06827080774174965
5.6290000000000004 -16.666186093695007 0.07257210629647311
5.63 -16.66611137063567 0.07687400870965942
5.631 -16.666032345384373 0.08117649036294794
5.632 -16.665949017374025 0.08547952696426725
5.633 -16.665861386061657 0.08978309454618959
5.634 -16.665769450928117 0.09408716946442322
5.635 -16.66567321147772 0.09839172839609092
5.636 -16.665572667237956 0.1026967483382398
5.6370000000000005 -16.665467817759158 0.10700220660604882
5.638 -16.665358662614185 0.1113080808313635
5.639 -16.665245201398097 0.11561434896082871
5.64 -16.665127433727868 0.1199209892544371
5.641 -16.66500535924204 0.12422798028362582
5.642 -16.66487897760044 0.12853530092978482
5.643 -16.664748288483857 0.13284293038237438
5.644 -16.66461329159373 0.13715084813735479
5.6450000000000005 -16.664473986651863 0.14145903399534346
5.646 -16.664330373400094 0.14576746805996685
5.647 -16.664182451600016 0.15007613073604764
5.648 -16.66403022103266 0.15438500272790404
5.649 -16.663873681498213 0.15869406503752445
5.65 -16.663712832815705 0.16300329896287766
5.651 -16.663547674822727 0.16731268609600558
5.652 -16.663378207375125 0.17162220832140468
5.6530000000000005 -16.663204430346717 0.17593184781402474
5.654 -16.663026343629003 0.1802415870376538
5.655 -16.662843947130877 0.18455140874295714
5.656 -16.66265724077834 0.18886129596576562
5.657 -16.662466224514212 0.1931712320251342
5.658 -16.66227089829786 0.19748120052165127
5.659 -16.6620712621049 0.20179118533542986
5.66 -16.661867315926933 0.20610117062440925
5.6610000000000005 -16.661659059771274 0.21041114082241413
5.662 -16.661446493660655 0.2147210806372931
5.663 -16.66122961763297 0.21903097504913147
5.664 -16.661008431740992 0.2233408093082624
5.665 -16.66078293605212 0.22765056893349567
5.666 -16.660553130648086 0.23196023971020746
5.667 -16.660319015624722 0.23626980768834183
5.668 -16.660080591091663 0.24057925918082798
5.6690000000000005 -16.65983785717211 0.2448885807611397
5.67 -16.65959081400256 0.2491977592622229
5.671 -16.659339461732536 0.253506781773445
5.672 -16.659083800524364 0.25781563564016113
5.673 -16.65882383055289 0.2621243084600829
5.674 -16.65855955200523 0.26643278808318643
5.675 -16.65829096508053 0.2707410626080089
5.676 -16.658018069989716 0.27504912038141466
5.6770000000000005 -16.657740866955244 0.2793569499951176
5.678 -16.657459356210854 0.28366454028513866
5.679 -16.657173538001334 0.28797188032870435
5.68 -16.656883412582268 0.2922789594432831
5.681 -16.656588980219805 0.2965857671838555
5.682 -16.656290241190423 0.30089229334165374
5.683 -16.655987195780693 0.3051985279416594
5.684 -16.65567984428704 0.3095044612411027
5.6850000000000005 -16.655368187015526 0.3138100837272685
5.686 -16.6550522242816 0.3181153861155504
5.687 -16.654731956409897 0.3224203593478201
5.688 -16.654407383733982 0.3267249945899209
5.689 -16.654078506596154 0.33102928323041986
5.69 -16.653745325347206 0.33533321687794576
5.691 -16.65340784034622 0.33963678735986386
5.692 -16.653066051960334 0.34393998671993986
5.6930000000000005 -16.652719960564543 0.348242807216476
5.694 -16.652369566541477 0.352545241320579
5.695 -16.652014870281185 0.3568472817137576
5.696 -16.65165587218093 0.36114892128655707
5.697 -16.651292572644984 0.3654501531360813
5.698 -16.65092497208442 0.369750970564368
5.699 -16.65055307091691 0.3740513670764102
5.7 -16.65017686956651 0.3783513363778748
5.7010000000000005 -16.64979636846348 0.38265087237394624
5.702 -16.649411568044073 0.38694996916614055
5.703 -16.649022468750346 0.3912486210519049
5.704 -16.648629071029955 0.3955468225210331
5.705 -16.64823137533598 0.39984456825527737
5.706 -16.647829382126716 0.40414185312501616
5.707 -16.6474230918655 0.4084386721885755
5.708 -16.64701250502052 0.4127350206890976
5.7090000000000005 -16.646597622064622 0.4170308940536605
5.71 -16.646178443475137 0.4213262878905395
5.711 -16.645754969733694 0.42562119798772813
5.712 -16.645327201326054 0.4299156203109328
5.713 -16.64489513874192 0.4342095510012899
5.714 -16.644458782474764 0.4385029863741796
5.715 -16.644018133021664 0.44279592291620884
5.716 -16.643573190883117 0.44708835728465346
5.7170000000000005 -16.64312395656289 0.45138028630390026
5.718 -16.642670430567826 0.4556717069653904
5.719 -16.64221261340771 0.45996261642363173
5.72 -16.641750505595088 0.46425301199644337
5.721 -16.641284107645106 0.46854289116090053
5.722 -16.640813420075354 0.4728322515533495
5.723 -16.640338443405703 0.4771210909658704
5.724 -16.63985917815816 0.4814094073456336
5.7250000000000005 -16.639375624856715 0.48569719879213824
5.726 -16.63888778402717 0.4899844635556032
5.727 -16.638395656197005 0.4942712000353354
5.728 -16.637899241895234 0.49855740677707444
5.729 -16.63739854165225 0.5028430824721462
5.73 -16.63689355599968 0.5071282259543554
5.731 -16.63638428547025 0.5114128361993094
5.732 -16.635870730597638 0.5156969123213514
5.7330000000000005 -16.635352891916344 0.5199804535727738
5.734 -16.634830769961543 0.5242634593408203
5.735 -16.634304365268953 0.5285459291469777
5.736 -16.633773678374713 0.5328278626437836
5.737 -16.63323870981524 0.5371092596143834
5.738 -16.632699460127107 0.54139011996906
5.739 -16.632155929846906 0.5456704437450177
5.74 -16.631608119511135 0.5499502311029344
5.7410000000000005 -16.631056029656072 0.5542294823263472
5.742 -16.63049966081765 0.558508197818999
5.743 -16.62993901353134 0.5627863781031961
5.744 -16.62937408833203 0.5670640238181753
5.745 -16.628804885753905 0.5713411357176961
5.746 -16.628231406330354 0.5756177146689375
5.747 -16.627653650593835 0.5798937616496787
5.748 -16.627071619075775 0.5841692777475461
5.7490000000000006 -16.626485312306457 0.5884442641569803
5.75 -16.62589473081492 0.5927187221785613
5.751 -16.62529987512885 0.5969926532160512
5.752 -16.624700745774476 0.6012660587755164
5.753 -16.62409734327647 0.6055389404625986
5.7540000000000004 -16.62348966815786 0.6098112999816192
5.755 -16.622877720939908 0.6140831391326064
5.756 -16.622261502142035 0.6183544598107665
5.757000000000001 -16.62164101228172 0.6226252640032066
5.758 -16.62101625187441 0.6268955537886055
5.759 -16.620387221433425 0.631165331333927
5.76 -16.619753921469883 0.6354345988938682
5.761 -16.619116352492597 0.6397033588079513
5.7620000000000005 -16.618474515008 0.6439716134996873
5.763 -16.61782840952006 0.6482393654737083
5.764 -16.617178036530206 0.6525066173151461
5.765 -16.61652339653724 0.6567733716865058
5.766 -16.615864490037254 0.6610396313269986
5.767 -16.615201317523578 0.6653053990501147
5.768 -16.61453387948669 0.669570677741665
5.769 -16.613862176414138 0.6738354703588169
5.7700000000000005 -16.61318620879048 0.6780997799269205
5.771 -16.612505977097225 0.6823636095395091
5.772 -16.611821481812747 0.6866269623542308
5.773 -16.61113272341223 0.6908898415937658
5.774 -16.61043970236761 0.6951522505409133
5.775 -16.60974241914751 0.6994141925402476
5.776 -16.60904087421717 0.7036756709925369
5.777 -16.60833506803841 0.707936689357056
5.7780000000000005 -16.607625001069565 0.7121972511454677
5.779 -16.606910673765423 0.7164573599243681
5.78 -16.606192086577188 0.720717019309397
5.781 -16.60546923995242 0.7249762329671219
5.782 -16.60474213433499 0.7292350046100875
5.783 -16.604010770165036 0.7334933379977624
5.784 -16.603275147878907 0.7377512369323698
5.785 -16.602535267909136 0.7420087052591487
5.7860000000000005 -16.601791130684386 0.7462657468629191
5.787 -16.601042736629424 0.75052236566763
5.788 -16.60029008616506 0.7547785656334358
5.789 -16.599533179708143 0.7590343507560174
5.79 -16.598772017671493 0.7632897250637067
5.791 -16.598006600463904 0.7675446926169469
5.792 -16.59723692849008 0.7717992575049765
5.793 -16.596463002150628 0.7760534238459865
5.7940000000000005 -16.595684821842028 0.7803071957831919
5.795 -16.594902387956594 0.7845605774851899
5.796 -16.594115700882465 0.7888135731422639
5.797 -16.593324761003586 0.7930661869664792
5.798 -16.59252956869967 0.7973184231878558
5.799 -16.591730124346196 0.8015702860550395
5.8 -16.590926428314386 0.8058217798307743
5.801 -16.590118480971196 0.8100729087930446
5.8020000000000005 -16.589306282679292 0.8143236772305626
5.803 -16.588489833797052 0.8185740894433026
5.804 -16.587669134678542 0.8228241497391202
5.805 -16.586844185673524 0.8270738624328645
5.806 -16.58601498712744 0.8313232318445996
5.807 -16.585181539381413 0.8355722622969529
5.808 -16.584343842772235 0.8398209581149719
5.809 -16.583501897632377 0.8440693236224104
5.8100000000000005 -16.582655704289994 0.848317363142065
5.811 -16.581805263068915 0.8525650809918929
5.812 -16.58095057428865 0.8568124814852118
5.813 -16.580091638264406 0.8610595689273735
5.814 -16.579228455307085 0.8653063476151892
5.815 -16.578361025723293 0.8695528218343328
5.816 -16.577489349815366 0.8737989958581208
5.817 -16.576613427881373 0.8780448739455303
5.8180000000000005 -16.575733260215124 0.8822904603392973
5.819 -16.574848847106203 0.8865357592647578
5.82 -16.573960188839976 0.8907807749273041
5.821 -16.573067285697615 0.8950255115110627
5.822 -16.572170137956114 0.8992699731775593
5.823 -16.571268745888325 0.903514164062498
5.824 -16.570363109762976 0.9077580882765263
5.825 -16.56945322984469 0.9120017498999964
5.8260000000000005 -16.56853910639404 0.9162451529855311
5.827 -16.567620739667554 0.9204883015513317
5.828 -16.566698129917754 0.9247311995847357
5.829 -16.5657712773932 0.9289738510348668
5.83 -16.564840182338518 0.9332162598168932
5.831 -16.56390484499444 0.9374584298036637
5.832 -16.562965265597843 0.9417003648311841
5.833 -16.56202144438179 0.9459420686891713
5.8340000000000005 -16.561073381575582 0.9501835451271422
5.835 -16.56012107740478 0.9544247978449157
5.836 -16.559164532091284 0.9586658304984583
5.837 -16.55820374585335 0.9629066466904819
5.838 -16.55723871890567 0.9671472499764769
5.839 -16.556269451459396 0.971387643855141
5.84 -16.555295943722214 0.9756278317742202
5.841 -16.554318195898386 0.9798678171214603
5.8420000000000005 -16.55333620818882 0.9841076032297933
5.843 -16.55234998079112 0.9883471933689917
5.844 -16.55135951389965 0.992586590750154
5.845 -16.5503648077056 0.9968257985178565
5.846 -16.549365862397035 1.0010648197544378
5.847 -16.548362678158984 1.0053036574722216
5.848 -16.547355255173493 1.0095423146175624
5.849 -16.5463435936197 1.0137807940637538
5.8500000000000005 -16.545327693673897 1.018019098613733
5.851 -16.544307555509622 1.0222572309948161
5.852 -16.543283179297713 1.026495193859596
5.853 -16.542254565206406 1.0307329897820823
5.854 -16.54122171340139 1.0349706212575438
5.855 -16.54018462404591 1.0392080906995054
5.856 -16.539143297300832 1.0434454004389213
5.857 -16.538097733324737 1.0476825527216067
5.8580000000000005 -16.537047932274 1.0519195497071194
5.859 -16.535993894302884 1.0561563934664397
5.86 -16.534935619563623 1.0603930859805792
5.861 -16.53387310820652 1.0646296291386053
5.862 -16.53280636038004 1.0688660247357948
5.863 -16.531735376230884 1.0731022744721022
5.864 -16.530660155904116 1.0773383799500138
5.865 -16.529580699543242 1.0815743426732252
5.8660000000000005 -16.528497007290316 1.085810164044134
5.867 -16.52740907928604 1.0900458453631257
5.868 -16.526316915669874 1.094281387825333
5.869 -16.525220516580124 1.0985167925205406
5.87 -16.524119882154068 1.1027520604295507
5.871 -16.52301501252806 1.106987192424294
5.872 -16.52190590783763 1.111222189264053
5.873 -16.52079256821762 1.115457051595721
5.8740000000000006 -16.51967499380226 1.1196917799497828
5.875 -16.518553184725327 1.1239263747409654
5.876 -16.517427141120233 1.128160836263677
5.877 -16.516296863120168 1.1323951646932229
5.878 -16.515162350858194 1.1366293600809172
5.8790000000000004 -16.51402360446739 1.140863422354932
5.88 -16.512880624080967 1.1450973513167817
5.881 -16.511733409832402 1.1493311466399168
5.882000000000001 -16.510581961855564 1.1535648078688876
5.883 -16.50942628028484 1.1577983344152234
5.884 -16.50826636525527 1.162031725559004
5.885 -16.50710221690269 1.1662649804429825
5.886 -16.505933835363855 1.1704980980749897
5.8870000000000005 -16.504761220776583 1.1747310773222068
5.888 -16.503584373279896 1.1789639169125392
5.889 -16.50240329301416 1.1831966154304734
5.89 -16.501217980121233 1.1874291713167366
5.891 -16.50002843474459 1.191661582865601
5.892 -16.498834657029498 1.1958938482236425
5.893 -16.49763664712315 1.200125965387243
5.894 -16.496434405174824 1.204357932201793
5.8950000000000005 -16.495227931336018 1.2085897463582982
5.896 -16.494017225760622 1.2128214053936635
5.897 -16.492802288605073 1.2170529066862643
5.898 -16.4915831200285 1.2212842474570738
5.899 -16.4903597201929 1.2255154247645668
5.9 -16.489132089263283 1.2297464355064247
5.901 -16.487900227407852 1.2339772764139076
5.902 -16.486664134798158 1.2382079440539535
5.9030000000000005 -16.485423811609266 1.2424384348233863
5.904 -16.484179258019942 1.2466687449509635
5.905 -16.482930474212797 1.250898870491744
5.906 -16.481677460374474 1.2551288073289446
5.907 -16.480420216695826 1.25935855116845
5.908 -16.479158743372086 1.263588097540655
5.909 -16.477893040603046 1.267817441794866
5.91 -16.47662310859324 1.2720465791012556
5.9110000000000005 -16.47534894755213 1.2762755044452483
5.912 -16.474070557694272 1.2805042126293875
5.913 -16.472787939239517 1.2847326982678249
5.914 -16.471501092413202 1.2889609557881432
5.915 -16.470210017446327 1.293188979425919
5.916 -16.46891471457575 1.2974167632262388
5.917 -16.467615184044384 1.3016443010388938
5.918 -16.46631142610139 1.3058715865190518
5.9190000000000005 -16.465003441002377 1.310098613123303
5.92 -16.463691229009587 1.3143253741096572
5.921 -16.462374790392115 1.3185518625340418
5.922 -16.46105412542609 1.322778071249981
5.923 -16.45972923439491 1.3270039929053816
5.924 -16.458400117589406 1.3312296199420142
5.925 -16.457066775308082 1.33545494459228
5.926 -16.455729207857313 1.3396799588789383
5.9270000000000005 -16.45438741555156 1.343904654611589
5.928 -16.453041398713584 1.348129023386554
5.929 -16.451691157674645 1.3523530565833994
5.93 -16.450336692774748 1.3565767453646151
5.931 -16.44897800436283 1.3608000806724807
5.932 -16.447615092797008 1.3650230532283378
5.933 -16.44624795844479 1.3692456535298678
5.934 -16.44487660168329 1.3734678718499984
5.9350000000000005 -16.44350102289947 1.3776896982345117
5.936 -16.442121222490353 1.3819111225007
5.937 -16.44073720086327 1.3861321342351314
5.938 -16.439348958436074 1.3903527227922963
5.939 -16.437956495637383 1.3945728772921955
5.94 -16.436559812906815 1.3987925866194173
5.941 -16.43515891069522 1.40301183942014
5.942 -16.433753789464916 1.4072306241017694
5.9430000000000005 -16.432344449689943 1.4114489288296534
5.944 -16.430930891856296 1.4156667415266728
5.945 -16.429513116462168 1.4198840498703251
5.946 -16.4280911240182 1.4241008412917393
5.947 -16.426664915047716 1.4283171029734665
5.948 -16.425234490086996 1.4325328218478193
5.949 -16.42379984968551 1.436747984595257
5.95 -16.422360994406166 1.4409625776422734
5.9510000000000005 -16.42091792482558 1.4451765871601145
5.952 -16.41947064153433 1.4493899990625032
5.953 -16.4180191451372 1.4536027990043978
5.954 -16.416563436253462 1.4578149723798315
5.955 -16.41510351551711 1.4620265043204672
5.956 -16.41363938357715 1.4662373796937211
5.957 -16.412171041097842 1.47044758310106
5.958 -16.410698488758992 1.4746570988763654
5.9590000000000005 -16.409221727256206 1.4788659110841018
5.96 -16.407740757301145 1.483074003517712
5.961 -16.40625557962183 1.4872813596978864
5.962 -16.404766194962892 1.4914879628708457
5.963 -16.403272604085853 1.4956937960067598
5.964 -16.401774807769403 1.4998988417978978
5.965 -16.40027280680968 1.5041030826572102
5.966 -16.398766602020558 1.5083065007163985
5.9670000000000005 -16.397256194233904 1.512509077824515
5.968 -16.395741584299895 1.5167107955461518
5.969 -16.394222773087275 1.5209116351598921
5.97 -16.39269976148366 1.5251115776566857
5.971 -16.39117255039581 1.5293106037381943
5.972 -16.389641140749944 1.5335086938152593
5.973 -16.38810553349201 1.5377058280062395
5.974 -16.386565729587975 1.5419019861354861
5.9750000000000005 -16.38502173002414 1.546097147731745
5.976 -16.383473535807425 1.5502912920266008
5.977 -16.381921147965667 1.554484397952941
5.978 -16.380364567547915 1.5586764441434064
5.979 -16.37880379562474 1.5628674089288748
5.98 -16.37723883328854 1.567057270336947
5.981 -16.37566968165383 1.5712460060904438
5.982 -16.374096341857552 1.5754335936059283
5.9830000000000005 -16.372518815059397 1.5796200099922115
5.984 -16.37093710244209 1.583805232048926
5.985 -16.36935120521172 1.5879892362650279
5.986 -16.367761124598044 1.5921719988174277
5.987 -16.366166861854786 1.5963534955694987
5.988 -16.36456841825998 1.6005337020697439
5.989 -16.36296579511626 1.6047125935503392
5.99 -16.36135899375119 1.6088901449258244
5.9910000000000005 -16.359748015517575 1.6130663307916677
5.992 -16.358132861793795 1.6172411254230232
5.993 -16.356513533984103 1.6214145027732632
5.994 -16.35489003351897 1.6255864364728592
5.995 -16.353262361855393 1.629756899827837
5.996 -16.351630520477222 1.6339258658188076
5.997 -16.349994510895502 1.6380933070993557
5.998 -16.34835433464878 1.6422591959951793
5.9990000000000006 -16.34670999330344 1.6464235045024753
6.0 -16.345061488454043 1.6505862042871233
6.001 -16.343408821723646 1.6547472666831105
6.002 -16.341751994764135 1.6589066626917703
6.003 -16.340091009256568 1.6630643629802226
6.0040000000000004 -16.3384258669115 1.667220337880631
6.005 -16.336756569469323 1.6713745573888001
6.006 -16.335083118700595 1.6755269911632549
6.007000000000001 -16.333405516406394 1.6796776085241611
6.008 -16.331723764418644 1.6838263784521623
6.009 -16.33003786460046 1.6879732695876033
6.01 -16.32834781884649 1.6921182502291818
6.011 -16.326653629083243 1.6962612883333985
6.0120000000000005 -16.324955297269454 1.7004023515131643
6.013 -16.323252825396416 1.7045414070372673
6.014 -16.321546215488322 1.7086784218291728
6.015000000000001 -16.319835469602616 1.71281336246632
6.016 -16.31812058983034 1.7169461951792022
6.017 -16.316401578296475 1.7210768858505119
6.018 -16.3146784371603 1.7252054000144388
6.019 -16.312951168615733 1.7293317028557562
6.0200000000000005 -16.31121977489168 1.733455759209172
6.021 -16.309484258252382 1.7375775335585868
6.022 -16.307744620997784 1.7416969900363237
6.023 -16.306000865463865 1.7458140924226309
6.024 -16.304252994023003 1.7499288041447842
6.025 -16.302501009084327 1.75404108827677
6.026 -16.300744913094075 1.7581509075384378
6.027 -16.29898470853593 1.7622582242951272
6.0280000000000005 -16.29722039793139 1.7663630005570854
6.029 -16.295451983840127 1.7704651979789527
6.03 -16.293679468860333 1.774564777859291
6.031 -16.291902855629083 1.7786617011403234
6.032 -16.290122146822675 1.7827559284071675
6.033 -16.28833734515702 1.7868474198879374
6.034 -16.28654845338797 1.790936135453079
6.035 -16.284755474311677 1.795022034615028
6.0360000000000005 -16.282958410764973 1.7991050765284664
6.037 -16.28115726562571 1.8031852199891623
6.038 -16.279352041813123 1.8072624234349894
6.039 -16.27754274228819 1.811336644944273
6.04 -16.275729370053984 1.815407842237525
6.041 -16.273911928156046 1.8194759726750744
6.042 -16.27209041968273 1.8235409932597075
6.043 -16.270264847765567 1.827602860633467
6.0440000000000005 -16.26843521557963 1.8316615310815099
6.045 -16.26660152634388 1.8357169605276857
6.046 -16.26476378332154 1.8397691045395577
6.047 -16.262921989820445 1.8438179183233039
6.048 -16.26107614919339 1.8478633567294298
6.049 -16.259226264838514 1.8519053742472795
6.05 -16.257372340199638 1.8559439250109464
6.051 -16.255514378766634 1.8599789627940708
6.0520000000000005 -16.25365238407577 1.8640104410155478
6.053 -16.251786359710085 1.86803831273461
6.054 -16.24991630929972 1.872062530656534
6.055 -16.248042236522313 1.8760830471279144
6.056 -16.246164145103307 1.8800998141420655
6.057 -16.24428203881635 1.884112783335262
6.058 -16.242395921483617 1.8881219059906733
6.059 -16.240505796976183 1.8921271330370606
6.0600000000000005 -16.238611669214375 1.8961284150499487
6.061 -16.23671354216811 1.9001257022530593
6.062 -16.23481141985727 1.9041189445174587
6.063 -16.23290530635203 1.9081080913649204
6.064 -16.230995205773226 1.912093091965362
6.065 -16.229081122292687 1.9160738951418692
6.066 -16.22716306013361 1.920050449367427
6.067 -16.225241023570877 1.9240227027698096
6.0680000000000005 -16.223315016931426 1.9279906031294058
6.069 -16.22138504459458 1.9319540978829075
6.07 -16.219451110992402 1.9359131341224185
6.071 -16.21751322061003 1.9398676585985664
6.072 -16.215571377986024 1.9438176177198072
6.073 -16.21362558771271 1.9477629575557942
6.074 -16.211675854436503 1.9517036238367198
6.075 -16.209722182858265 1.9556395619565823
6.0760000000000005 -16.20776457773363 1.959570716973315
6.077 -16.20580304387334 1.963497033611061
6.078 -16.203837586143575 1.9674184562612245
6.079 -16.201868209466298 1.9713349289853042
6.08 -16.199894918819567 1.9752463955139319
6.081 -16.19791771923788 1.9791527992531743
6.082 -16.19593661581248 1.983054083279824
6.083 -16.193951613691713 1.9869501903516762
6.0840000000000005 -16.191962718081314 1.9908410628993192
6.085 -16.18996993424475 1.9947266430395585
6.086 -16.18797326750353 1.9986068725653887
6.087 -16.185972723237533 2.0024816929600635
6.088 -16.18396830688531 2.0063510453878646
6.089 -16.18196002394439 2.010214870706756
6.09 -16.17994787997162 2.0140731094615054
6.091 -16.177931880583444 2.017925701893592
6.0920000000000005 -16.175912031456214 2.0217725879375266
6.093 -16.173888338326503 2.0256137072283193
6.094 -16.171860806991397 2.0294489990997575
6.095 -16.1698294433088 2.033278402590265
6.096 -16.16779425319772 2.037101856443593
6.097 -16.165755242638568 2.040919299111622
6.098 -16.163712417673448 2.0447306687595512
6.099 -16.161665784406445 2.048535903263178
6.1000000000000005 -16.159615349003907 2.052334940220721
6.101 -16.157561117694723 2.056127716943619
6.102 -16.155503096770605 2.0599141704740433
6.103 -16.15344129258637 2.0636942375726246
6.104 -16.151375711560195 2.067467854736588
6.105 -16.149306360173913 2.0712349581885916
6.106 -16.14723324497325 2.074995483894379
6.107 -16.145156372568106 2.078749367551111
6.1080000000000005 -16.143075749632803 2.0824965446063386
6.109 -16.140991382906353 2.0862369502461413
6.11 -16.138903279192704 2.0899705194127236
6.111 -16.136811445360976 2.093697186796589
6.112 -16.134715888345735 2.097416886847518
6.113 -16.13261661514721 2.101129553776106
6.114 -16.130513632831537 2.104835121555392
6.115 -16.128406948530987 2.1085335239287004
6.1160000000000005 -16.126296569444218 2.1122246944108896
6.117 -16.124182502836472 2.115908566292255
6.118 -16.122064756039816 2.1195850726457417
6.119 -16.119943336453353 2.1232541463252805
6.12 -16.11781825154343 2.126915719978001
6.121 -16.11568950884386 2.130569726038609
6.122 -16.113557115956116 2.134216096745663
6.123 -16.111421080549533 2.137854764133079
6.1240000000000006 -16.10928141036151 2.1414856600466585
6.125 -16.107138113197696 2.14510871613888
6.126 -16.104991196932176 2.1487238638807598
6.127 -16.10284066950766 2.152331034562225
6.128 -16.100686538935648 2.155930159297867
6.1290000000000004 -16.09852881329661 2.1595211690344804
6.13 -16.09636750074016 2.1631039945499384
6.131 -16.094202609485208 2.1666785664675228
6.132000000000001 -16.092034147820122 2.1702448152477527
6.133 -16.08986212410288 2.1738026712119294
6.134 -16.087686546761216 2.1773520645224167
6.135 -16.085507424292764 2.1808929252207454
6.136 -16.083324765265193 2.1844251831916295
6.1370000000000005 -16.08113857831634 2.18794876821754
6.138 -16.07894887215434 2.1914636099292606
6.139 -16.076755655557726 2.1949696378701335
6.140000000000001 -16.074558937375578 2.1984667814406547
6.141 -16.0723587265276 2.2019549699666534
6.142 -16.070155032004237 2.2054341326430844
6.143 -16.067947862866777 2.208904198598192
6.144 -16.065737228247436 2.2123650968484454
6.1450000000000005 -16.06352313734944 2.2158167563460367
6.146 -16.061305599447106 2.2192591059532387
6.147 -16.059084623885933 2.222692074471387
6.148 -16.05686022008264 2.2261155906317347
6.149 -16.05463239752525 2.22952958311141
6.15 -16.052401165773126 2.232933980533775
6.151 -16.05016653445704 2.23632871147926
6.152 -16.0479285132792 2.2397137044882642
6.1530000000000005 -16.045687112013283 2.2430888880693995
6.154 -16.043442340504477 2.2464541907079196
6.155 -16.04119420866949 2.2498095408670173
6.156 -16.038942726496582 2.25315486700248
6.157 -16.036687904045547 2.2564900975609374
6.158 -16.034429751447735 2.2598151609942367
6.159 -16.032168278906045 2.2631299857611644
6.16 -16.029903496694903 2.2664345003388804
6.1610000000000005 -16.02763541516025 2.2697286332239432
6.162 -16.025364044719513 2.27301231294805
6.163 -16.02308939586157 2.276285468076482
6.164 -16.02081147914671 2.2795480272214146
6.165 -16.018530305206585 2.2827999190482786
6.166 -16.01624588474415 2.2860410722789086
6.167 -16.013958228533607 2.2892714157073355
6.168 -16.01166734742032 2.2924908781971305
6.1690000000000005 -16.00937325232076 2.295699388700236
6.17 -16.00707595422239 2.298896876252135
6.171 -16.00477546418359 2.302083269995061
6.172 -16.002471793333555 2.305258499166251
6.173 -16.00016495287217 2.3084224931295565
6.174 -15.997854954069904 2.311575181355943
6.175 -15.99554180826769 2.3147164934638123
6.176 -15.993225526876778 2.3178463591878824
6.1770000000000005 -15.990906121378593 2.3209647084349436
6.178 -15.988583603324603 2.324071471236024
6.179 -15.986257984336136 2.327166577817779
6.18 -15.98392927610423 2.3302499585425522
6.181 -15.981597490389452 2.3333215439888515
6.182 -15.97926263902172 2.336381264883687
6.183 -15.976924733900095 2.3394290521928798
6.184 -15.974583786992607 2.3424648370396386
6.1850000000000005 -15.972239810336019 2.345488550813346
6.186 -15.969892816035628 2.348500125066668
6.187 -15.96754281626503 2.351499491647449
6.188 -15.96518982326589 2.3544865825734154
6.189 -15.962833849347689 2.3574613301829395
6.19 -15.960474906887484 2.3604236670000183
6.191 -15.958113008329637 2.3633735258811335
6.192 -15.955748166185545 2.36631083990015
6.1930000000000005 -15.953380393033369 2.369235542460209
6.194 -15.951009701517734 2.3721475672257935
6.195 -15.948636104349442 2.375046848182782
6.196 -15.946259614305156 2.377933319619249
6.197 -15.943880244227088 2.3808069161445866
6.198 -15.94149800702268 2.3836675727025316
6.199 -15.93911291566426 2.386515224568843
6.2 -15.936724983188704 2.3893498073724118
6.2010000000000005 -15.934334222697078 2.392171257099122
6.202 -15.931940647354287 2.394979510098568
6.203 -15.929544270388687 2.3977745031017945
6.204 -15.927145105091723 2.4005561732187295
6.205 -15.924743164817519 2.4033244579642767
6.206 -15.922338462982493 2.4060792952448598
6.207 -15.919931013064941 2.4088206233967804
6.208 -15.917520828604617 2.4115483811645047
6.2090000000000005 -15.91510792320231 2.4142625077396382
6.21 -15.912692310519397 2.41696294274593
6.211 -15.910274004277404 2.4196496262670393
6.212 -15.907853018257544 2.4223224988472802
6.213 -15.90542936630025 2.4249815014990306
6.214 -15.903003062304698 2.4276265757237963
6.215 -15.90057412022832 2.4302576635071067
6.216 -15.89814255408631 2.432874707342677
6.2170000000000005 -15.895708377951115 2.4354776502266
6.218 -15.89327160595192 2.4380664356893913
6.219 -15.890832252274125 2.4406410077723293
6.22 -15.888390331158803 2.443201311082266
6.221 -15.885945856902161 2.4457472907496762
6.222 -15.883498843854982 2.448278892489467
6.223 -15.881049306422062 2.450796062565294
6.224 -15.878597259061628 2.4532987478408095
6.2250000000000005 -15.876142716284765 2.4557868957484894
6.226 -15.87368569265481 2.4582604543418567
6.227 -15.871226202786756 2.4607193722621803
6.228 -15.868764261346634 2.4631635987901226
6.229 -15.866299883050887 2.4655930838201194
6.23 -15.863833082665742 2.4680077778927534
6.231 -15.861363875006557 2.4704076321990884
6.232 -15.858892274937176 2.472792598577949
6.2330000000000005 -15.856418297369261 2.475162629557414
6.234 -15.853941957261622 2.4775176783140775
6.235 -15.85146326961953 2.4798576987483227
6.236 -15.848982249494023 2.482182645419448
6.237 -15.846498911981213 2.484492473633077
6.238 -15.844013272221558 2.486787139377268
6.239 -15.841525345399154 2.4890665993977583
6.24 -15.839035146740994 2.491330811148539
6.2410000000000005 -15.836542691516232 2.493579732857293
6.242 -15.834047995035428 2.495813323486813
6.243 -15.83155107264979 2.4980315427733983
6.244 -15.829051939750395 2.500234351238369
6.245 -15.826550611767425 2.502421710161478
6.246 -15.824047104169361 2.5045935816584985
6.247 -15.821541432462194 2.5067499285963017
6.248 -15.81903361218861 2.508890714713279
6.2490000000000006 -15.816523658927174 2.5110159045150082
6.25 -15.814011588291509 2.51312546338669
6.251 -15.811497415929445 2.5152193575206763
6.252 -15.808981157522183 2.517297553980431
6.253 -15.806462828783438 2.5193600206822304
6.2540000000000004 -15.803942445458574 2.5214067264096935
6.255 -15.801420023323727 2.5234376408328356
6.256 -15.798895578184926 2.525452734499127
6.257000000000001 -15.796369125877195 2.527451978863523
6.258 -15.793840682263662 2.5294353462749664
6.259 -15.791310263234635 2.53140281001137
6.26 -15.788777884706699 2.5333543442548936
6.261 -15.78624356262177 2.535289924144432
6.2620000000000005 -15.783707312946175 2.5372095257328575
6.263 -15.7811691516697 2.539113126049362
6.264 -15.778629094804627 2.541000703056049
6.265000000000001 -15.77608715838479 2.5428722357065845
6.266 -15.773543358464591 2.5447277039043006
6.267 -15.770997711118019 2.546567088564536
6.268 -15.768450232437674 2.5483903715605045
6.269 -15.76590093853376 2.550197535807213
6.2700000000000005 -15.763349845533083 2.5519885651796317
6.271 -15.760796969578045 2.553763444622413
6.272 -15.758242326825616 2.555522160045743
6.273 -15.75568593344631 2.5572646984560015
6.274 -15.753127805623146 2.5589910478313436
6.275 -15.75056795955061 2.5607011972676967
6.276 -15.748006411433593 2.562395136848761
6.277 -15.745443177486347 2.564072857778718
6.2780000000000005 -15.742878273931405 2.565734352290024
6.279 -15.740311716998512 2.5673796137134035
6.28 -15.737743522923548 2.5690086364665343
6.281 -15.735173707947435 2.570621416034427
6.282 -15.732602288315043 2.5722179490450143
6.283 -15.730029280274088 2.5737982331702463
6.284 -15.727454700074023 2.575362267268469
6.285 -15.724878563964927 2.5769100512339143
6.2860000000000005 -15.72230088819637 2.578441586175736
6.287 -15.719721689016303 2.579956874242606
6.288 -15.717140982669905 2.5814559188133144
6.289 -15.714558785398452 2.5829387243212625
6.29 -15.71197511343817 2.584405296435368
6.291 -15.709389983019074 2.5858556419024623
6.292 -15.706803410363818 2.587289768703937
6.293 -15.704215411686526 2.588707685919317
6.2940000000000005 -15.701626003191615 2.5901094038697985
6.295 -15.699035201072634 2.5914949339884497
6.296 -15.696443021511069 2.592864288958152
6.297 -15.693849480675162 2.594217482581387
6.298 -15.69125459471872 2.5955545299329406
6.299 -15.688658379779918 2.596875447201131
6.3 -15.686060851980093 2.598180251863595
6.301 -15.68346202742255 2.599468962523076
6.3020000000000005 -15.680861922191335 2.6007415990772507
6.303 -15.67826055235004 2.601998182558366
6.304 -15.67565793394056 2.6032387352999926
6.305 -15.673054082981894 2.604463280782113
6.306 -15.670449015468904 2.6056718437929023
6.307 -15.66784274737109 2.606864450271382
6.308 -15.665235294631348 2.608041127474409
6.309 -15.662626673164743 2.609201903818072
6.3100000000000005 -15.660016898857265 2.610346809037182
6.311 -15.657405987564578 2.6114758740411905
6.312 -15.654793955110783 2.612589131052236
6.313 -15.65218081728716 2.6136866134858114
6.314 -15.649566589850926 2.6147683560587534
6.315 -15.646951288523965 2.615834394712278
6.316 -15.64433492899159 2.616884766656906
6.317 -15.641717526901266 2.6179195103721233
6.3180000000000005 -15.639099097861358 2.6189386655699534
6.319 -15.636479657439871 2.6199422732769455
6.32 -15.633859221163178 2.6209303757166227
6.321 -15.631237804514761 2.6219030164555157
6.322 -15.628615422933937 2.6228602402511063
6.323 -15.625992091814595 2.6238020932006396
6.324 -15.623367826503928 2.624728622609766
6.325 -15.620742642301158 2.625639877101679
6.3260000000000005 -15.618116554456268 2.626535906536176
6.327 -15.615489578168738 2.6274167620655846
6.328 -15.612861728586264 2.6282824961007263
6.329 -15.610233020803488 2.6291331623313754
6.33 -15.60760346986074 2.629968815702172
6.331 -15.604973090742751 2.6307895124619303
6.332 -15.6023418983774 2.631595310071645
6.333 -15.599709907634429 2.6323862673338985
6.3340000000000005 -15.597077133324188 2.6331624442390327
6.335 -15.594443590196361 2.6339239021226035
6.336 -15.591809292938708 2.6346707035075188
6.337 -15.589174256175788 2.6354029122557083
6.338 -15.586538494467714 2.6361205934127145
6.339 -15.583902022308878 2.6368238133641086
6.34 -15.581264854126704 2.637512639668932
6.341 -15.578627004280387 2.6381871412247895
6.3420000000000005 -15.575988487059636 2.6388473880990317
6.343 -15.573349316683434 2.6394934516834536
6.344 -15.57070950729878 2.6401254045529385
6.345 -15.568069072979451 2.6407433205747965
6.346 -15.565428027724757 2.641347274817878
6.347 -15.562786385458304 2.6419373436147096
6.348 -15.560144160026763 2.642513604515004
6.349 -15.557501365198636 2.643076136297
6.3500000000000005 -15.55485801466303 2.643625018977693
6.351 -15.552214122028435 2.64416033376755
6.352 -15.549569700821511 2.644682163123023
6.353 -15.546924764485869 2.6451905906869038
6.354 -15.544279326380867 2.6456857013162893
6.355 -15.541633399780402 2.6461675810779077
6.356 -15.53898699787172 2.646636317207283
6.357 -15.53634013375422 2.6470919981701395
6.3580000000000005 -15.53369282043826 2.6475347135657676
6.359 -15.53104507084399 2.647964554226863
6.36 -15.528396897800171 2.648381612099861
6.361 -15.525748314042998 2.6487859803537135
6.362 -15.52309933221495 2.649177753263948
6.363 -15.52044996486363 2.649557026304169
6.364 -15.517800224440617 2.6499238960525684
6.365 -15.515150123300318 2.650278460269727
6.3660000000000005 -15.512499673698848 2.650620817784653
6.367 -15.50984888779288 2.650951068642516
6.368 -15.507197777638554 2.651269313879834
6.369 -15.504546355190334 2.6515756557909573
6.37 -15.501894632299932 2.6518701976043357
6.371 -15.499242620715194 2.6521530438144882
6.372 -15.496590332079021 2.6524242998189083
6.373 -15.493937777928288 2.6526840722737854
6.3740000000000006 -15.491284969692773 2.652932468719352
6.375 -15.488631918694095 2.6531695979259515
6.376 -15.485978636144663 2.65339556954987
6.377 -15.483325133146632 2.6536104944356245
6.378 -15.480671420690873 2.653814484314061
6.3790000000000004 -15.478017509655942 2.65400765208196
6.38 -15.475363410807073 2.654190111482794
6.381 -15.472709134795169 2.654361977440418
6.382000000000001 -15.470054692155813 2.654523365673076
6.383 -15.467400093308274 2.6546743930771037
6.384 -15.46474534855455 2.6548151773183997
6.385 -15.462090468078387 2.6549458372131483
6.386 -15.459435461944345 2.6550664923399796
6.3870000000000005 -15.456780340096843 2.655177263386102
6.388 -15.454125112359236 2.655278271797782
6.389 -15.451469788432899 2.6553696400879625
6.390000000000001 -15.448814377896316 2.6554514915290395
6.391 -15.446158890204181 2.655523950417734
6.392 -15.443503334686532 2.6555871417867287
6.393 -15.440847720547856 2.6556411916907843
6.394 -15.438192056866253 2.655686226858214
6.3950000000000005 -15.43553635259257 2.655722375061247
6.396 -15.432880616549577 2.655749764679423
6.397 -15.430224857431147 2.6557685251314194
6.398000000000001 -15.427569083801444 2.655778786425099
6.399 -15.424913304094124 2.6557806795545518
6.4 -15.422257526611558 2.655774336107896
6.401 -15.419601759524053 2.6557598886095266
6.402 -15.416946010869108 2.6557374701642877
6.4030000000000005 -15.414290288550662 2.6557072147810175
6.404 -15.41163460033837 2.655669257024259
6.405 -15.408978953866885 2.6556237323312657
6.406 -15.406323356635154 2.6555707766772665
6.407 -15.403667816005735 2.655510526858698
6.408 -15.401012339204117 2.6554431202248043
6.409 -15.398356933318073 2.6553686948590753
6.41 -15.395701605296999 2.6552873894255375
6.4110000000000005 -15.393046361951296 2.6551993432569874
6.412 -15.390391209951746 2.6551046962519504
6.413 -15.38773615582892 2.655003588941153
6.414 -15.38508120597258 2.654896162406603
6.415 -15.38242636663112 2.654782558305847
6.416 -15.379771643910999 2.6546629188513826
6.417 -15.377117043776206 2.6545373867663278
6.418 -15.374462572047731 2.6544061053277472
6.4190000000000005 -15.371808234403058 2.654269218273053
6.42 -15.36915403637567 2.6541268698705847
6.421 -15.36649998335456 2.6539792048208706
6.422 -15.363846080583778 2.6538263683149452
6.423 -15.361192333161982 2.6536685059501863
6.424 -15.358538746041997 2.6535057637905353
6.425 -15.355885324030407 2.65333828825739
6.426 -15.353232071787149 2.6531662262192532
6.4270000000000005 -15.35057899382513 2.6529897248697027
6.428 -15.347926094509859 2.6528089318086803
6.429 -15.345273378059096 2.65262399494372
6.43 -15.342620848542511 2.6524350625330158
6.431 -15.339968509881368 2.652242283144596
6.432 -15.337316365848222 2.65204580561795
6.433 -15.334664420066625 2.651845779126364
6.434 -15.332012676010866 2.6516423530172477
6.4350000000000005 -15.329361137005705 2.651435677003717
6.436 -15.326709806226148 2.6512259008877144
6.437 -15.324058686697214 2.6510131748315326
6.438 -15.321407781293733 2.650797649050733
6.439 -15.318757092740166 2.6505794740744286
6.44 -15.316106623610423 2.6503588004697534
6.441 -15.313456376327721 2.650135779063771
6.442 -15.31080635316443 2.6499105607174473
6.4430000000000005 -15.308156556241967 2.649683296475101
6.444 -15.30550698753068 2.649454137431099
6.445 -15.302857648849773 2.649223234783473
6.446 -15.300208541867223 2.6489907397830574
6.447 -15.297559668099733 2.648756803727553
6.448 -15.294911028912695 2.6485215779452593
6.449 -15.29226262552017 2.6482852137677146
6.45 -15.28961445898488 2.6480478625388053
6.4510000000000005 -15.28696653021823 2.6478096755578644
6.452 -15.284318839980328 2.64757080410815
6.453 -15.281671388880044 2.6473313993912178
6.454 -15.279024177375058 2.6470916125744353
6.455 -15.276377205771965 2.646851594674926
6.456 -15.273730474226348 2.6466114966944247
6.457 -15.271083982742905 2.646371469393516
6.458 -15.268437731175577 2.646131663530898
6.4590000000000005 -15.265791719227705 2.645892229560833
6.46 -15.263145946452173 2.6456533179169495
6.461 -15.260500412251615 2.645415078691971
6.462 -15.25785511587859 2.6451776619201337
6.463 -15.255210056435814 2.6449412172723603
6.464 -15.252565232876378 2.644705894314003
6.465 -15.249920644004009 2.6444718422230635
6.466 -15.247276288473314 2.644239210044529
6.4670000000000005 -15.244632164790081 2.6440081463834835
6.468 -15.24198827131156 2.6437787997034374
6.469 -15.239344606246785 2.6435513179825314
6.47 -15.236701167656896 2.6433258490174962
6.471 -15.234057953455489 2.6431025401112924
6.472 -15.231414961408975 2.6428815383234237
6.473 -15.228772189136956 2.6426629902170506
6.474 -15.22612963411262 2.6424470420530337
6.4750000000000005 -15.223487293663151 2.6422338395894953
6.476 -15.220845164970145 2.6420235282289584
6.477 -15.21820324507006 2.6418162528532743
6.478 -15.215561530854666 2.6416121579545946
6.479 -15.21292001907152 2.6414113874714573
6.48 -15.210278706324448 2.6412140849201453
6.481 -15.20763758907405 2.6410203932441774
6.482 -15.204996663638216 2.6408304549127517
6.4830000000000005 -15.202355926192658 2.6406444118181573
6.484 -15.199715372771458 2.640462405325768
6.485 -15.197074999267628 2.6402845762095466
6.486 -15.194434801433689 2.6401110646814065
6.487 -15.191794774882261 2.6399420103257625
6.488 -15.189154915086672 2.639777552149964
6.489 -15.186515217381569 2.639617828499729
6.49 -15.183875676963567 2.63946297709793
6.4910000000000005 -15.181236288891887 2.639313135011906
6.492 -15.178597048089022 2.6391684386258767
6.493 -15.17595794934142 2.6390290236553438
6.494 -15.173318987300162 2.638895025105909
6.495 -15.170680156481676 2.638766577279576
6.496 -15.168041451268454 2.638643813755862
6.497 -15.165402865909785 2.6385268673557167
6.498 -15.16276439452249 2.638415870193131
6.4990000000000006 -15.160126031091696 2.6383109535490954
6.5 -15.15748776947159 2.638212248012797
6.501 -15.154849603386213 2.6381198832922608
6.502 -15.152211526430252 2.6380339883827
6.503 -15.149573532069857 2.637954691374233
6.5040000000000004 -15.146935613643448 2.637882119622126
6.505 -15.144297764362566 2.6378163995452106
6.506 -15.141659977312703 2.6377576568104626
6.507000000000001 -15.139022245454166 2.6377060161236563
6.508 -15.136384561622954 2.63766160139893
6.509 -15.133746918531623 2.6376245356038894
6.51 -15.131109308770196 2.637594940839968
6.511 -15.128471724807051 2.6375729382940434
6.5120000000000005 -15.12583415898985 2.6375586482111366
6.513 -15.123196603546456 2.6375521899483867
6.514 -15.12055905058587 2.6375536818635403
6.515000000000001 -15.117921492099185 2.637563241424071
6.516 -15.11528391996054 2.6375809850718186
6.517 -15.112646325928083 2.637607028335108
6.518 -15.110008701644956 2.637641485703876
6.519 -15.107371038640288 2.6376844707194165
6.5200000000000005 -15.104733328330179 2.6377360958943443
6.521 -15.10209556201872 2.6377964727337684
6.522 -15.099457730899003 2.637865711732396
6.523000000000001 -15.09681982605415 2.637943922332188
6.524 -15.094181838458347 2.6380312129619266
6.525 -15.091543758977895 2.638127690973446
6.526 -15.08890557837225 2.638233462694882
6.527 -15.086267287295096 2.63834863334489
6.5280000000000005 -15.083628876295405 2.6384733071254427
6.529 -15.080990335818528 2.6386075870849077
6.53 -15.078351656207266 2.638751575268108
6.531 -15.075712827702974 2.6389053725232228
6.532 -15.073073840446659 2.63906907870376
6.533 -15.070434684480084 2.639242792435539
6.534 -15.067795349746893 2.639426611336766
6.535 -15.065155826093724 2.639620631800656
6.5360000000000005 -15.062516103271344 2.639824949169911
6.537 -15.059876170935786 2.6400396575781833
6.538 -15.057236018649487 2.640264850078797
6.539 -15.054595635882443 2.640500618504649
6.54 -15.051955012013357 2.6407470536065922
6.541 -15.049314136330805 2.641004244888953
6.542 -15.046672998034397 2.6412722807737268
6.543 -15.044031586235956 2.6415512484200283
6.5440000000000005 -15.041389889960689 2.6418412338975634
6.545 -15.038747898148372 2.6421423219995774
6.546 -15.036105599654537 2.6424545964208863
6.547 -15.033462983251662 2.6427781395733074
6.548 -15.030820037630367 2.643113032757164
6.549 -15.028176751400622 2.6434593559857578
6.55 -15.02553311309294 2.643817188145599
6.551 -15.022889111159596 2.6441866068378674
6.5520000000000005 -15.02024473397583 2.644567688519264
6.553 -15.01759996984107 2.644960508364505
6.554 -15.01495480698015 2.6453651403863114
6.555 -15.012309233544528 2.6457816573197124
6.556 -15.00966323761352 2.6462101307205277
6.557 -15.007016807195518 2.646650630877156
6.558 -15.004369930229227 2.6471032268715438
6.559 -15.0017225945849 2.647567986537385
6.5600000000000005 -14.999074788065565 2.6480449764769367
6.561 -14.99642649840827 2.648534262056211
6.562 -14.993777713285322 2.649035907393127
6.563 -14.991128420305522 2.649549975377195
6.564 -14.98847860701541 2.650076527636434
6.565 -14.98582826090051 2.6506156245804133
6.566 -14.98317736938658 2.651167325338955
6.567 -14.980525919840842 2.651731687839901
6.5680000000000005 -14.977873899573245 2.6523087687107236
6.569 -14.9752212958377 2.652898623395346
6.57 -14.972568095833335 2.6535013060206833
6.571 -14.969914286705738 2.6541168695354194
6.572 -14.967259855548203 2.654745365579743
6.573 -14.964604789402983 2.655386844596166
6.574 -14.961949075262533 2.6560413557419915
6.575 -14.959292700070753 2.656708946960976
6.5760000000000005 -14.956635650724241 2.657389664922467
6.577 -14.953977914073533 2.6580835550778
6.578 -14.951319476924343 2.658790661614172
6.579 -14.948660326038816 2.659511027491129
6.58 -14.946000448136756 2.660244694422707
6.581 -14.943339829896876 2.6609917028822547
6.582 -14.940678457958034 2.661752092111171
6.583 -14.938016318920461 2.6625259001149515
6.5840000000000005 -14.935353399347001 2.663313163659778
6.585 -14.932689685764341 2.664113918297477
6.586 -14.930025164664244 2.6649281983265545
6.587 -14.927359822504766 2.665756036855995
6.588 -14.92469364571149 2.666597465728957
6.589 -14.92202662067874 2.667452515615755
6.59 -14.919358733770803 2.6683212159258645
6.591 -14.916689971323141 2.6692035948935695
6.5920000000000005 -14.914020319643603 2.670099679515679
6.593 -14.911349765013632 2.671009495600155
6.594 -14.908678293689475 2.6719330677451953
6.595 -14.90600589190337 2.6728704193502
6.596 -14.90333254586476 2.6738215726232686
6.597 -14.900658241761471 2.674786548582179
6.598 -14.897982965760907 2.6757653670526658
6.599 -14.895306704011231 2.6767580466898426
6.6000000000000005 -14.892629442642551 2.677764604958134
6.601 -14.889951167768086 2.6787850581639514
6.602 -14.887271865485339 2.6798194214322666
6.603 -14.88459152187726 2.68086770874002
6.604 -14.881910123013416 2.6819299328885804
6.605 -14.879227654951132 2.6830061055516166
6.606 -14.876544103736649 2.6840962372251465
6.607 -14.873859455406263 2.685200337299596
6.6080000000000005 -14.871173695987471 2.686318413990982
6.609 -14.868486811500095 2.6874504744248098
6.61 -14.865798787957415 2.688596524562647
6.611 -14.86310961136729 2.689756569290478
6.612 -14.86041926773327 2.690930612333715
6.613 -14.857727743055705 2.692118656368004
6.614 -14.85503502333285 2.6933207029057007
6.615 -14.852341094561961 2.694536752435224
6.6160000000000005 -14.849645942740384 2.6957668042876497
6.617 -14.84694955386664 2.6970108567826
6.618 -14.844251913941498 2.69826890710166
6.619 -14.84155300896905 2.6995409514226285
6.62 -14.838852824957769 2.700826984801973
6.621 -14.836151347921566 2.7021270013041785
6.622 -14.833448563880841 2.7034409938910255
6.623 -14.830744458863524 2.7047689545403246
6.6240000000000006 -14.828039018906107 2.706110874148265
6.625 -14.825332230054675 2.7074667426357997
6.626 -14.822624078365921 2.7088365488640176
6.627 -14.819914549908162 2.710220280723779
6.628 -14.81720363076234 2.7116179250749113
6.6290000000000004 -14.814491307023019 2.7130294678083047
6.63 -14.811777564799378 2.714454893811327
6.631 -14.809062390216187 2.7158941870092677
6.632000000000001 -14.806345769414783 2.7173473303461515
6.633 -14.803627688554032 2.718814305814656
6.634 -14.800908133811289 2.7202950944490176
6.635 -14.798187091383348 2.7217896763388447
6.636 -14.795464547487374 2.7232980306440213
6.6370000000000005 -14.792740488361847 2.724820135584437
6.638 -14.790014900267474 2.7263559684752816
6.639 -14.787287769488115 2.7279055057054
6.640000000000001 -14.784559082331683 2.729468722775412
6.641 -14.781828825131043 2.731045594279085
6.642 -14.779096984244905 2.7326360939358603
6.643 -14.776363546058702 2.73424019457905
6.644 -14.773628496985463 2.7358578681829524
6.6450000000000005 -14.770891823466677 2.737489085854721
6.646 -14.768153511973146 2.7391338178571543
6.647 -14.765413549005835 2.740792033607811
6.648000000000001 -14.762671921096702 2.7424637016958124
6.649 -14.759928614809533 2.744148789881456
6.65 -14.757183616740756 2.745847265116345
6.651 -14.754436913520253 2.7475590935426566
6.652 -14.751688491812164 2.7492842405077607
6.6530000000000005 -14.74893833831567 2.75102267057257
6.654 -14.746186439765783 2.7527743475190007
6.655 -14.743432782934118 2.7545392343593114
6.656000000000001 -14.740677354629653 2.7563172933498277
6.657 -14.737920141699492 2.7581084859913036
6.658 -14.735161131029605 2.759912773049138
6.659 -14.732400309545561 2.7617301145520896
6.66 -14.729637664213264 2.76356046980913
6.6610000000000005 -14.726873182039663 2.7654037974166927
6.662 -14.724106850073465 2.767260055264716
6.663 -14.721338655405832 2.769129200552126
6.664 -14.718568585171072 2.771011189791213
6.665 -14.715796626547315 2.7729059788171893
6.666 -14.71302276675719 2.774813522803979
6.667 -14.710246993068486 2.776733776263057
6.668 -14.707469292794794 2.7786666930627493
6.6690000000000005 -14.704689653296164 2.78061222643194
6.67 -14.701908061979726 2.7825703289708965
6.671 -14.69912450630032 2.7845409526629923
6.672 -14.696338973761113 2.7865240488786345
6.673 -14.693551451914193 2.7885195683928883
6.674 -14.690761928361175 2.7905274613842894
6.675 -14.68797039075378 2.792547677458324
6.676 -14.685176826794416 2.794580165638133
6.6770000000000005 -14.682381224236742 2.7966248743982174
6.678 -14.679583570886228 2.7986817516430222
6.679 -14.676783854600696 2.800750744755768
6.68 -14.673982063290874 2.8028318005585184
6.681 -14.671178184920905 2.804924865380478
6.682 -14.668372207508883 2.8070298849997335
6.683 -14.665564119127355 2.809146804727685
6.684 -14.66275390790383 2.8112755693387923
6.6850000000000005 -14.659941562021261 2.8134161231605797
6.686 -14.657127069718534 2.815568410003535
6.687 -14.654310419290939 2.817732373247434
6.688 -14.651491599090633 2.8199079557771083
6.689 -14.648670597527099 2.8220951000597743
6.69 -14.645847403067586 2.824293748093885
6.691 -14.64302200423755 2.826503841468742
6.692 -14.640194389621074 2.828725321335104
6.6930000000000005 -14.637364547861297 2.8309581284403924
6.694 -14.634532467660812 2.833202203122644
6.695 -14.631698137782069 2.835457485326756
6.696 -14.628861547047766 2.837723914612416
6.697 -14.626022684341235 2.8400014301587277
6.698 -14.623181538606811 2.842289970782349
6.699 -14.620338098850189 2.844589474934898
6.7 -14.617492354138788 2.846899880721952
6.7010000000000005 -14.614644293602092 2.8492211259066056
6.702 -14.611793906431993 2.851553147918448
6.703 -14.60894118188311 2.8538958838649657
6.704 -14.606086109273111 2.8562492705374383
6.705 -14.603228677983031 2.8586132444214734
6.706 -14.600368877457564 2.860987741706377
6.707 -14.597506697205361 2.8633726982891163
6.708 -14.594642126799314 2.865768049791004
6.7090000000000005 -14.591775155876835 2.868173731556788
6.71 -14.588905774140116 2.8705896786722858
6.711 -14.586033971356395 2.873015825964625
6.712 -14.583159737358203 2.8754521080181314
6.713 -14.580283062043609 2.8778984591747476
6.714 -14.57740393537645 2.8803548135523878
6.715 -14.574522347386564 2.8828211050395622
6.716 -14.571638288169998 2.8852972673220583
6.7170000000000005 -14.568751747889223 2.8877832338665517
6.718 -14.565862716773337 2.8902789379594593
6.719 -14.56297118511825 2.892784312679386
6.72 -14.560077143286879 2.8952992909431643
6.721 -14.557180581709318 2.8978238054754577
6.722 -14.554281490883008 2.9003577888543344
6.723 -14.551379861372904 2.9029011734821752
6.724 -14.548475683811624 2.9054538916287744
6.7250000000000005 -14.545568948899591 2.908015875406893
6.726 -14.542659647405177 2.9105870568071417
6.727 -14.539747770164837 2.9131673676842365
6.728 -14.53683330808322 2.9157567397810222
6.729 -14.533916252133295 2.918355104721382
6.73 -14.530996593356456 2.920962394032955
6.731 -14.52807432286262 2.9235785391372597
6.732 -14.525149431830325 2.926203471376796
6.7330000000000005 -14.522221911506811 2.9288371219990488
6.734 -14.519291753208103 2.931479422190565
6.735 -14.516358948319079 2.934130303054284
6.736 -14.51342348829354 2.9367896956478177
6.737 -14.510485364654262 2.9394575309595448
6.738 -14.507544568993048 2.942133739943948
6.739 -14.504601092970775 2.944818253504161
6.74 -14.501654928317429 2.947511002518694
6.7410000000000005 -14.498706066832131 2.950211917831576
6.742 -14.495754500383171 2.952920930273564
6.743 -14.492800220908013 2.9556379706558418
6.744 -14.48984322041331 2.958362969786828
6.745 -14.486883490974913 2.9610958584724814
6.746 -14.48392102473786 2.9638365675241554
6.747 -14.480955813916374 2.966585027767116
6.748 -14.477987850793841 2.969341170043306
6.7490000000000006 -14.475017127722795 2.9721049252200076
6.75 -14.472043637124887 2.974876224196132
6.751 -14.46906737149085 2.977654997905194
6.752 -14.466088323380461 2.980441177326347
6.753 -14.463106485422493 2.983234693484906
6.7540000000000004 -14.460121850314671 2.986035477462948
6.755 -14.457134410823603 2.98884346040171
6.756 -14.454144159784724 2.991658573508678
6.757000000000001 -14.451151090102226 2.9944807480648508
6.758 -14.448155194748981 2.997309915424855
6.759 -14.445156466766463 3.000146007032588
6.76 -14.442154899264663 3.0029889544115624
6.761 -14.439150485421994 3.0058386891906785
6.7620000000000005 -14.436143218485201 3.008695143084015
6.763 -14.43313309176925 3.0115582479259126
6.764 -14.43012009865723 3.014427935643814
6.765000000000001 -14.427104232600234 3.0173041382961134
6.766 -14.424085487117246 3.020186788046074
6.767 -14.421063855795017 3.023075817195387
6.768 -14.418039332287938 3.02597115816324
6.769 -14.415011910317908 3.0288727435142873
6.7700000000000005 -14.411981583674196 3.0317805059436402
6.771 -14.408948346213297 3.0346943782972406
6.772 -14.405912191858796 3.0376142935654618
6.773000000000001 -14.402873114601201 3.0405401848948315
6.774 -14.399831108497802 3.043471985587784
6.775 -14.396786167672499 3.046409629110919
6.776 -14.393738286315646 3.0493530490961156
6.777 -14.390687458683878 3.0523021793473792
6.7780000000000005 -14.387633679099942 3.0552569538440917
6.779 -14.384576941952508 3.0582173067437304
6.78 -14.381517241696004 3.061183172390436
6.781000000000001 -14.37845457285042 3.064154485312162
6.782 -14.375388930001114 3.067131180233098
6.783 -14.372320307798631 3.0701131920684124
6.784 -14.369248700958495 3.0731004559377406
6.785 -14.366174104261015 3.0760929071593583
6.7860000000000005 -14.363096512551069 3.079090481263001
6.787 -14.36001592073791 3.0820931139850907
6.788 -14.356932323794938 3.0851007412810656
6.789 -14.353845716759496 3.088113299318722
6.79 -14.350756094732644 3.091130724494002
6.791 -14.347663452878937 3.0941529534203247
6.792 -14.344567786426198 3.09717992294706
6.793 -14.34146909066529 3.1002115701475423
6.7940000000000005 -14.33836736094988 3.1032478323371064
6.795 -14.335262592696203 3.1062886470624065
6.796 -14.33215478138283 3.109333952117053
6.797 -14.32904392255041 3.1123836855339277
6.798 -14.325930011801441 3.1154377855967756
6.799 -14.32281304480001 3.118496190836814
6.8 -14.319693017271547 3.1215588400398215
6.801 -14.316569925002566 3.1246256722464296
6.8020000000000005 -14.313443763840414 3.1276966267560873
6.803 -14.310314529693008 3.1307716431297825
6.804 -14.307182218528567 3.13385066119138
6.805 -14.30404682637536 3.1369336210325307
6.806 -14.300908349321428 3.140020463012537
6.807 -14.297766783514312 3.1431111277628316
6.808 -14.29462212516079 3.1462055561886904
6.809 -14.291474370526597 3.1493036894709965
6.8100000000000005 -14.288323515936144 3.152405469069859
6.811 -14.285169557772242 3.155510836725241
6.812 -14.282012492475824 3.1586197344609785
6.813 -14.278852316545654 3.1617321045846927
6.814 -14.275689026538043 3.164847889692575
6.815 -14.272522619066567 3.1679670326680975
6.816 -14.269353090801769 3.1710894766880586
6.817 -14.266180438470869 3.174215165219598
6.8180000000000005 -14.263004658857472 3.177344042027419
6.819 -14.259825748801273 3.1804760511703707
6.82 -14.256643705197755 3.1836111370077647
6.821 -14.253458524997894 3.1867492441975136
6.822 -14.250270205207856 3.189890317700156
6.823 -14.247078742888696 3.1930343027793087
6.824 -14.243884135156053 3.196181145003279
6.825 -14.240686379179841 3.199330790247392
6.8260000000000005 -14.23748547218395 3.2024831846938917
6.827 -14.234281411445929 3.2056382748354015
6.828 -14.231074194296683 3.208796007474064
6.829 -14.227863818120154 3.211956329724807
6.83 -14.224650280353016 3.215119189015193
6.831 -14.221433578484358 3.2182845330873646
6.832 -14.218213710055368 3.22145230999916
6.833 -14.214990672659019 3.2246224681245876
6.8340000000000005 -14.21176446393975 3.227794956156244
6.835 -14.208535081593146 3.2309697231043906
6.836 -14.205302523365628 3.234146718300156
6.837 -14.202066787054118 3.2373258913944145
6.838 -14.198827870505733 3.2405071923603495
6.839 -14.19558577161745 3.2436905714929347
6.84 -14.192340488335796 3.2468759794110102
6.841 -14.189092018656511 3.250063367056774
6.8420000000000005 -14.185840360624233 3.2532526856977135
6.843 -14.18258551233217 3.256443886926292
6.844 -14.179327471921772 3.2596369226612234
6.845 -14.17606623758241 3.262831745147846
6.846 -14.172801807551044 3.266028306958589
6.847 -14.169534180111901 3.269226560993649
6.848 -14.166263353596142 3.2724264604814763
6.849 -14.162989326381531 3.275627958979024
6.8500000000000005 -14.159712096892118 3.2788310103722957
6.851 -14.156431663597898 3.2820355688768728
6.852 -14.153148025014485 3.285241589037649
6.853 -14.149861179702782 3.288449025730061
6.854 -14.146571126268658 3.2916578341592393
6.855 -14.143277863362604 3.2948679698613086
6.856 -14.139981389679415 3.2980793887025217
6.857 -14.13668170395785 3.301292046880499
6.8580000000000005 -14.133378804980309 3.3045059009231252
6.859 -14.130072691572495 3.307720907689992
6.86 -14.126763362603091 3.310937024370839
6.861 -14.12345081698342 3.3141542084874733
6.862 -14.120135053667116 3.3173724178915434
6.863 -14.116816071649803 3.3205916107668165
6.864 -14.11349386996875 3.323811745626855
6.865 -14.110168447702547 3.3270327813167944
6.8660000000000005 -14.106839803970779 3.3302546770117685
6.867 -14.103507937933683 3.3334773922176484
6.868 -14.100172848791832 3.336700886770316
6.869 -14.096834535785794 3.3399251208356544
6.87 -14.093492998195808 3.3431500549092052
6.871 -14.090148235341452 3.3463756498158346
6.872 -14.086800246581316 3.3496018667095124
6.873 -14.08344903131267 3.3528286670727465
6.8740000000000006 -14.080094588971138 3.3560560127165258
6.875 -14.076736919030369 3.3592838657794113
6.876 -14.07337602100171 3.3625121887277873
6.877 -14.070011894433877 3.3657409443544966
6.878 -14.066644538912632 3.3689700957794115
6.8790000000000004 -14.063273954060453 3.3721996064477335
6.88 -14.059900139536209 3.3754294401306644
6.881 -14.056523095034839 3.3786595609236696
6.882000000000001 -14.05314282028702 3.3818899332469283
6.883 -14.04975931505885 3.3851205218438176
6.884 -14.04637257915152 3.3883512917810386
6.885 -14.042982612400994 3.3915822084472564
6.886 -14.039589414677687 3.394813237553071
6.8870000000000005 -14.036192985886144 3.398044345129667
6.888 -14.032793325964718 3.4012754975287014
6.889 -14.029390434885247 3.4045066614209203
6.890000000000001 -14.025984312652746 3.4077378037960373
6.891 -14.022574959305073 3.410968891961268
6.892 -14.019162374912629 3.414199893541144
6.893 -14.015746559578025 3.417430776476119
6.894 -14.012327513435778 3.4206615090221684
6.8950000000000005 -14.00890523665199 3.4238920597495506
6.896 -14.005479729424039 3.427122397542188
6.897 -14.002050991980258 3.4303524915965244
6.898000000000001 -13.998619024579632 3.433582311420797
6.899 -13.99518382751148 3.436811826833885
6.9 -13.991745401095148 3.4400410079645245
6.901 -13.9883037456797 3.443269825250167
6.902 -13.984858861643604 3.4464982494360776
6.9030000000000005 -13.981410749394435 3.449726251574278
6.904 -13.977959409368562 3.452953803022479
6.905 -13.974504842030843 3.4561808754431134
6.906000000000001 -13.97104704787432 3.459407440802135
6.907 -13.967586027419918 3.462633471368103
6.908 -13.964121781216146 3.4658589397108903
6.909 -13.960654309838793 3.4690838187007746
6.91 -13.957183613890622 3.472308081507104
6.9110000000000005 -13.953709694001086 3.475531701597351
6.912 -13.950232550826014 3.4787546527357867
6.913 -13.94675218504733 3.481976908982443
6.914 -13.943268597372747 3.4851984446918425
6.915 -13.939781788535477 3.488419234511856
6.916 -13.93629175929394 3.491639253382471
6.917 -13.932798510431466 3.4948584765345645
6.918 -13.929302042756015 3.4980768794887322
6.9190000000000005 -13.92580235709988 3.5012944380539133
6.92 -13.922299454319397 3.504511128326342
6.921 -13.918793335294671 3.5077269266880253
6.922 -13.915284000929276 3.510941809805754
6.923 -13.911771452149981 3.514155754629525
6.924 -13.908255689906465 3.5173687383915038
6.925 -13.90473671517103 3.5205807386045547
6.926 -13.901214528938329 3.5237917330609303
6.9270000000000005 -13.89768913222508 3.527001699831156
6.928 -13.894160526069799 3.530210617262234
6.929 -13.890628711532509 3.5334184639770356
6.93 -13.88709368969448 3.5366252188719653
6.931 -13.883555461657943 3.539830861116779
6.932 -13.880014028545832 3.543035370151913
6.933 -13.876469391501496 3.546238725688493
6.934 -13.872921551688446 3.549440907705535
6.9350000000000005 -13.869370510290073 3.552641896449939
6.936 -13.865816268509398 3.5558416724338247
6.937 -13.86225882756879 3.5590402164342234
6.938 -13.858698188709711 3.5622375094907532
6.939 -13.855134353192454 3.565433532904992
6.94 -13.85156732229588 3.5686282682382986
6.941 -13.847997097317158 3.571821697311215
6.942 -13.84442367957151 3.575013802201044
6.9430000000000005 -13.84084707039195 3.5782045652416117
6.944 -13.837267271129035 3.5813939690203966
6.945 -13.833684283150605 3.5845819963787204
6.946 -13.830098107841533 3.587768630408489
6.947 -13.826508746603473 3.590953854452596
6.948 -13.822916200854618 3.5941376521017165
6.949 -13.819320472029442 3.5973200071943014
6.95 -13.815721561578458 3.600500903814021
6.9510000000000005 -13.812119470967977 3.603680326288991
6.952 -13.808514201679852 3.6068582591899374
6.953 -13.804905755211255 3.6100346873288034
6.954 -13.801294133074421 3.613209595757373
6.955 -13.797679336796413 3.6163829697655623
6.956 -13.79406136791889 3.6195547948801687
6.957 -13.790440227997859 3.6227250568631857
6.958 -13.786815918603457 3.6258937417104726
6.9590000000000005 -13.783188441319703 3.629060835650064
6.96 -13.779557797744276 3.6322263251409233
6.961 -13.775923989488279 3.6353901968711275
6.962 -13.772287018176014 3.6385524377567573
6.963 -13.768646885444754 3.641713034939877
6.964 -13.765003592944518 3.6448719757877233
6.965 -13.761357142337845 3.648029247890263
6.966 -13.757707535299573 3.651184839059915
6.9670000000000005 -13.75405477351662 3.654338737328527
6.968 -13.750398858687756 3.6574909309475405
6.969 -13.7467397925234 3.6606414083848287
6.97 -13.74307757674539 3.6637901583246815
6.971 -13.739412213086776 3.6669371696649935
6.972 -13.735743703291599 3.6700824315168497
6.973 -13.732072049114684 3.67322593320215
6.974 -13.728397252321434 3.676367664252682
6.9750000000000005 -13.724719314687611 3.67950761440832
6.976 -13.721038237999139 3.6826457736155436
6.977 -13.717354024051888 3.6857821320260826
6.978 -13.713666674651478 3.6889166799951436
6.979 -13.70997619161307 3.6920494080802273
6.98 -13.706282576761167 3.6951803070391964
6.981 -13.702585831929417 3.6983093678293706
6.982 -13.69888595896041 3.7014365816051717
6.9830000000000005 -13.695182959705486 3.704561939717733
6.984 -13.691476836024535 3.707685433712011
6.985 -13.687767589785803 3.710807055326918
6.986 -13.684055222865707 3.713926796491962
6.987 -13.680339737148635 3.7170446493277827
6.988 -13.676621134526762 3.720160606142469
6.989 -13.672899416899858 3.723274659432409
6.99 -13.66917458617511 3.7263868018782222
6.9910000000000005 -13.665446644266927 3.7294970263461615
6.992 -13.661715593096762 3.7326053258832563
6.993 -13.65798143459293 3.7357116937198067
6.994 -13.65424417069043 3.7388161232633217
6.995 -13.650503803330757 3.741918608101908
6.996 -13.646760334461737 3.7450191419980134
6.997 -13.643013766037338 3.7481177188912813
6.998 -13.639264100017511 3.751214332893467
6.9990000000000006 -13.635511338368001 3.7543089782896466
7.0 -13.63175548306019 3.757401649534978
7.001 -13.62799653607091 3.7604923412542113
7.002 -13.624234499382295 3.7635810482399434
7.003 -13.620469374981598 3.7666677654507517
7.0040000000000004 -13.616701164861029 3.769752488010774
7.005 -13.612929871017595 3.7728352112066847
7.006 -13.609155495452939 3.7759159304882024
7.007000000000001 -13.605378040173166 3.7789946414643696
7.008 -13.601597507188698 3.782071339904571
7.009 -13.597813898514108 3.785146021734599
7.01 -13.594027216167964 3.788218683037581
7.011 -13.590237462172672 3.7912893200502937
7.0120000000000005 -13.586444638554328 3.794357929163928
7.013 -13.582648747342558 3.7974245069205277
7.014 -13.578849790570375 3.8004890500134376
7.015000000000001 -13.57504777027402 3.8035515552845074
7.016 -13.571242688492818 3.8066120197233144
7.017 -13.567434547269036 3.8096704404659985
7.018 -13.563623348647726 3.8127268147926183
7.019 -13.559809094676591 3.8157811401278474
7.0200000000000005 -13.555991787405842 3.8188334140369378
7.021 -13.552171428888052 3.8218836342269844
7.022 -13.548348021178015 3.824931798543264
7.023000000000001 -13.544521566332612 3.8279779049694485
7.024 -13.540692066410676 3.8310219516252673
7.025 -13.536859523472847 3.8340639367654674
7.026 -13.533023939581446 3.83710385877885
7.027 -13.529185316800337 3.8401417161853026
7.0280000000000005 -13.525343657194803 3.8431775076374737
7.029 -13.521498962831409 3.8462112319151442
7.03 -13.517651235777873 3.8492428879284915
7.031000000000001 -13.513800478102938 3.852272474712645
7.032 -13.509946691876257 3.8552999914293338
7.033 -13.506089879168254 3.8583254373637397
7.034 -13.502230042050005 3.8613488119237886
7.035 -13.49836718259312 3.8643701146391587
7.0360000000000005 -13.494501302869615 3.8673893451586943
7.037 -13.490632404951807 3.8704065032512815
7.038 -13.486760490912177 3.8734215888012233
7.039000000000001 -13.482885562823267 3.8764346018111326
7.04 -13.47900762275756 3.8794455423958856
7.041 -13.475126672787365 3.882454410786058
7.042 -13.471242714984706 3.885461207322126
7.043 -13.46735575142121 3.8884659324572417
7.0440000000000005 -13.463465784167996 3.8914685867521657
7.045 -13.45957281529557 3.8944691708776444
7.046 -13.455676846873713 3.8974676856091954
7.047 -13.451777880971376 3.9004641318302173
7.048 -13.447875919656578 3.9034585105256316
7.049 -13.4439709649963 3.9064508227864208
7.05 -13.44006301905638 3.9094410698018107
7.051 -13.436152083901415 3.9124292528649827
7.0520000000000005 -13.432238161594665 3.915415373364823
7.053 -13.428321254197947 3.9183994327911167
7.054 -13.424401363771542 3.921381432727621
7.055 -13.4204784923741 3.9243613748556916
7.056 -13.416552642062541 3.9273392609486915
7.057 -13.412623814891967 3.930315092874772
7.058 -13.408692012915566 3.933288872591757
7.059 -13.404757238184521 3.936260602149595
7.0600000000000005 -13.400819492747923 3.939230283685593
7.061 -13.396878778652678 3.9421979194266865
7.062 -13.392935097943425 3.945163511684539
7.063 -13.388988452662451 3.948127062858265
7.064 -13.385038844849598 3.951088575428937
7.065 -13.381086276542183 3.954048051962891
7.066 -13.37713074977492 3.9570054951059315
7.067 -13.373172266579838 3.9599609075865327
7.0680000000000005 -13.369210828986194 3.9629142922106073
7.069 -13.365246439020403 3.965865651863738
7.07 -13.361279098705955 3.968814989507264
7.071 -13.357308810063339 3.9717623081790414
7.072 -13.353335575109972 3.9747076109911106
7.073 -13.34935939586012 3.977650901128824
7.074 -13.345380274324828 3.9805921818501355
7.075 -13.341398212511848 3.983531456483262
7.0760000000000005 -13.337413212425568 3.9864687284271447
7.077 -13.333425276066945 3.9894040011485807
7.078 -13.329434405433435 3.9923372781824114
7.079 -13.325440602518924 3.995268563129533
7.08 -13.321443869313665 3.9981978596560066
7.081 -13.317444207804211 4.0011251714922205
7.082 -13.313441619973359 4.004050502430914
7.083 -13.309436107800078 4.006973856327194
7.0840000000000005 -13.305427673259452 4.009895237096003
7.085 -13.30141631832262 4.012814648712575
7.086 -13.29740204495672 4.015732095209557
7.087 -13.293384855124822 4.018647580677646
7.088 -13.289364750785888 4.021561109262888
7.089 -13.285341733894693 4.024472685166516
7.09 -13.281315806401796 4.027382312643959
7.091 -13.277286970253467 4.030289996002367
7.0920000000000005 -13.273255227391646 4.033195739601814
7.093 -13.269220579753886 4.036099547851267
7.094 -13.26518302927331 4.039001425210731
7.095 -13.261142577878552 4.0419013761868525
7.096 -13.257099227493716 4.044799405334774
7.097 -13.253052980038333 4.047695517254843
7.098 -13.249003837427308 4.0505897165927855
7.099 -13.244951801570876 4.053482008038001
7.1000000000000005 -13.240896874374563 4.056372396322933
7.101 -13.236839057739145 4.059260886221425
7.102 -13.2327783535606 4.062147482548248
7.103 -13.22871476373007 4.065032190157509
7.104 -13.224648290133828 4.067915013941954
7.105 -13.220578934653236 4.070795958831644
7.106 -13.216506699164702 4.073675029793156
7.107 -13.212431585539653 4.076552231827799
7.1080000000000005 -13.2083535956445 4.0794275699724265
7.109 -13.204272731340597 4.082301049294822
7.11 -13.200188994484217 4.085172674897959
7.111 -13.19610238692651 4.088042451912085
7.112 -13.192012910513487 4.090910385501752
7.113 -13.187920567085975 4.093776480855947
7.114 -13.1838253584796 4.096640743196157
7.115 -13.179727286524754 4.0995031777662145
7.1160000000000005 -13.17562635304657 4.102363789840237
7.117 -13.171522559864895 4.105222584712838
7.118 -13.167415908794272 4.108079567706514
7.119 -13.163306401643908 4.110934744162744
7.12 -13.159194040217656 4.113788119448006
7.121 -13.155078826313996 4.116639698946766
7.122 -13.15096076172601 4.119489488065235
7.123 -13.146839848241367 4.122337492226804
7.1240000000000006 -13.142716087642302 4.125183716873569
7.125 -13.138589481705603 4.12802816746333
7.126 -13.134460032202588 4.1308708494703446
7.127 -13.130327740899096 4.133711768382664
7.128 -13.126192609555472 4.136550929702728
7.1290000000000004 -13.12205463992655 4.139388338944609
7.13 -13.117913833761643 4.142224001635269
7.131 -13.113770192804537 4.145057923310461
7.132000000000001 -13.109623718793474 4.147890109517704
7.133 -13.105474413461142 4.150720565810604
7.134 -13.101322278534676 4.153549297753129
7.135 -13.097167315735641 4.1563763109126475
7.136 -13.093009526780031 4.15920161086582
7.1370000000000005 -13.088848913378268 4.162025203189787
7.138 -13.084685477235185 4.164847093469757
7.139 -13.080519220050034 4.167667287288879
7.140000000000001 -13.076350143516484 4.170485790236727
7.141 -13.072178249322612 4.173302607899023
7.142 -13.068003539150906 4.176117745864992
7.143 -13.063826014678273 4.178931209719766
7.144 -13.059645677576032 4.181743005047998
7.1450000000000005 -13.055462529509919 4.184553137430132
7.146 -13.051276572140091 4.187361612442673
7.147 -13.047087807121132 4.190168435657253
7.148000000000001 -13.042896236102058 4.192973612638386
7.149 -13.038701860726322 4.195777148945149
7.15 -13.034504682631827 4.198579050126148
7.151 -13.030304703450925 4.201379321723618
7.152 -13.026101924810435 4.20417796926706
7.1530000000000005 -13.021896348331651 4.206974998277512
7.154 -13.017687975630354 4.209770414261762
7.155 -13.01347680831682 4.212564222715632
7.156000000000001 -13.00926284799584 4.215356429119465
7.157 -13.005046096266732 4.218147038939911
7.158 -13.000826554723353 4.220936057627206
7.159 -12.996604224954119 4.2237234906148595
7.16 -12.992379108542023 4.226509343319053
7.1610000000000005 -12.98815120706465 4.229293621136746
7.162 -12.983920522094197 4.232076329445756
7.163 -12.979687055197493 4.234857473602909
7.164000000000001 -12.975450807936024 4.237637058943917
7.165 -12.97121178186595 4.240415090781483
7.166 -12.96696997853813 4.243191574405582
7.167 -12.962725399498142 4.24596651508079
7.168 -12.958478046286318 4.2487399180477095
7.1690000000000005 -12.95422792043776 4.2515117885189015
7.17 -12.949975023482367 4.2542821316818245
7.171 -12.945719356944872 4.2570509526933344
7.172 -12.94146092234486 4.259818256683601
7.173 -12.937199721196803 4.2625840487505124
7.174 -12.93293575501009 4.265348333962871
7.175 -12.92866902528906 4.268111117355667
7.176 -12.92439953353303 4.270872403932796
7.1770000000000005 -12.920127281236331 4.273632198662557
7.178 -12.915852269888342 4.276390506480024
7.179 -12.91157450097353 4.279147332283139
7.18 -12.907293975971474 4.28190268093435
7.181 -12.903010696356915 4.284656557257455
7.182 -12.898724663599792 4.287408966038509
7.183 -12.89443587916527 4.290159912023315
7.184 -12.890144344513793 4.292909399917902
7.1850000000000005 -12.88585006110112 4.295657434386329
7.186 -12.881553030378367 4.298404020050702
7.187 -12.877253253792048 4.301149161489502
7.188 -12.872950732784123 4.303892863237478
7.189 -12.868645468792037 4.30663512978336
7.19 -12.86433746324877 4.309375965570993
7.191 -12.860026717582883 4.312115374995685
7.192 -12.855713233218566 4.314853362406336
7.1930000000000005 -12.851397011575683 4.317589932101271
7.194 -12.847078054069824 4.320325088330634
7.195 -12.842756362112357 4.323058835291924
7.196 -12.838431937110478 4.325791177132921
7.197 -12.834104780467259 4.328522117946387
7.198 -12.829774893581705 4.331251661773943
7.199 -12.825442277848811 4.333979812600076
7.2 -12.821106934659616 4.336706574356223
7.2010000000000005 -12.81676886540125 4.33943195091494
7.202 -12.812428071457004 4.342155946093603
7.203 -12.808084554206381 4.344878563649406
7.204 -12.803738315025152 4.347599807281384
7.205 -12.799389355285422 4.350319680627954
7.206 -12.79503767635569 4.35303818726604
7.207 -12.790683279600904 4.355755330711138
7.208 -12.786326166382533 4.3584711144148525
7.2090000000000005 -12.781966338058625 4.361185541765478
7.21 -12.777603795983872 4.36389861608576
7.211 -12.773238541509674 4.366610340632998
7.212 -12.768870575984211 4.369320718597234
7.213 -12.764499900752504 4.372029753100976
7.214 -12.760126517156488 4.374737447197898
7.215 -12.755750426535077 4.377443803871849
7.216 -12.751371630224238 4.380148826036264
7.2170000000000005 -12.746990129557059 4.382852516532594
7.218 -12.742605925863824 4.385554878130336
7.219 -12.738219020472087 4.388255913524812
7.22 -12.733829414706737 4.390955625337375
7.221 -12.729437109890085 4.393654016113793
7.222 -12.725042107341933 4.396351088323455
7.223 -12.720644408379652 4.3990468443586135
7.224 -12.716244014318258 4.401741286532936
7.2250000000000005 -12.711840926470497 4.404434417081425
7.226 -12.707435146146917 4.407126238158187
7.227 -12.703026674655952 4.409816751837005
7.228 -12.698615513304006 4.4125059601089
7.229 -12.69420166339553 4.415193864882352
7.23 -12.689785126233113 4.4178804679816785
7.231 -12.68536590311756 4.420565771146096
7.232 -12.680943995347977 4.423249776029314
7.2330000000000005 -12.676519404221864 4.425932484197868
7.234 -12.672092131035196 4.428613897130488
7.235 -12.667662177082514 4.431294016217511
7.236 -12.663229543657014 4.4339728427589025
7.237 -12.658794232050637 4.436650377964714
7.238 -12.654356243554158 4.439326622952639
7.239 -12.649915579457286 4.4420015787482034
7.24 -12.645472241048745 4.444675246283284
7.2410000000000005 -12.64102622961638 4.447347626395053
7.242 -12.63657754644724 4.450018719825451
7.243 -12.632126192827686 4.452688527219741
7.244 -12.62767217004348 4.4553570491258565
7.245 -12.623215479379885 4.458024285993453
7.246 -12.618756122121766 4.460690238172546
7.247 -12.614294099553687 4.463354905913232
7.248 -12.609829412960012 4.466018289363978
7.2490000000000006 -12.605362063625009 4.4686803885711655
7.25 -12.600892052832949 4.471341203478007
7.251 -12.596419381868213 4.474000733923397
7.252 -12.591944052015396 4.476658979641254
7.253 -12.587466064559413 4.479315940259124
7.2540000000000004 -12.582985420785603 4.481971615297954
7.255 -12.578502121979838 4.484626004169816
7.256 -12.574016169428637 4.487279106178908
7.257000000000001 -12.569527564419264 4.489930920518122
7.258 -12.565036308239847 4.4925814462706635
7.259 -12.56054240217949 4.495230682406723
7.26 -12.55604584752838 4.497878627784492
7.261 -12.551546645577902 4.50052528114747
7.2620000000000005 -12.54704479762076 4.503170641125074
7.263 -12.54254030495108 4.505814706230278
7.264 -12.538033168864539 4.50845747485972
7.265000000000001 -12.533523390658472 4.511098945292045
7.266 -12.529010971631998 4.513739115687117
7.267 -12.524495913086133 4.516377984085478
7.268 -12.519978216323914 4.519015548406374
7.269 -12.51545788265052 4.5216518064481175
7.2700000000000005 -12.510934913373395 4.524286755885773
7.271 -12.506409309802365 4.526920394271267
7.272 -12.501881073249772 4.5295527190316935
7.273000000000001 -12.497350205030587 4.53218372746875
7.274 -12.49281670646255 4.5348134167576095
7.275 -12.488280578866283 4.5374417839458925
7.276 -12.483741823565428 4.540068825952931
7.277 -12.479200441886771 4.542694539568445
7.2780000000000005 -12.474656435160377 4.54531892145195
7.279 -12.47010980471971 4.547941968131389
7.28 -12.465560551901781 4.550563676002751
7.281000000000001 -12.461008678047264 4.5531840413280875
7.282 -12.456454184500643 4.555803060236119
7.283 -12.451897072610338 4.558420728719127
7.284 -12.447337343728847 4.561037042634586
7.285 -12.442774999212878 4.563651997701276
7.2860000000000005 -12.43821004042349 4.56626558950146
7.287 -12.433642468726228 4.568877813476628
7.288 -12.429072285491268 4.5714886649298
7.289000000000001 -12.424499492093549 4.574098139021573
7.29 -12.419924089912925 4.576706230771611
7.291 -12.415346080334299 4.579312935055981
7.292 -12.410765464747772 4.581918246606975
7.293 -12.406182244548784 4.584522160012319
7.2940000000000005 -12.40159642113826 4.587124669713224
7.295 -12.397007995922758 4.589725770005028
7.296 -12.392416970314613 4.59232545503422
7.297 -12.387823345732091 4.594923718799735
7.298 -12.383227123599529 4.597520555149741
7.299 -12.378628305347496 4.600115957782727
7.3 -12.374026892412935 4.602709920244845
7.301 -12.36942288623932 4.605302435930372
7.3020000000000005 -12.36481628827681 4.607893498079583
7.303 -12.360207099982397 4.610483099778683
7.304 -12.355595322820067 4.613071233958455
7.305 -12.350980958260951 4.615657893393112
7.306 -12.346364007783489 4.6182430707002
7.307 -12.341744472873577 4.620826758338283
7.308 -12.337122355024736 4.62340894860772
7.309 -12.332497655738264 4.625989633647868
7.3100000000000005 -12.3278703765234 4.628568805438047
7.311 -12.323240518897489 4.631146455794756
7.312 -12.318608084386137 4.633722576372459
7.313 -12.313973074523378 4.636297158661189
7.314 -12.309335490851838 4.638870193986778
7.315 -12.304695334922904 4.641441673509117
7.316 -12.300052608296879 4.644011588221857
7.317 -12.29540731254316 4.646579928950799
7.3180000000000005 -12.290759449240406 4.649146686354048
7.319 -12.286109019976697 4.651711850919541
7.32 -12.281456026349712 4.654275412966131
7.321 -12.276800469966897 4.656837362640473
7.322 -12.272142352445638 4.659397689918328
7.323 -12.267481675413428 4.661956384601662
7.324 -12.26281844050805 4.664513436319496
7.325 -12.258152649377745 4.667068834525512
7.3260000000000005 -12.253484303681383 4.66962256849848
7.327 -12.248813405088647 4.672174627340264
7.328 -12.244139955280207 4.674724999975857
7.329 -12.239463955947896 4.677273675151756
7.33 -12.23478540879489 4.6798206414357795
7.331 -12.23010431553589 4.6823658872155285
7.332 -12.225420677897294 4.684909400698186
7.333 -12.220734497617388 4.687451169909042
7.3340000000000005 -12.216045776446522 4.689991182691224
7.335 -12.2113545161473 4.6925294267043345
7.336 -12.20666071849475 4.69506588942402
7.337 -12.20196438527652 4.697600558140837
7.338 -12.197265518293063 4.700133419959645
7.339 -12.192564119357817 4.7026644617986415
7.34 -12.187860190297396 4.705193670388541
7.341 -12.183153732951784 4.707721032271955
7.3420000000000005 -12.178444749174504 4.710246533802195
7.343 -12.173733240832833 4.712770161142981
7.344 -12.169019209807972 4.715291900267147
7.345 -12.16430265799525 4.7178117369562
7.346 -12.159583587304306 4.720329656799399
7.347 -12.154861999659289 4.722845645192886
7.348 -12.150137896999048 4.725359687339251
7.349 -12.145411281277326 4.727871768246153
7.3500000000000005 -12.140682154462958 4.730381872726438
7.351 -12.135950518540064 4.732889985396309
7.352 -12.131216375508242 4.735396090675795
7.353 -12.126479727382774 4.737900172786702
7.354 -12.121740576194817 4.740402215753248
7.355 -12.116998923991602 4.742902203399987
7.356 -12.11225477283664 4.745400119352367
7.357 -12.107508124809911 4.747895947034832
7.3580000000000005 -12.102758982008076 4.750389669671291
7.359 -12.098007346544668 4.752881270283182
7.36 -12.093253220550304 4.755370731690178
7.361 -12.088496606172882 4.75785803650795
7.362 -12.083737505577785 4.760343167149204
7.363 -12.078975920948087 4.76282610582123
7.364 -12.074211854484755 4.765306834527056
7.365 -12.06944530840686 4.767785335063074
7.3660000000000005 -12.064676284951773 4.770261589019991
7.367 -12.059904786375387 4.772735577780816
7.368 -12.055130814952308 4.77520728252143
7.369 -12.050354372976074 4.777676684209001
7.37 -12.045575462759357 4.7801437636021795
7.371 -12.040794086634182 4.7826085012498805
7.372 -12.036010246952124 4.7850708774912265
7.373 -12.031223946084525 4.787530872454556
7.3740000000000006 -12.026435186422706 4.789988466057203
7.375 -12.021643970378173 4.79244363800473
7.376 -12.016850300382838 4.7948963677905
7.377 -12.01205417888922 4.797346634695151
7.378 -12.00725560837067 4.7997944177860195
7.3790000000000004 -12.002454591321575 4.802239695916744
7.38 -11.997651130257577 4.804682447726661
7.381 -11.992845227715783 4.807122651640434
7.382000000000001 -11.988036886254985 4.809560285867508
7.383 -11.983226108455876 4.811995328401709
7.384 -11.97841289692126 4.8144277570207725
7.385 -11.973597254276271 4.816857549285935
7.386 -11.968779183168591 4.819284682541493
7.3870000000000005 -11.963958686268668 4.821709133914443
7.388 -11.959135766269931 4.8241308803140255
7.389 -11.954310425889007 4.826549898431434
7.390000000000001 -11.949482667865942 4.828966164739342
7.391 -11.944652494964421 4.831379655491687
7.392 -11.939819909971982 4.833790346723172
7.393 -11.934984915700241 4.836198214249133
7.394 -11.930147514985103 4.838603233665008
7.3950000000000005 -11.925307710686994 4.8410053803462905
7.396 -11.92046550569107 4.843404629447977
7.397 -11.915620902907445 4.845800955904605
7.398000000000001 -11.910773905271409 4.84819433442965
7.399 -11.905924515743644 4.8505847395157025
7.4 -11.901072737310457 4.852972145433762
7.401 -11.896218572983992 4.855356526233604
7.402 -11.891362025802453 4.8577378557429105
7.4030000000000005 -11.886503098830328 4.860116107567894
7.404 -11.881641795158611 4.862491255092226
7.405 -11.876778117905022 4.86486327147791
7.406000000000001 -11.871912070214231 4.867232129664056
7.407 -11.86704365525808 4.86959780236794
7.408 -11.862172876235803 4.871960262083691
7.409 -11.857299736374257 4.874319481083466
7.41 -11.852424238928128 4.876675431416157
7.4110000000000005 -11.847546387180174 4.879028084908505
7.412 -11.842666184441434 4.881377413164068
7.413 -11.837783634051455 4.883723387564044
7.414000000000001 -11.832898739378514 4.886065979266634
7.415 -11.828011503819841 4.888405159207581
7.416 -11.823121930801843 4.8907408980998035
7.417 -11.818230023780323 4.893073166433839
7.418 -11.813335786240707 4.89540193447755
7.4190000000000005 -11.808439221698261 4.897727172276662
7.42 -11.803540333698322 4.900048849654383
7.421 -11.798639125816509 4.902366936212124
7.422000000000001 -11.793735601658952 4.90468140132905
7.423 -11.788829764862514 4.906992214162874
7.424 -11.783921619095013 4.9092993436495025
7.425 -11.779011168055439 4.91160275850376
7.426 -11.774098415474176 4.913902427219143
7.4270000000000005 -11.76918336511323 4.916198318068647
7.428 -11.76426602076644 4.918490399104409
7.429 -11.759346386259706 4.920778638158703
7.43 -11.754424465451201 4.923063002843585
7.431 -11.749500262231601 4.925343460551899
7.432 -11.744573780524295 4.927619978457103
7.433 -11.739645024285611 4.929892523513977
7.434 -11.734713997505029 4.932161062459083
7.4350000000000005 -11.729780704205401 4.934425561810755
7.436 -11.724845148443174 4.93668598787041
7.437 -11.719907334308596 4.938942306721874
7.438 -11.71496726592594 4.9411944842332085
7.439 -11.710024947453725 4.9434424860559565
7.44 -11.70508038308492 4.945686277626805
7.441 -11.700133577047168 4.947925824167303
7.442 -11.695184533602994 4.950161090685071
7.4430000000000005 -11.690233257050025 4.952392041974102
7.444 -11.685279751721202 4.954618642615454
7.445 -11.680324021984985 4.956840856978122
7.446 -11.675366072245577 4.9590586492193545
7.447 -11.670405906943127 4.961271983286032
7.448 -11.665443530553944 4.963480822914321
7.449 -11.660478947590699 4.965685131632135
7.45 -11.655512162602646 4.9678848727576455
7.4510000000000005 -11.650543180175822 4.970080009402958
7.452 -11.645572004933253 4.972270504471644
7.453 -11.640598641535172 4.974456320663306
7.454 -11.635623094679207 4.9766374204706025
7.455 -11.630645369100598 4.978813766184024
7.456 -11.625665469572397 4.980985319889368
7.457 -11.62068340090567 4.983152043471556
7.458 -11.615699167949698 4.9853138986136365
7.4590000000000005 -11.610712775592184 4.987470846799012
7.46 -11.605724228759438 4.9896228493120605
7.461 -11.600733532416594 4.991769867239055
7.462 -11.595740691567793 4.993911861470053
7.463 -11.590745711256382 4.996048792698624
7.464 -11.585748596565116 4.998180621425231
7.465 -11.580749352616344 5.000307307955449
7.466 -11.575747984572205 5.002428812404886
7.4670000000000005 -11.57074449763482 5.0045450946962475
7.468 -11.56573889704648 5.006656114565165
7.469 -11.560731188089834 5.008761831556783
7.47 -11.555721376088082 5.010862205032038
7.471 -11.550709466405152 5.012957194163959
7.472 -11.545695464445892 5.015046757944223
7.473 -11.540679375656252 5.017130855179574
7.474 -11.535661205523462 5.019209444498096
7.4750000000000005 -11.530640959576218 5.021282484346029
7.476 -11.525618643384854 5.023349932994142
7.477 -11.520594262561527 5.025411748534203
7.478 -11.515567822760385 5.027467888885796
7.479 -11.510539329677744 5.029518311792777
7.48 -11.505508789052262 5.031562974829954
7.481 -11.500476206665107 5.033601835399974
7.482 -11.49544158834013 5.03563485073958
7.4830000000000005 -11.490404939944026 5.0376619779171055
7.484 -11.485366267386507 5.0396831738382355
7.485 -11.480325576620459 5.041698395244077
7.486 -11.475282873642104 5.0437075987166144
7.487 -11.47023816449117 5.045710740677053
7.488 -11.46519145525103 5.047707777391122
7.489 -11.460142752048883 5.049698664967923
7.49 -11.455092061055884 5.0516833593646675
7.4910000000000005 -11.450039388487312 5.053661816386133
7.492 -11.444984740602715 5.055633991689148
7.493 -11.439928123706057 5.057599840782326
7.494 -11.434869544145867 5.059559319030461
7.495 -11.42980900831538 5.061512381654141
7.496 -11.424746522652677 5.063458983735053
7.497 -11.419682093640837 5.065399080214332
7.498 -11.414615727808053 5.067332625899234
7.4990000000000006 -11.409547431727788 5.06925957546052
7.5 -11.404477212018891 5.071179883440093
7.501 -11.399405075345742 5.0730935042474155
7.502 -11.39433102841837 5.0750003921687545
7.503 -11.38925507799258 5.076900501361344
7.5040000000000004 -11.384177230870085 5.078793785865653
7.505 -11.379097493898614 5.080680199596492
7.506 -11.374015873972041 5.082559696358189
7.507000000000001 -11.368932378030493 5.08443222983347
7.508 -11.363847013060466 5.086297753600221
7.509 -11.358759786094941 5.088156221120108
7.51 -11.353670704213483 5.090007585754223
7.511 -11.348579774542353 5.0918518007542755
7.5120000000000005 -11.343487004254605 5.093688819275
7.513 -11.338392400570195 5.0955185943691195
7.514 -11.333295970756069 5.097341078996022
7.515000000000001 -11.328197722126266 5.099156226020349
7.516 -11.323097662041997 5.100963988217809
7.517 -11.317995797911745 5.1027643182753994
7.518 -11.312892137191351 5.104557168798027
7.519 -11.307786687384088 5.106342492305982
7.5200000000000005 -11.302679456040748 5.108120241244546
7.521 -11.297570450759718 5.109890367980766
7.522 -11.29245967918705 5.111652824810958
7.523000000000001 -11.287347149016542 5.113407563961696
7.524 -11.28223286798979 5.115154537592964
7.525 -11.277116843896266 5.11689369780262
7.526 -11.271999084573372 5.118624996627475
7.527 -11.266879597906502 5.120348386049486
7.5280000000000005 -11.2617583918291 5.122063817994925
7.529 -11.256635474322698 5.1237712443426
7.53 -11.251510853416981 5.12547061692199
7.531000000000001 -11.246384537189822 5.127161887521585
7.532 -11.24125653376733 5.128845007888151
7.533 -11.236126851323881 5.130519929732571
7.534 -11.23099549808216 5.132186604732974
7.535 -11.225862482313186 5.1338449845368475
7.5360000000000005 -11.220727812336344 5.135495020766667
7.537 -11.215591496519409 5.137136665021774
7.538 -11.210453543278565 5.138769868882556
7.539000000000001 -11.205313961078424 5.1403945839144525
7.54 -11.20017275843204 5.142010761670889
7.541 -11.195029943900911 5.14361835369728
7.542 -11.189885526095 5.145217311535428
7.543 -11.184739513672728 5.146807586725513
7.5440000000000005 -11.179591915340964 5.148389130812119
7.545 -11.174442739855042 5.149961895346411
7.546 -11.169291996018728 5.151525831889824
7.547000000000001 -11.164139692684227 5.153080892021082
7.548 -11.158985838752153 5.154627027333117
7.549 -11.153830443171517 5.156164189448129
7.55 -11.148673514939691 5.157692330006825
7.551 -11.143515063102395 5.159211400689486
7.5520000000000005 -11.13835509675365 5.160721353202917
7.553 -11.133193625035748 5.162222139298579
7.554 -11.128030657139211 5.163713710768023
7.555 -11.122866202302749 5.165196019449764
7.556 -11.117700269813202 5.166669017236149
7.557 -11.112532869005493 5.1681326560694165
7.558 -11.107364009262572 5.16958688795961
7.559 -11.102193700015347 5.171031664970233
7.5600000000000005 -11.097021950742626 5.172466939244424
7.561 -11.091848770971044 5.173892662985924
7.562 -11.08667417027499 5.175308788486927
7.563 -11.081498158276519 5.176715268109032
7.564 -11.076320744645285 5.178112054310814
7.565 -11.071141939098435 5.179499099629944
7.566 -11.065961751400534 5.180876356707986
7.567 -11.060780191363456 5.182243778277793
7.5680000000000005 -11.055597268846286 5.183601317180547
7.569 -11.05041299375522 5.184948926362138
7.57 -11.045227376043446 5.18628655888345
7.571 -11.040040425711037 5.187614167919303
7.572 -11.03485215280483 5.188931706769378
7.573 -11.029662567418297 5.190239128856898
7.574 -11.024471679691425 5.191536387737033
7.575 -11.019279499810573 5.192823437100806
7.5760000000000005 -11.014086038008342 5.1941002307779724
7.577 -11.00889130456343 5.19536672274582
7.578 -11.003695309800486 5.196622867127477
7.579 -10.998498064089953 5.197868618205218
7.58 -10.993299577847916 5.199103930415291
7.581 -10.98809986153594 5.200328758363109
7.582 -10.982898925660901 5.201543056818359
7.583 -10.977696780774819 5.202746780728413
7.5840000000000005 -10.972493437474677 5.203939885215754
7.585 -10.967288906402242 5.205122325588959
7.586 -10.96208319824388 5.2062940573426735
7.587 -10.956876323730365 5.207455036168462
7.588 -10.951668293636683 5.208605217949379
7.589 -10.946459118781828 5.209744558782349
7.59 -10.941248810028606 5.210873014957676
7.591 -10.936037378283409 5.211990542997427
7.5920000000000005 -10.930824834496013 5.2130970996206
7.593 -10.925611189659353 5.214192641791907
7.594 -10.920396454809294 5.215277126681559
7.595 -10.915180641024405 5.2163505117160165
7.596 -10.909963759425718 5.217412754536323
7.597 -10.904745821176494 5.218463813052337
7.598 -10.899526837481968 5.219503645396306
7.599 -10.894306819589108 5.22053220997944
7.6000000000000005 -10.889085778786349 5.221549465449377
7.601 -10.883863726403336 5.222555370735945
7.602 -10.878640673810661 5.223549885024261
7.603 -10.87341663241959 5.224532967783704
7.604 -10.868191613681773 5.225504578756306
7.605 -10.862965629088986 5.226464677972652
7.606 -10.857738690172823 5.227413225752028
7.607 -10.852510808504416 5.228350182706537
7.6080000000000005 -10.847281995694127 5.229275509754331
7.609 -10.842052263391256 5.230189168109508
7.61 -10.836821623283726 5.231091119308985
7.611 -10.831590087097771 5.2319813251915175
7.612 -10.826357666597621 5.232859747932074
7.613 -10.821124373585175 5.233726350015854
7.614 -10.815890219899671 5.234581094276055
7.615 -10.810655217417356 5.235423943866787
7.6160000000000005 -10.805419378051141 5.236254862297397
7.617 -10.800182713750266 5.23707381341559
7.618 -10.794945236499936 5.237880761424353
7.619 -10.789706958320979 5.238675670888051
7.62 -10.784467891269479 5.239458506724417
7.621 -10.779228047436414 5.2402292342332535
7.622 -10.773987438947279 5.240987819071381
7.623 -10.76874607796172 5.24173422729031
7.6240000000000006 -10.763503976673146 5.2424684253124605
7.625 -10.75826114730834 5.243190379956019
7.626 -10.753017602127075 5.243900058434732
7.627 -10.74777335342171 5.244597428351866
7.628 -10.742528413516794 5.245282457733757
7.6290000000000004 -10.737282794768655 5.245955114990364
7.63 -10.732036509564988 5.246615368979058
7.631 -10.726789570324442 5.247263188940744
7.632000000000001 -10.721541989496187 5.24789854458105
7.633 -10.716293779559496 5.248521405994799
7.634 -10.71104495302331 5.249131743755665
7.635 -10.705795522425792 5.24972952883271
7.636 -10.700545500333895 5.250314732688167
7.6370000000000005 -10.695294899342908 5.250887327187759
7.638 -10.690043732076001 5.251447284698188
7.639 -10.684792011183768 5.251994578007922
7.640000000000001 -10.679539749343764 5.252529180402957
7.641 -10.674286959260035 5.253051065618957
7.642 -10.669033653662646 5.253560207879384
7.643 -10.663779845307202 5.254056581886402
7.644 -10.65852554697436 5.254540162824052
7.6450000000000005 -10.653270771469348 5.255010926377085
7.646 -10.648015531621466 5.255468848712028
7.647 -10.642759840283585 5.255913906515719
7.648000000000001 -10.637503710331652 5.256346076957997
7.649 -10.63224715466417 5.256765337743975
7.65 -10.6269901862017 5.257171667070467
7.651 -10.621732817886329 5.257565043677161
7.652 -10.616475062681152 5.257945446808995
7.6530000000000005 -10.611216933569747 5.2583128562572545
7.654 -10.605958443555638 5.258667252336964
7.655 -10.600699605661763 5.259008615907723
7.656000000000001 -10.595440432929925 5.259336928373074
7.657 -10.590180938420255 5.259652171682476
7.658 -10.584921135210653 5.25995432834523
7.659 -10.579661036396235 5.26024338141615
7.66 -10.574400655088773 5.260519314533335
7.6610000000000005 -10.569140004416132 5.260782111871871
7.662 -10.563879097521694 5.26103175821818
7.663 -10.558617947563794 5.261268238886616
7.664000000000001 -10.553356567715133 5.261491539826158
7.665 -10.5480949711622 5.261701647510657
7.666 -10.542833171104684 5.261898549069873
7.667 -10.537571180754885 5.262082232151964
7.668 -10.532309013337112 5.262252685086113
7.6690000000000005 -10.527046682087095 5.262409896713646
7.67 -10.521784200251362 5.262553856574088
7.671 -10.516521581086653 5.262684554726458
7.672000000000001 -10.511258837859296 5.262801981930609
7.673 -10.505995983844587 5.262906129483364
7.674 -10.500733032326176 5.26299698937882
7.675 -10.495469996595446 5.263074554169333
7.676 -10.490206889950874 5.263138817098759
7.6770000000000005 -10.484943725697413 5.263189771988074
7.678 -10.479680517145841 5.263227413351597
7.679 -10.474417277612133 5.263251736287614
7.68 -10.469154020416813 5.263262736599398
7.681 -10.463890758884308 5.2632604106801635
7.682 -10.458627506342294 5.2632447556304145
7.683 -10.45336427612105 5.2632157691570045
7.684 -10.44810108155279 5.263173449670119
7.6850000000000005 -10.442837935971008 5.263117796206929
7.686 -10.437574852709812 5.263048808496048
7.687 -10.432311845103255 5.262966486922951
7.688 -10.42704892648467 5.262870832546625
7.689 -10.421786110185982 5.262761847112688
7.69 -10.416523409537048 5.262639533025474
7.691 -10.411260837864958 5.262503893400795
7.692 -10.40599840849337 5.262354932003641
7.6930000000000005 -10.4007361347418 5.2621926533282855
7.694 -10.395474029924959 5.26201706251699
7.695 -10.390212107352037 5.261828165450178
7.696 -10.384950380326021 5.2616259686605265
7.697 -10.379688862142995 5.261410479424924
7.698 -10.374427566091434 5.261181705678385
7.699 -10.369166505451506 5.260939656104142
7.7 -10.363905693494363 5.260684340050463
7.7010000000000005 -10.358645143481432 5.260415767615448
7.702 -10.353384868663706 5.260133949571537
7.703 -10.348124882281033 5.259838897441788
7.704 -10.34286519756139 5.259530623432212
7.705 -10.337605827720177 5.2592091404964085
7.706 -10.332346785959494 5.2588744622875945
7.707 -10.327088085467418 5.258526603195149
7.708 -10.321829739417273 5.258165578328451
7.7090000000000005 -10.316571760966914 5.257791403520578
7.71 -10.311314163257997 5.257404095344316
7.711 -10.306056959415244 5.257003671084226
7.712 -10.300800162545714 5.2565901487825935
7.713 -10.295543785738078 5.256163547183462
7.714 -10.290287842061868 5.25572388580191
7.715 -10.285032344566764 5.255271184852455
7.716 -10.279777306281831 5.25480546532493
7.7170000000000005 -10.2745227402148 5.254326748909154
7.718 -10.269268659351324 5.253835058078451
7.719 -10.264015076654228 5.253330416002094
7.72 -10.25876200506278 5.252812846635494
7.721 -10.253509457491935 5.252282374639268
7.722 -10.248257446831603 5.251739025451022
7.723 -10.243005985945896 5.251182825226051
7.724 -10.237755087672385 5.250613800889243
7.7250000000000005 -10.232504764821357 5.250031980090926
7.726 -10.22725503017506 5.249437391247531
7.727 -10.222005896486964 5.248830063507421
7.728 -10.216757376481011 5.248210026777591
7.729 -10.211509482850863 5.247577311706708
7.73 -10.206262228259156 5.246931949698835
7.731 -10.201015625336755 5.246273972894141
7.732 -10.195769686682 5.245603414201941
7.7330000000000005 -10.19052442485996 5.24492030725296
7.734 -10.185279852401685 5.2442246864584074
7.735 -10.180035981803456 5.243516586942093
7.736 -10.174792825526039 5.24279604461451
7.737 -10.169550395993932 5.242063096092028
7.738 -10.164308705594625 5.241317778782034
7.739 -10.159067766677847 5.240560130795935
7.74 -10.153827591554826 5.2397901910261755
7.7410000000000005 -10.148588192497536 5.239007999088818
7.742 -10.143349581737958 5.238213595349876
7.743 -10.138111771467335 5.237407020926516
7.744 -10.132874773835425 5.236588317660477
7.745 -10.127638600949766 5.2357575281616775
7.746 -10.12240326487493 5.234914695744159
7.747 -10.117168777631784 5.234059864506624
7.748 -10.111935151196757 5.2331930792306265
7.7490000000000006 -10.106702397501094 5.232314385492311
7.75 -10.101470528430129 5.231423829545851
7.751 -10.096239555822551 5.230521458430441
7.752 -10.091009491469663 5.229607319869531
7.753 -10.085780347114664 5.228681462352515
7.7540000000000004 -10.080552134451908 5.22774393507587
7.755 -10.075324865126191 5.226794787963048
7.756 -10.070098550732016 5.225834071678472
7.757000000000001 -10.064873202812878 5.2248618375707725
7.758 -10.059648832860537 5.223878137762814
7.759 -10.054425452314305 5.222883025023464
7.76 -10.049203072560331 5.221876552914634
7.761 -10.043981704930886 5.2208587756304095
7.7620000000000005 -10.038761360703653 5.219829748148251
7.763 -10.033542051101021 5.218789526083531
7.764 -10.02832378728938 5.217738165817094
7.765000000000001 -10.023106580378418 5.216675724374398
7.766 -10.01789044142042 5.215602259527475
7.767 -10.012675381409577 5.214517829700358
7.768 -10.007461411281295 5.213422494045318
7.769 -10.002248541911491 5.21231631237015
7.7700000000000005 -9.997036784115926 5.211199345193558
7.771 -9.991826148649507 5.210071653694679
7.772 -9.986616646205619 5.208933299750173
7.773000000000001 -9.98140828741544 5.2077843458872195
7.774 -9.976201082847277 5.206624855330546
7.775 -9.970995043005887 5.205454891942432
7.776 -9.965790178331824 5.204274520275922
7.777 -9.960586499200772 5.203083805517616
7.7780000000000005 -9.95538401592289 5.201882813529746
7.779 -9.950182738742155 5.200671610807555
7.78 -9.944982677835725 5.1994502645044305
7.781000000000001 -9.939783843313283 5.19821884241459
7.782 -9.934586245216401 5.196977412955722
7.783 -9.92938989351791 5.195726045205764
7.784 -9.924194798121265 5.194464808835748
7.785 -9.919000968859914 5.193193774179482
7.7860000000000005 -9.913808415496687 5.191913012148718
7.787 -9.908617147723172 5.190622594313009
7.788 -9.903427175159106 5.189322592804332
7.789000000000001 -9.898238507351767 5.188013080408237
7.79 -9.893051153775374 5.186694130458206
7.791 -9.887865123830489 5.185365816936605
7.792 -9.882680426843425 5.18402821435218
7.793 -9.877497072065662 5.182681397871543
7.7940000000000005 -9.872315068673265 5.181325443151548
7.795 -9.867134425766306 5.179960426519619
7.796 -9.861955152368303 5.178586424768237
7.797000000000001 -9.856777257425641 5.177203515353106
7.798 -9.85160074980703 5.1758117761857285
7.799 -9.846425638302941 5.174411285824655
7.8 -9.84125193162506 5.173002123279483
7.801 -9.836079638405751 5.171584368184192
7.8020000000000005 -9.83090876719752 5.170158100628273
7.803 -9.825739326472485 5.168723401293692
7.804 -9.82057132462185 5.167280351325863
7.805000000000001 -9.815404769955395 5.165829032429911
7.806 -9.810239670700957 5.164369526783598
7.807 -9.805076035003935 5.162901917087736
7.808 -9.799913870926783 5.161426286528147
7.809 -9.794753186448526 5.1599427187786775
7.8100000000000005 -9.789593989464272 5.158451298001474
7.811 -9.784436287784736 5.1569521088219235
7.812 -9.779280089135764 5.1554452363474415
7.813 -9.774125401157871 5.153930766132634
7.814 -9.768972231405785 5.15240878420099
7.815 -9.763820587347992 5.15087937700947
7.816 -9.758670476366298 5.149342631469596
7.817 -9.753521905755383 5.147798634910156
7.8180000000000005 -9.748374882722377 5.1462474751089715
7.819 -9.743229414386436 5.144689240236698
7.82 -9.738085507778326 5.143124018898773
7.821 -9.732943169840011 5.141551900095769
7.822 -9.727802407424258 5.139972973219097
7.823 -9.722663227294241 5.138387328073931
7.824 -9.717525636123147 5.136795054811067
7.825 -9.712389640493809 5.135196244003037
7.8260000000000005 -9.707255246898326 5.133590986540306
7.827 -9.702122461737698 5.131979373724112
7.828 -9.696991291321481 5.130361497155983
7.829 -9.691861741867422 5.128737448840081
7.83 -9.686733819501127 5.127107321055116
7.831 -9.681607530255729 5.125471206473715
7.832 -9.676482880071557 5.12382919802813
7.833 -9.671359874795822 5.122181389021195
7.8340000000000005 -9.666238520182308 5.120527873012028
7.835 -9.661118821891062 5.1188687438998635
7.836 -9.656000785488114 5.117204095838883
7.837 -9.650884416445177 5.115534023294115
7.838 -9.645769720139374 5.113858620981637
7.839 -9.640656701852974 5.1121779839012556
7.84 -9.635545366773124 5.110492207294843
7.841 -9.630435719991596 5.108801386669149
7.8420000000000005 -9.62532776650454 5.107105617758445
7.843 -9.620221511212252 5.105404996539064
7.844 -9.615116958918941 5.103699619209073
7.845 -9.610014114332511 5.101989582183696
7.846 -9.604912982064347 5.100274982082372
7.847 -9.599813566629106 5.0985559157375135
7.848 -9.594715872444533 5.096832480146724
7.849 -9.589619903831263 5.095104772529462
7.8500000000000005 -9.58452566501265 5.093372890232548
7.851 -9.57943316011459 5.091636930821561
7.852 -9.574342393165363 5.089896991963616
7.853 -9.569253368095477 5.088153171532546
7.854 -9.564166088737528 5.0864055674872235
7.855 -9.559080558826057 5.0846542779682276
7.856 -9.553996781997427 5.0828994012007325
7.857 -9.548914761789701 5.081141035551549
7.8580000000000005 -9.54383450164253 5.079379279480609
7.859 -9.53875600489706 5.0776142315438415
7.86 -9.533679274795823 5.075845990406285
7.861 -9.528604314482664 5.074074654776502
7.862 -9.52353112700266 5.0723003234847885
7.863 -9.518459715302052 5.070523095370756
7.864 -9.513390082228193 5.068743069380156
7.865 -9.508322230529483 5.066960344464249
7.8660000000000005 -9.50325616285534 5.065175019632098
7.867 -9.498191881756158 5.063387193930506
7.868 -9.493129389683293 5.061596966387739
7.869 -9.488068688989035 5.059804436106377
7.87 -9.483009781926606 5.058009702116166
7.871 -9.477952670650163 5.056212863522823
7.872 -9.472897357214809 5.054414019332328
7.873 -9.467843843576599 5.052613268618519
7.8740000000000006 -9.462792131592586 5.050810710327462
7.875 -9.457742223020842 5.049006443467593
7.876 -9.452694119520512 5.0472005668926885
7.877 -9.447647822651858 5.0453931795042815
7.878 -9.442603333876326 5.043584380038213
7.8790000000000004 -9.437560654556616 5.041774267250183
7.88 -9.43251978595676 5.039962939725345
7.881 -9.427480729242204 5.03815049603753
7.882000000000001 -9.422443485479914 5.036337034589032
7.883 -9.41740805563847 5.0345226537386605
7.884 -9.412374440588183 5.03270745166817
7.885 -9.407342641101216 5.030891526490922
7.886 -9.402312657851716 5.02907497613411
7.8870000000000005 -9.397284491415943 5.027257898431571
7.888 -9.392258142272427 5.02544039101908
7.889 -9.387233610802115 5.023622551420293
7.890000000000001 -9.382210897288537 5.021804476951903
7.891 -9.377190001917977 5.019986264783718
7.892 -9.372170924779653 5.018168011883725
7.893 -9.367153665865901 5.016349815040429
7.894 -9.362138225072378 5.014531770832131
7.8950000000000005 -9.357124602198256 5.012713975640821
7.896 -9.352112796946448 5.010896525614419
7.897 -9.347102808923813 5.00907951670179
7.898000000000001 -9.342094637641395 5.007263044589646
7.899 -9.337088282514658 5.005447204752624
7.9 -9.332083742863725 5.003632092394931
7.901 -9.327081017913637 5.001817802476651
7.902 -9.322080106794608 5.000004429693056
7.9030000000000005 -9.317081008542297 4.9981920684575245
7.904 -9.312083722098084 4.996380812918956
7.905 -9.307088246309348 4.994570756922867
7.906000000000001 -9.302094579929769 4.992761994032388
7.907 -9.297102721619611 4.990954617500737
7.908 -9.292112669946052 4.9891487202642955
7.909 -9.287124423383473 4.987344394968038
7.91 -9.282137980313802 4.98554173388164
7.9110000000000005 -9.277153339026825 4.9837408290106415
7.912 -9.27217049772054 4.981941771936283
7.913 -9.267189454501484 4.980144653985299
7.914000000000001 -9.262210207385102 4.978349566029019
7.915 -9.257232754296092 4.976556598684671
7.916 -9.25225709306878 4.974765842079342
7.917 -9.247283221447484 4.972977386095149
7.918 -9.242311137086906 4.971191320092144
7.9190000000000005 -9.237340837552512 4.969407733178643
7.92 -9.232372320320929 4.967626713927055
7.921 -9.227405582780342 4.965848350639447
7.922000000000001 -9.22244062223091 4.964072731081096
7.923 -9.217477435885172 4.9622999427073955
7.924 -9.212516020868478 4.960530072460298
7.925 -9.20755637421941 4.958763206917408
7.926 -9.202598492890223 4.95699943217224
7.9270000000000005 -9.19764237374728 4.955238833899158
7.928 -9.192688013571509 4.953481497307675
7.929 -9.187735409058844 4.951727507160117
7.930000000000001 -9.182784556820703 4.94997694774085
7.931 -9.177835453384443 4.948229902885534
7.932 -9.172888095193835 4.946486455923243
7.933 -9.167942478609547 4.944746689734994
7.934 -9.162998599909626 4.943010686679166
7.9350000000000005 -9.158056455289994 4.941278528653172
7.936 -9.153116040864942 4.939550297018349
7.937 -9.148177352667634 4.937826072667043
7.938 -9.143240386650618 4.936105935944352
7.939 -9.138305138686333 4.934389966707221
7.94 -9.133371604567644 4.932678244267204
7.941 -9.128439780008353 4.93097084742269
7.942 -9.123509660643744 4.929267854426581
7.9430000000000005 -9.118581242031105 4.927569343000772
7.944 -9.113654519650284 4.925875390315676
7.945 -9.10872948890423 4.924186072998651
7.946 -9.103806145119544 4.92250146711062
7.947 -9.098884483547039 4.92082164816875
7.948 -9.093964499362306 4.919146691105602
7.949 -9.089046187666279 4.917476670303265
7.95 -9.0841295434858 4.915811659549583
7.9510000000000005 -9.079214561774211 4.914151732073113
7.952 -9.074301237411927 4.912496960496915
7.953 -9.06938956520702 4.9108474168740806
7.954 -9.064479539895817 4.909203172650325
7.955 -9.059571156143491 4.907564298682586
7.956 -9.054664408544665 4.905930865220414
7.957 -9.04975929162401 4.904302941910576
7.958 -9.04485579983686 4.902680597784605
7.9590000000000005 -9.03995392756982 4.9010639012693655
7.96 -9.035053669141387 4.899452920156567
7.961 -9.030155018802564 4.8978477216361656
7.962 -9.025257970737487 4.896248372251525
7.963 -9.02036251906406 4.894654937932728
7.964 -9.015468657834575 4.893067483965802
7.965 -9.010576381036357 4.89148607500129
7.966 -9.005685682592397 4.889910775056233
7.9670000000000005 -9.000796556361998 4.888341647489912
7.968 -8.995908996141418 4.88677875503089
7.969 -8.991022995664522 4.88522215974132
7.97 -8.986138548603433 4.883671923041005
7.971 -8.981255648569183 4.882128105688586
7.972 -8.97637428911238 4.880590767779041
7.973 -8.97149446372386 4.879059968755026
7.974 -8.966616165835358 4.87753576738213
7.9750000000000005 -8.96173938882017 4.876018221766546
7.976 -8.95686412599383 4.874507389338384
7.977 -8.95199037061477 4.873003326857681
7.978 -8.947118115885003 4.871506090406233
7.979 -8.9422473549508 4.870015735390618
7.98 -8.937378080903365 4.868532316532959
7.981 -8.932510286779522 4.867055887877285
7.982 -8.92764396556239 4.865586502781163
7.9830000000000005 -8.922779110182079 4.864124213911832
7.984 -8.91791571351637 4.862669073255424
7.985 -8.91305376839141 4.861221132100364
7.986 -8.908193267582398 4.859780441048822
7.987 -8.903334203814284 4.85834705000063
7.988 -8.898476569762455 4.8569210081746315
7.989 -8.893620358053441 4.855502364071489
7.99 -8.88876556126561 4.854091165518896
7.9910000000000005 -8.88391217192986 4.852687459618072
7.992 -8.87906018253033 4.851291292794931
7.993 -8.874209585505094 4.849902710749982
7.994 -8.869360373246865 4.848521758499674
7.995 -8.864512538103705 4.847148480340696
7.996 -8.859666072379722 4.845782919878936
7.997 -8.85482096833578 4.844425119998496
7.998 -8.849977218190201 4.84307512289406
7.9990000000000006 -8.845134814119477 4.841732970033486
8.0 -8.840293748258976 4.840398702199987
8.001 -8.83545401270365 4.839072359437141
8.002 -8.830615599508743 4.83775398112205
8.003 -8.825778500690502 4.836443605866496
8.004 -8.820942708226886 4.835141271640395
8.005 -8.816108214058275 4.8338470156299564
8.006 -8.811275010088178 4.832560874385328
8.007 -8.806443088183947 4.8312828836774475
8.008000000000001 -8.801612440177488 4.830013078629464
8.009 -8.79678305786596 4.8287514936018505
8.01 -8.791954933012502 4.827498162288526
8.011000000000001 -8.787128057346921 4.826253117640413
8.012 -8.782302422566424 4.825016391925049
8.013 -8.777478020336309 4.8237880166854294
8.014 -8.772654842290681 4.822568022762665
8.015 -8.767832880033156 4.821356440292667
8.016 -8.763012125137575 4.820153298697452
8.017 -8.758192569148699 4.818958626704005
8.018 -8.753374203582927 4.8177724523194625
8.019 -8.74855701992899 4.816594802866844
8.02 -8.743741009648662 4.8154257049404
8.021 -8.738926164177457 4.81426518446187
8.022 -8.734112474925334 4.813113266619437
8.023 -8.7292999332774 4.811969975935992
8.024000000000001 -8.724488530594602 4.810835336199668
8.025 -8.719678258214433 4.809709370539242
8.026 -8.714869107451623 4.808592101346805
8.027000000000001 -8.710061069598835 4.807483550363854
8.028 -8.705254135927358 4.806383738592242
8.029 -8.700448297687808 4.805292686390596
8.03 -8.695643546110803 4.8042104133816315
8.031 -8.690839872407665 4.803136938541629
8.032 -8.686037267771098 4.80207228012485
8.033 -8.681235723375885 4.801016455730644
8.034 -8.676435230379553 4.799969482253936
8.035 -8.671635779923076 4.798931375925305
8.036 -8.666837363131537 4.797902152284911
8.037 -8.662039971114812 4.7968818262045145
8.038 -8.657243594968248 4.795870411879412
8.039 -8.65244822577333 4.7948679228294315
8.040000000000001 -8.647653854598357 4.793874371916152
8.041 -8.642860472499102 4.792889771314368
8.042 -8.638068070519491 4.791914132559315
8.043000000000001 -8.633276639692257 4.790947466497786
8.044 -8.6284861710396 4.789989783340731
8.045 -8.623696655573855 4.7890410926210345
8.046 -8.618908084298134 4.788101403235847
8.047 -8.614120448206993 4.78717072341307
8.048 -8.609333738287074 4.786249060747334
8.049 -8.604547945517753 4.785336422173002
8.05 -8.59976306087179 4.784432813993805
8.051 -8.594979075315967 4.783538241861004
8.052 -8.590195979811726 4.782652710798172
8.053 -8.58541376531581 4.7817762251892795
8.054 -8.580632422780889 4.780908788785819
8.055 -8.575851943156195 4.780050404715098
8.056000000000001 -8.571072317388149 4.779201075477278
8.057 -8.566293536420982 4.77836080294712
8.058 -8.561515591197358 4.7775295883888225
8.059000000000001 -8.556738472658985 4.7767074324400545
8.06 -8.551962171747238 4.7758943351382594
8.061 -8.547186679403763 4.775090295901236
8.062 -8.542411986571086 4.77429531355127
8.063 -8.537638084193215 4.773509386299403
8.064 -8.532864963216245 4.772732511768497
8.065 -8.528092614588946 4.7719646869746715
8.066 -8.523321029263363 4.77120590835748
8.067 -8.518550198195406 4.770456171752765
8.068 -8.513780112345428 4.7697154724285244
8.069 -8.509010762678814 4.768983805058732
8.07 -8.504242140166559 4.768261163751338
8.071 -8.499474235785836 4.7675475420362075
8.072000000000001 -8.494707040520574 4.766842932874458
8.073 -8.48994054536202 4.766147328667605
8.074 -8.485174741309303 4.765460721247512
8.075 -8.480409619369999 4.764783101899386
8.076 -8.475645170560677 4.764114461342475
8.077 -8.470881385907452 4.7634547897638555
8.078 -8.46611825644654 4.7628040767851525
8.079 -8.46135577322479 4.762162311509121
8.08 -8.45659392730023 4.761529482477791
8.081 -8.451832709742598 4.7609055777264215
8.082 -8.44707211163388 4.760290584733497
8.083 -8.442312124068822 4.759684490482412
8.084 -8.437552738155471 4.759087281405573
8.085 -8.43279394501568 4.758498943451626
8.086 -8.428035735785626 4.757919462023384
8.087 -8.423278101616319 4.757348822051254
8.088000000000001 -8.418521033674109 4.756787007925877
8.089 -8.413764523141186 4.756234003576645
8.09 -8.40900856121608 4.755689792399814
8.091 -8.404253139114143 4.7551543573405715
8.092 -8.399498248068053 4.754627680817823
8.093 -8.394743879328283 4.7541097448103
8.094 -8.389990024163591 4.753600530778044
8.095 -8.385236673861488 4.7531000197496525
8.096 -8.380483819728713 4.752608192245201
8.097 -8.375731453091696 4.752125028359476
8.098 -8.370979565297018 4.7516505076929345
8.099 -8.366228147711874 4.7511846094212125
8.1 -8.36147719172452 4.750727312246141
8.101 -8.356726688744724 4.750278594440579
8.102 -8.351976630204206 4.7498384338258655
8.103 -8.347227007557082 4.749406807792057
8.104000000000001 -8.342477812280297 4.748983693295103
8.105 -8.337729035874048 4.748569066863233
8.106 -8.332980669862218 4.748162904603409
8.107 -8.328232705792797 4.747765182203358
8.108 -8.323485135238284 4.7473758749346855
8.109 -8.31873794979612 4.746994957666684
8.11 -8.313991141089073 4.746622404853962
8.111 -8.309244700765658 4.746258190564322
8.112 -8.304498620500526 4.74590228845436
8.113 -8.299752891994855 4.7455546718084145
8.114 -8.295007506976741 4.745215313505625
8.115 -8.290262457201585 4.744884186063934
8.116 -8.285517734452467 4.744561261602726
8.117 -8.280773330540523 4.744246511893525
8.118 -8.27602923730531 4.7439399083156015
8.119 -8.27128544661518 4.743641421909641
8.120000000000001 -8.26654195036763 4.743351023335656
8.121 -8.261798740489665 4.743068682922314
8.122 -8.25705580893815 4.742794370626964
8.123 -8.252313147700145 4.742528056087726
8.124 -8.24757074879326 4.742269708575158
8.125 -8.242828604265986 4.742019297057178
8.126 -8.23808670619803 4.7417767901359005
8.127 -8.233345046700638 4.741542156127734
8.128 -8.22860361791692 4.741315362983726
8.129 -8.223862412022173 4.741096378388716
8.13 -8.219121421224187 4.740885169661718
8.131 -8.214380637763561 4.7406817038720455
8.132 -8.209640053914006 4.740485947728451
8.133000000000001 -8.20489966198264 4.740297867700406
8.134 -8.20015945431029 4.740117429906922
8.135 -8.195419423271778 4.739944600234223
8.136000000000001 -8.19067956127621 4.739779344232286
8.137 -8.185939860767258 4.739621627219951
8.138 -8.18120031422343 4.739471414198856
8.139 -8.176460914158353 4.739328669936586
8.14 -8.171721653121033 4.739193358906239
8.141 -8.166982523696118 4.739065445342788
8.142 -8.162243518504168 4.738944893206384
8.143 -8.157504630201888 4.738831666220714
8.144 -8.152765851482403 4.738725727848966
8.145 -8.14802717507548 4.738627041322419
8.146 -8.143288593747783 4.738535569624774
8.147 -8.138550100303107 4.738451275514254
8.148 -8.133811687582602 4.738374121511098
8.149000000000001 -8.129073348465012 4.7383040699188985
8.15 -8.124335075866886 4.73824108281391
8.151 -8.11959686274281 4.7381851220597655
8.152000000000001 -8.114858702085604 4.738136149308577
8.153 -8.110120586926547 4.73809412600183
8.154 -8.10538251033557 4.738059013383253
8.155 -8.10064446542147 4.738030772490997
8.156 -8.095906445332092 4.738009364177992
8.157 -8.091168443254535 4.737994749095776
8.158 -8.086430452415328 4.737986887722937
8.159 -8.081692466080622 4.737985740343741
8.16 -8.07695447755636 4.737991267077462
8.161 -8.072216480188464 4.7380034278598995
8.162 -8.067478467362998 4.738022182466772
8.163 -8.062740432506335 4.7380474905022165
8.164 -8.058002369085322 4.738079311416176
8.165000000000001 -8.053264270607439 4.738117604497703
8.166 -8.048526130620946 4.738162328886363
8.167 -8.043787942715042 4.738213443574233
8.168000000000001 -8.039049700520005 4.7382709074067755
8.169 -8.034311397707336 4.7383346790937635
8.17 -8.029573027989896 4.738404717205681
8.171 -8.024834585122038 4.738480980183885
8.172 -8.020096062899743 4.738563426341129
8.173 -8.015357455160734 4.73865201386652
8.174 -8.010618755784611 4.73874670083012
8.175 -8.005879958692958 4.738847445185895
8.176 -8.001141057849463 4.738954204775807
8.177 -7.996402047260022 4.739066937335121
8.178 -7.991662920972854 4.739185600493332
8.179 -7.986923673078595 4.73931015178186
8.18 -7.982184297710396 4.739440548633902
8.181000000000001 -7.977444789044024 4.739576748391501
8.182 -7.972705141297948 4.7397187083075805
8.183 -7.967965348733425 4.739866385549725
8.184000000000001 -7.963225405654585 4.740019737204717
8.185 -7.958485306408512 4.7401787202817225
8.186 -7.9537450453853165 4.740343291716064
8.187 -7.949004617018209 4.740513408372131
8.188 -7.9442640157835696 4.740689027049655
8.189 -7.9395232362010075 4.740870104481858
8.19 -7.934782272833431 4.741056597347883
8.191 -7.930041120287096 4.741248462263567
8.192 -7.92529977321167 4.741445655801601
8.193 -7.920558226300272 4.741648134475763
8.194 -7.915816474289526 4.741855854763775
8.195 -7.911074511959606 4.742068773093732
8.196 -7.906332334134272 4.742286845860836
8.197000000000001 -7.901589935680909 4.7425100294209255
8.198 -7.8968473115105615 4.742738280101407
8.199 -7.89210445657796 4.742971554197927
8.2 -7.887361365881552 4.743209807984102
8.201 -7.882618034463524 4.7434529977083715
8.202 -7.877874457409821 4.74370107960403
8.203 -7.8731306298501655 4.743954009884668
8.204 -7.868386546958068 4.744211744756424
8.205 -7.863642203950843 4.744474240411107
8.206 -7.858897596089612 4.744741453039787
8.207 -7.854152718679309 4.745013338825184
8.208 -7.849407567068683 4.74528985395571
8.209 -7.844662136650296 4.7455709546174045
8.21 -7.839916422860518 4.745856597008205
8.211 -7.8351704211795195 4.746146737329294
8.212 -7.83042412713126 4.746441331800217
8.213000000000001 -7.825677536283475 4.74674033664928
8.214 -7.820930644247661 4.747043708129068
8.215 -7.816183446679053 4.747351402506986
8.216 -7.811435939276605 4.74766337607965
8.217 -7.806688117782963 4.747979585165311
8.218 -7.801939977984437 4.748299986115819
8.219 -7.797191515710972 4.748624535311213
8.22 -7.792442726836116 4.748953189170068
8.221 -7.787693607276976 4.749285904144587
8.222 -7.782944152994191 4.749622636730894
8.223 -7.77819435999188 4.749963343464495
8.224 -7.773444224317603 4.750307980929348
8.225 -7.768693742062315 4.7506565057546615
8.226 -7.763942909360315 4.751008874622439
8.227 -7.7591917223891915 4.751365044266318
8.228 -7.754440177369775 4.751724971475857
8.229000000000001 -7.749688270566075 4.752088613099328
8.23 -7.744935998285224 4.752455926044056
8.231 -7.740183356877414 4.752826867281931
8.232 -7.735430342735834 4.753201393848478
8.233 -7.730676952296604 4.753579462848406
8.234 -7.725923182038703 4.7539610314546294
8.235 -7.721169028483901 4.754346056914303
8.236 -7.716414488196684 4.754734496546776
8.237 -7.711659557784181 4.755126307750713
8.238 -7.706904233896082 4.7555214480009
8.239 -7.702148513224561 4.755919874856286
8.24 -7.6973923925041925 4.7563215459558155
8.241 -7.692635868511869 4.756726419027346
8.242 -7.687878938066712 4.757134451882647
8.243 -7.6831215980299845 4.757545602426573
8.244 -7.678363845305002 4.757959828652165
8.245000000000001 -7.673605676837038 4.758377088649483
8.246 -7.668847089613228 4.7587973406007125
8.247 -7.664088080662478 4.759220542789212
8.248 -7.659328647055359 4.759646653594108
8.249 -7.654568785904013 4.7600756314996575
8.25 -7.6498084943620475 4.76050743508978
8.251 -7.64504776962443 4.760942023056799
8.252 -7.6402866089273855 4.7613793541971665
8.253 -7.635525009548287 4.761819387418239
8.254 -7.630762968805545 4.762262081736323
8.255 -7.6260004840584985 4.762707396280964
8.256 -7.621237552707298 4.763155290294911
8.257 -7.616474172192795 4.763605723137228
8.258000000000001 -7.6117103399964225 4.76405865428345
8.259 -7.606946053640078 4.7645140433290285
8.26 -7.602181310686005 4.764971849988657
8.261000000000001 -7.59741610873667 4.765432034100706
8.262 -7.592650445434641 4.76589455562531
8.263 -7.587884318462461 4.766359374649791
8.264 -7.583117725542522 4.76682645138616
8.265 -7.578350664436941 4.7672957461764724
8.266 -7.573583132947432 4.767767219490496
8.267 -7.5688151289151655 4.768240831930905
8.268 -7.564046650220651 4.768716544230898
8.269 -7.559277694783593 4.769194317259317
8.27 -7.554508260562761 4.76967411201837
8.271 -7.549738345555855 4.770155889648264
8.272 -7.544967947799363 4.770639611425754
8.273 -7.540197065368432 4.771125238767452
8.274000000000001 -7.535425696376716 4.771612733229717
8.275 -7.530653838976248 4.772102056510729
8.276 -7.525881491357286 4.772593170451129
8.277000000000001 -7.521108651748178 4.773086037035634
8.278 -7.516335318415217 4.773580618393818
8.279 -7.511561489662489 4.7740768768014625
8.28 -7.506787163831732 4.774574774681689
8.281 -7.502012339302189 4.775074274605704
8.282 -7.497237014490453 4.775575339294553
8.283 -7.492461187850326 4.776077931619003
8.284 -7.487684857872659 4.776582014602221
8.285 -7.482908023085205 4.777087551418647
8.286 -7.478130682052467 4.777594505397284
8.287 -7.47335283337554 4.778102840020366
8.288 -7.468574475691962 4.7786125189264235
8.289 -7.46379560767555 4.779123505909052
8.290000000000001 -7.459016228036253 4.779635764920055
8.291 -7.454236335519987 4.780149260067808
8.292 -7.44945592890848 4.780663955620807
8.293000000000001 -7.444675007019115 4.7811798160055945
8.294 -7.439893568704763 4.781696805810486
8.295 -7.435111612853631 4.782214889783482
8.296 -7.430329138389094 4.782734032835752
8.297 -7.425546144269537 4.783254200039624
8.298 -7.420762629488189 4.783775356632188
8.299 -7.415978593072961 4.784297468012873
8.3 -7.411194034086282 4.784820499747327
8.301 -7.4064089516249325 4.785344417564897
8.302 -7.40162334481988 4.7858691873622305
8.303 -7.396837212836115 4.78639477520121
8.304 -7.392050554872478 4.786921147311765
8.305 -7.3872633701615005 4.787448270090752
8.306000000000001 -7.38247565796923 4.787976110103626
8.307 -7.377687417595065 4.788504634084345
8.308 -7.372898648371586 4.7890338089360895
8.309000000000001 -7.368109349664384 4.7895636017318415
8.31 -7.363319520871894 4.790093979714556
8.311 -7.358529161425221 4.79062491029803
8.312 -7.3537382707879715 4.791156361066878
8.313 -7.348946848456082 4.791688299777412
8.314 -7.344154893957646 4.792220694357543
8.315 -7.339362406852744 4.792753512907717
8.316 -7.334569386733268 4.793286723700652
8.317 -7.32977583322275 4.793820295182356
8.318 -7.324981745976194 4.794354195971752
8.319 -7.320187124679895 4.794888394861707
8.32 -7.315391969051267 4.795422860818591
8.321 -7.310596278838673 4.795957562983286
8.322000000000001 -7.305800053821248 4.7964924706707395
8.323 -7.301003293808724 4.797027553370862
8.324 -7.296205998641254 4.797562780748165
8.325 -7.291408168189241 4.798098122642483
8.326 -7.28660980235316 4.7986335490687395
8.327 -7.281810901063384 4.799169030217478
8.328 -7.2770114642800054 4.799704536454737
8.329 -7.272211491992665 4.800240038322432
8.33 -7.267410984220374 4.800775506538306
8.331 -7.262609941011335 4.801310911996176
8.332 -7.257808362442772 4.801846225765965
8.333 -7.253006248620747 4.802381419093799
8.334 -7.248203599679994 4.802916463402139
8.335 -7.2434004157837295 4.803451330289708
8.336 -7.238596697123487 4.803985991531745
8.337 -7.2337924439189365 4.804520419079754
8.338000000000001 -7.228987656417707 4.805054585061874
8.339 -7.224182334895211 4.805588461782456
8.34 -7.219376479654469 4.806122021722557
8.341 -7.214570091025932 4.806655237539334
8.342 -7.209763169367307 4.8071880820666735
8.343 -7.204955715063378 4.807720528314384
8.344 -7.20014772852583 4.808252549468983
8.345 -7.195339210193075 4.808784118892698
8.346 -7.1905301605300735 4.80931521012435
8.347 -7.1857205800281605 4.809845796878255
8.348 -7.180910469204868 4.810375853045138
8.349 -7.176099828603748 4.810905352690943
8.35 -7.171288658794202 4.811434270057795
8.351 -7.166476960371299 4.811962579562765
8.352 -7.161664733955603 4.812490255798726
8.353 -7.156851980192999 4.813017273533277
8.354000000000001 -7.152038699754518 4.81354360770934
8.355 -7.147224893336157 4.814069233444338
8.356 -7.1424105616587115 4.814594126030428
8.357 -7.1375957054675965 4.815118260934066
8.358 -7.132780325532674 4.815641613795797
8.359 -7.127964422648079 4.816164160430171
8.36 -7.123147997632042 4.8166858768252006
8.361 -7.118331051326723 4.8172067391425415
8.362 -7.113513584598031 4.817726723716661
8.363 -7.108695598335454 4.8182458070551935
8.364 -7.10387709345189 4.818763965838056
8.365 -7.099058070883464 4.819281176917625
8.366 -7.09423853158937 4.819797417318116
8.367 -7.089418476551686 4.820312664235471
8.368 -7.084597906775214 4.820826895036836
8.369 -7.079776823287298 4.821340087260548
8.370000000000001 -7.074955227137661 4.821852218615276
8.371 -7.070133119398232 4.822363266980406
8.372 -7.065310501162975 4.8228732104047305
8.373 -7.060487373547724 4.823382027107242
8.374 -7.055663737690002 4.823889695475407
8.375 -7.050839594748868 4.824396194066276
8.376 -7.046014945904734 4.824901501604535
8.377 -7.041189792359206 4.825405596983641
8.378 -7.036364135334913 4.825908459263928
8.379 -7.031537976075339 4.826410067673672
8.38 -7.026711315844657 4.826910401607166
8.381 -7.0218841559275615 4.827409440625752
8.382 -7.017056497629103 4.827907164456088
8.383000000000001 -7.0122283422745255 4.828403552990736
8.384 -7.007399691209093 4.828898586286994
8.385 -7.0025705457979335 4.829392244566795
8.386000000000001 -6.99774090742587 4.829884508216283
8.387 -6.992910777497257 4.830375357784912
8.388 -6.988080157435818 4.830864773985765
8.389 -6.983249048684484 4.831352737693872
8.39 -6.978417452705227 4.831839229947383
8.391 -6.9735853709789035 4.832324231944949
8.392 -6.968752805005087 4.832807725047747
8.393 -6.963919756301911 4.833289690776075
8.394 -6.959086226405909 4.83377011081206
8.395 -6.954252216871854 4.834248966995714
8.396 -6.949417729272596 4.834726241327855
8.397 -6.9445827651989065 4.835201915966337
8.398 -6.939747326259322 4.835675973228313
8.399000000000001 -6.9349114140799815 4.836148395587476
8.4 -6.9300750303044705 4.836619165675169
8.401 -6.925238176593667 4.837088266278682
8.402000000000001 -6.920400854625583 4.837555680341356
8.403 -6.915563066095209 4.83802139096186
8.404 -6.91072481271436 4.838485381393348
8.405 -6.905886096211522 4.838947635043554
8.406 -6.901046918331694 4.839408135473169
8.407 -6.89620728083624 4.839866866396711
8.408 -6.891367185502732 4.840323811680147
8.409 -6.886526634124801 4.840778955342409
8.41 -6.881685628511981 4.841232281552355
8.411 -6.876844170489567 4.841683774631093
8.412 -6.8720022618984515 4.8421334190479115
8.413 -6.867159904594987 4.842581199423664
8.414 -6.862317100450831 4.843027100525879
8.415000000000001 -6.857473851352797 4.843471107272433
8.416 -6.8526301592027075 4.843913204726928
8.417 -6.847786025917249 4.844353378101729
8.418000000000001 -6.842941453427823 4.844791612754022
8.419 -6.8380964436803975 4.845227894188168
8.42 -6.833250998635367 4.845662208052664
8.421 -6.828405120267404 4.846094540141098
8.422 -6.8235588105653155 4.846524876390915
8.423 -6.818712071531898 4.846953202882458
8.424 -6.813864905183799 4.847379505839537
8.425 -6.809017313551369 4.847803771626655
8.426 -6.8041692986785245 4.848225986751594
8.427 -6.799320862622604 4.848646137860402
8.428 -6.79447200745423 4.8490642117421014
8.429 -6.789622735257165 4.8494801953220605
8.43 -6.784773048128177 4.8498940756676285
8.431000000000001 -6.779922948176899 4.850305839981067
8.432 -6.775072437525691 4.850715475605482
8.433 -6.770221518309503 4.851122970017341
8.434000000000001 -6.765370192675739 4.851528310832893
8.435 -6.760518462784122 4.851931485800357
8.436 -6.755666330806556 4.852332482806228
8.437 -6.750813798926992 4.852731289868051
8.438 -6.745960869341298 4.853127895139911
8.439 -6.741107544257121 4.853522286906005
8.44 -6.7362538258937565 4.853914453585292
8.441 -6.731399716482017 4.854304383726077
8.442 -6.726545218264101 4.85469206600949
8.443 -6.721690333493459 4.855077489245309
8.444 -6.71683506443467 4.855460642374077
8.445 -6.711979413363304 4.8558415144645615
8.446 -6.707123382565801 4.856220094713836
8.447000000000001 -6.70226697433934 4.856596372447019
8.448 -6.69741019099171 4.856970337115329
8.449 -6.692553034841187 4.8573419782971285
8.45 -6.687695508216406 4.8577112856952915
8.451 -6.682837613456235 4.85807824913878
8.452 -6.677979352909653 4.858442858579434
8.453 -6.673120728935624 4.858805104093955
8.454 -6.668261743902974 4.859164975880682
8.455 -6.663402400190271 4.859522464261264
8.456 -6.6585427001856985 4.859877559677816
8.457 -6.6536826462869385 4.860230252694203
8.458 -6.648822240901049 4.860580533993784
8.459 -6.643961486444345 4.860928394379827
8.46 -6.639100385342279 4.861273824774243
8.461 -6.634238940029322 4.8616168162170394
8.462 -6.629377152948846 4.861957359865952
8.463000000000001 -6.624515026553008 4.862295446994997
8.464 -6.6196525633026315 4.86263106899523
8.465 -6.614789765667092 4.862964217371743
8.466 -6.609926636124204 4.863294883746365
8.467 -6.6050631771601 4.863623059852591
8.468 -6.600199391269125 4.863948737540109
8.469 -6.595335280953716 4.864271908768513
8.47 -6.590470848724295 4.864592565612346
8.471 -6.585606097099156 4.864910700254706
8.472 -6.58074102860435 4.865226304992378
8.473 -6.57587564577358 4.865539372229328
8.474 -6.571009951148088 4.865849894481623
8.475 -6.566143947276548 4.866157864371829
8.476 -6.561277636714954 4.866463274632418
8.477 -6.556411022026517 4.866766118101717
8.478 -6.551544105781555 4.867066387726372
8.479000000000001 -6.546676890557387 4.867364076557469
8.48 -6.541809378938226 4.867659177753213
8.481 -6.536941573515078 4.867951684574943
8.482 -6.532073476885631 4.868241590389724
8.483 -6.527205091654158 4.868528888666446
8.484 -6.522336420431412 4.868813572978479
8.485 -6.517467465834517 4.869095636999607
8.486 -6.512598230486877 4.869375074506776
8.487 -6.507728717018068 4.869651879376241
8.488 -6.5028589280637386 4.869926045585797
8.489 -6.4979888662655085 4.870197567211422
8.49 -6.493118534270875 4.870466438429567
8.491 -6.488247934733108 4.870732653512909
8.492 -6.483377070311156 4.870996206834062
8.493 -6.478505943669548 4.871257092860075
8.494 -6.473634557478295 4.871515306156646
8.495000000000001 -6.468762914412798 4.871770841383245
8.496 -6.463891017153746 4.872023693295641
8.497 -6.45901886838703 4.872273856743151
8.498 -6.454146470803643 4.872521326669353
8.499 -6.449273827099587 4.872766098110638
8.5 -6.4444009399757824 4.873008166195943
8.501 -6.4395278121379755 4.873247526146158
8.502 -6.434654446296644 4.873484173273032
8.503 -6.429780845166911 4.8737181029794545
8.504 -6.424907011468449 4.87394931075754
8.505 -6.420032947925395 4.874177792189486
8.506 -6.41515865726626 4.874403542945614
8.507 -6.410284142223841 4.874626558784551
8.508000000000001 -6.405409405535131 4.874846835552502
8.509 -6.400534449941235 4.875064369182066
8.51 -6.3956592781872805 4.875279155692966
8.511000000000001 -6.390783893022335 4.8754911911891075
8.512 -6.385908297199316 4.875700471861345
8.513 -6.381032493474913 4.875906993982563
8.514 -6.376156484609496 4.87611075391211
8.515 -6.371280273367035 4.87631174808959
8.516 -6.366403862515021 4.876509973040272
8.517 -6.361527254824378 4.876705425368374
8.518 -6.356650453069385 4.876898101762277
8.519 -6.351773460027591 4.877087998988698
8.52 -6.346896278479739 4.8772751138965535
8.521 -6.342018911209685 4.87745944341285
8.522 -6.337141361004316 4.877640984544684
8.523 -6.332263630653474 4.877819734376719
8.524000000000001 -6.3273857229498764 4.87799569007227
8.525 -6.32250764068904 4.878168848871079
8.526 -6.3176293866692035 4.8783392080902415
8.527000000000001 -6.312750963691249 4.878506765122576
8.528 -6.307872374558628 4.878671517436369
8.529 -6.30299362207729 4.878833462575342
8.53 -6.298114709055598 4.878992598156691
8.531 -6.293235638304266 4.87914892187249
8.532 -6.288356412636274 4.879302431487097
8.533 -6.283477034866806 4.8794531248380615
8.534 -6.278597507813171 4.879600999835293
8.535 -6.273717834294731 4.8797460544588285
8.536 -6.268838017132833 4.879888286762414
8.537 -6.263958059150737 4.880027694866453
8.538 -6.259077963173545 4.880164276965678
8.539 -6.254197732028133 4.880298031319228
8.540000000000001 -6.249317368543077 4.88042895626031
8.541 -6.244436875548594 4.880557050184983
8.542 -6.239556255876465 4.880682311562247
8.543000000000001 -6.2346755123599715 4.880804738923073
8.544 -6.2297946478338275 4.880924330870456
8.545 -6.224913665134116 4.881041086067636
8.546 -6.220032567098217 4.881155003249629
8.547 -6.215151356564752 4.8812660812100415
8.548 -6.210270036373508 4.8813743188135374
8.549 -6.205388609365381 4.881479714981708
8.55 -6.200507078382311 4.881582268707501
8.551 -6.195625446267216 4.881681979038025
8.552 -6.19074371586393 4.8817788450919295
8.553 -6.185861890017146 4.881872866040743
8.554 -6.180979971572347 4.881964041125801
8.555 -6.176097963375749 4.8820523696419045
8.556000000000001 -6.171215868274241 4.882137850950194
8.557 -6.166333689115322 4.882220484467242
8.558 -6.161451428747044 4.882300269672103
8.559000000000001 -6.156569090017951 4.882377206100143
8.56 -6.151686675777021 4.882451293347645
8.561 -6.146804188873609 4.882522531065896
8.562 -6.141921632157389 4.882590918966769
8.563 -6.137039008478294 4.8826564568153525
8.564 -6.132156320686465 4.882719144437248
8.565 -6.127273571632189 4.882778981709378
8.566 -6.122390764165847 4.882835968568967
8.567 -6.117507901137858 4.882890105003327
8.568 -6.112624985398624 4.882941391058773
8.569 -6.107742019798477 4.882989826831555
8.57 -6.10285900718762 4.883035412474835
8.571 -6.097975950416082 4.883078148192171
8.572000000000001 -6.09309285233366 4.883118034241662
8.573 -6.088209715789867 4.883155070932285
8.574 -6.0833265436338815 4.883189258625069
8.575000000000001 -6.078443338714494 4.8832205977325795
8.576 -6.073560103880059 4.883249088717526
8.577 -6.068676841978442 4.883274732093363
8.578 -6.06379355585697 4.883297528422811
8.579 -6.058910248362383 4.88331747831929
8.58 -6.0540269223407845 4.8833345824428225
8.581 -6.04914358063759 4.88334884150513
8.582 -6.044260226097484 4.883360256262059
8.583 -6.039376861564368 4.883368827521829
8.584 -6.034493489881313 4.883374556134194
8.585 -6.029610113890515 4.883377443001952
8.586 -6.024726736433247 4.883377489067688
8.587 -6.019843360349814 4.883374695326354
8.588000000000001 -6.014959988479505 4.883369062811942
8.589 -6.0100766236605505 4.883360592610109
8.59 -6.005193268730077 4.883349285844009
8.591 -6.00030992652406 4.88333514368885
8.592 -5.995426599877284 4.883318167354888
8.593 -5.990543291623296 4.883298358105287
8.594 -5.985660004594363 4.883275717236139
8.595 -5.980776741621431 4.883250246096221
8.596 -5.975893505534079 4.883221946066656
8.597 -5.971010299160481 4.883190818579504
8.598 -5.966127125327362 4.883156865099737
8.599 -5.961243986859957 4.883120087140719
8.6 -5.956360886581972 4.8830804862501145
8.601 -5.951477827315543 4.883038064020887
8.602 -5.946594811881193 4.882992822081402
8.603 -5.941711843097796 4.882944762103228
8.604000000000001 -5.936828923782538 4.882893885793604
8.605 -5.931946056750876 4.882840194901202
8.606 -5.927063244816499 4.882783691210495
8.607 -5.922180490791294 4.882724376545913
8.608 -5.917297797485305 4.882662252767662
8.609 -5.912415167706696 4.882597321774226
8.61 -5.907532604261714 4.882529585500013
8.611 -5.9026501099546556 4.88245904591664
8.612 -5.897767687587826 4.882385705030386
8.613 -5.892885339961506 4.8823095648851496
8.614 -5.888003069873915 4.882230627557594
8.615 -5.883120880121179 4.882148895161947
8.616 -5.878238773497293 4.88206436984457
8.617 -5.873356752794088 4.88197705378801
8.618 -5.868474820801194 4.881886949207038
8.619 -5.863592980306012 4.881794058351137
8.620000000000001 -5.858711234093676 4.881698383502678
8.621 -5.85382958494702 4.881599926975308
8.622 -5.848948035646549 4.881498691118712
8.623 -5.844066588970403 4.881394678309568
8.624 -5.839185247694327 4.8812878909622635
8.625 -5.834304014591641 4.881178331516564
8.626 -5.829422892433203 4.8810660024490575
8.627 -5.824541883987385 4.880950906262023
8.628 -5.819660992020037 4.880833045492556
8.629 -5.814780219294461 4.880712422704319
8.63 -5.8098995685713755 4.880589040493293
8.631 -5.805019042608892 4.88046290148359
8.632 -5.800138644162483 4.880334008328958
8.633000000000001 -5.795258375984952 4.880202363711926
8.634 -5.7903782408264055 4.880067970343294
8.635 -5.785498241434225 4.879930830962759
8.636000000000001 -5.780618380553039 4.879790948336677
8.637 -5.775738660924695 4.879648325260877
8.638 -5.770859085288233 4.87950296455593
8.639 -5.765979656379856 4.8793548690723965
8.64 -5.761100376932906 4.879204041684415
8.641 -5.756221249677835 4.879050485295208
8.642 -5.751342277342181 4.878894202832204
8.643 -5.746463462650541 4.8787351972493385
8.644 -5.741584808324545 4.878573471526658
8.645 -5.73670631708283 4.878409028667186
8.646 -5.731827991641018 4.878241871702912
8.647 -5.7269498347116885 4.878072003684514
8.648 -5.722071849004354 4.87789942769444
8.649000000000001 -5.717194037225435 4.877724146830673
8.65 -5.712316402078242 4.877546164224263
8.651 -5.707438946262945 4.877365483020149
8.652000000000001 -5.702561672476552 4.87718210639565
8.653 -5.697684583412888 4.876996037542735
8.654 -5.692807681762571 4.8768072796833986
8.655 -5.687930970212987 4.876615836055407
8.656 -5.683054451448272 4.8764217099246965
8.657 -5.678178128149288 4.876224904573535
8.658 -5.6733020029936005 4.876025423310854
8.659 -5.668426078655459 4.875823269461958
8.66 -5.663550357805774 4.875618446378197
8.661 -5.658674843112096 4.875410957427069
8.662 -5.653799537238595 4.875200806000333
8.663 -5.648924442846044 4.874987995507741
8.664 -5.644049562591793 4.874772529379893
8.665000000000001 -5.63917489912975 4.874554411067524
8.666 -5.634300455110368 4.874333644039722
8.667 -5.629426233180615 4.874110231786767
8.668000000000001 -5.6245522359839635 4.873884177815358
8.669 -5.619678466160367 4.873655485654302
8.67 -5.614804926346244 4.873424158846915
8.671 -5.609931619174457 4.873190200959758
8.672 -5.605058547274297 4.872953615571581
8.673 -5.600185713271463 4.872714406285488
8.674 -5.595313119788045 4.87247257671582
8.675 -5.590440769442509 4.872228130499613
8.676 -5.585568664849675 4.8719810712872285
8.677 -5.580696808620707 4.871731402748483
8.678 -5.575825203363086 4.871479128567905
8.679 -5.5709538516806045 4.871224252448342
8.68 -5.5660827561733415 4.870966778106837
8.681000000000001 -5.5612119194376515 4.870706709278938
8.682 -5.556341344066147 4.870444049712948
8.683 -5.551471032647682 4.870178803176238
8.684000000000001 -5.546600987767339 4.869910973447353
8.685 -5.541731212006409 4.869640564324995
8.686 -5.536861707942383 4.869367579617091
8.687 -5.531992478148932 4.869092023152301
8.688 -5.5271235251958934 4.868813898767601
8.689 -5.522254851649258 4.868533210320564
8.69 -5.517386460071157 4.868249961676255
8.691 -5.512518353019844 4.867964156720766
8.692 -5.507650533049683 4.867675799346063
8.693 -5.502783002711139 4.867384893465638
8.694 -5.497915764550756 4.86709144299844
8.695 -5.493048821111152 4.866795451883464
8.696 -5.488182174931001 4.866496924066784
8.697000000000001 -5.483315828545024 4.866195863511886
8.698 -5.478449784483972 4.865892274190699
8.699 -5.4735840452746185 4.865586160090882
8.700000000000001 -5.468718613439744 4.865277525209346
8.701 -5.463853491498124 4.864966373557011
8.702 -5.458988681964519 4.8646527091551475
8.703 -5.454124187349661 4.864336536037444
8.704 -5.449260010160244 4.8640178582476565
8.705 -5.4443961528989115 4.863696679843683
8.706 -5.439532618064246 4.863373004888721
8.707 -5.434669408150757 4.86304683746497
8.708 -5.429806525648872 4.862718181655264
8.709 -5.4249439730449245 4.862387041563721
8.71 -5.420081752821146 4.862053421293897
8.711 -5.415219867455651 4.861717324969436
8.712 -5.410358319422433 4.86137875671511
8.713000000000001 -5.405497111191351 4.861037720672553
8.714 -5.400636245228119 4.860694220987998
8.715 -5.395775723994301 4.8603482618197384
8.716 -5.390915549947297 4.859999847334242
8.717 -5.386055725540336 4.859648981707286
8.718 -5.381196253222468 4.8592956691237035
8.719 -5.376337135438552 4.858939913776562
8.72 -5.371478374629251 4.858581719867952
8.721 -5.366619973231021 4.858221091608273
8.722 -5.361761933676104 4.857858033215991
8.723 -5.356904258392519 4.857492548917679
8.724 -5.3520469498040555 4.8571246429481985
8.725 -5.347190010330263 4.856754319549074
8.726 -5.342333442386446 4.856381582971604
8.727 -5.337477248383654 4.856006437471454
8.728 -5.332621430728677 4.8556288873149205
8.729000000000001 -5.327765991824037 4.855248936772337
8.73 -5.32291093406798 4.854866590123797
8.731 -5.318056259854467 4.854481851654096
8.732 -5.313201971573176 4.85409472565588
8.733 -5.308348071609484 4.8537052164283105
8.734 -5.303494562344469 4.8533133282758865
8.735 -5.2986414461549 4.8529190655113466
8.736 -5.293788725413229 4.852522432451067
8.737 -5.288936402487591 4.852123433419859
8.738 -5.284084479741792 4.851722072746304
8.739 -5.279232959535307 4.851318354766082
8.74 -5.274381844223271 4.850912283819876
8.741 -5.269531136156477 4.85050386425348
8.742 -5.264680837681371 4.8500931004189605
8.743 -5.259830951140041 4.8496799966721165
8.744 -5.254981478870221 4.849264557374771
8.745000000000001 -5.250132423205276 4.848846786894356
8.746 -5.245283786474205 4.848426689599307
8.747 -5.240435571001632 4.848004269870012
8.748 -5.2355877791078065 4.847579532080573
8.749 -5.23074041310859 4.847152480623074
8.75 -5.225893475315461 4.846723119877705
8.751 -5.221046968035507 4.846291454246959
8.752 -5.21620089357142 4.845857488117596
8.753 -5.211355254221492 4.84542122590088
8.754 -5.206510052279614 4.844982671990661
8.755 -5.201665290035271 4.84454183080566
8.756 -5.196820969773536 4.844098706746443
8.757 -5.19197709377507 4.843653304239097
8.758000000000001 -5.187133664316118 4.843205627690635
8.759 -5.182290683668505 4.842755681532999
8.76 -5.1774481540996335 4.842303470180496
8.761000000000001 -5.172606077872481 4.8418489980691355
8.762 -5.167764457245595 4.841392269620479
8.763 -5.162923294473092 4.840933289275124
8.764 -5.158082591804656 4.840472061460076
8.765 -5.153242351485534 4.840008590620565
8.766 -5.148402575756533 4.839542881188856
8.767 -5.143563266854022 4.839074937613946
8.768 -5.138724427009925 4.838604764333252
8.769 -5.133886058451722 4.838132365799017
8.77 -5.129048163402445 4.837657746452772
8.771 -5.124210744080679 4.837180910750259
8.772 -5.119373802700556 4.836701863137143
8.773 -5.11453734147176 4.836220608070971
8.774000000000001 -5.109701362599518 4.835737150001806
8.775 -5.1048658682846035 4.835251493388447
8.776 -5.100030860723333 4.834763642685008
8.777000000000001 -5.095196342107568 4.834273602351222
8.778 -5.090362314624708 4.8337813768448346
8.779 -5.0855287804576985 4.833286970625803
8.78 -5.08069574178502 4.83279038815508
8.781 -5.0758632007806925 4.832291633893163
8.782 -5.071031159614278 4.831790712302723
8.783 -5.066199620450874 4.831287627845177
8.784 -5.061368585451115 4.830782384984585
8.785 -5.056538056771174 4.830274988182054
8.786 -5.0517080365627605 4.829765441903419
8.787 -5.046878526973119 4.8292537506087205
8.788 -5.042049530145032 4.828739918765847
8.789 -5.0372210482168205 4.828223950832331
8.790000000000001 -5.032393083322339 4.827705851278326
8.791 -5.027565637590981 4.827185624558521
8.792 -5.022738713147676 4.826663275144584
8.793000000000001 -5.017912312112892 4.8261388074887375
8.794 -5.013086436602635 4.825612226062707
8.795 -5.00826108872845 4.825083535317058
8.796 -5.0034362705974225 4.8245527397221935
8.797 -4.998611984312174 4.8240198437273785
8.798 -4.993788231970873 4.823484851800925
8.799 -4.988965015667228 4.8229477683906365
8.8 -4.984142337490487 4.822408597962019
8.801 -4.979320199525447 4.821867344961813
8.802 -4.9744986038524495 4.82132401385149
8.803 -4.96967755254738 4.820778609077144
8.804 -4.964857047681675 4.820231135095179
8.805 -4.960037091322318 4.819681596351175
8.806000000000001 -4.955217685531848 4.819129997296101
8.807 -4.950398832368354 4.818576342374415
8.808 -4.945580533885477 4.81802063603167
8.809000000000001 -4.940762792132419 4.8174628827101875
8.81 -4.935945609153937 4.8169030868509095
8.811 -4.931128986990351 4.816341252892478
8.812 -4.92631292767754 4.815777385271816
8.813 -4.921497433246951 4.815211488422999
8.814 -4.916682505725594 4.814643566778882
8.815 -4.91186814713605 4.814073624768595
8.816 -4.907054359496473 4.81350166682047
8.817 -4.902241144820587 4.812927697358355
8.818 -4.897428505117694 4.812351720806217
8.819 -4.892616442392676 4.811773741581759
8.82 -4.887804958645995 4.811193764104573
8.821 -4.882994055873699 4.8106117927856555
8.822000000000001 -4.878183736067421 4.810027832039843
8.823 -4.873374001214387 4.80944188627198
8.824 -4.868564853297413 4.808853959890858
8.825000000000001 -4.863756294294914 4.808264057294791
8.826 -4.858948326180903 4.807672182887273
8.827 -4.854140950924997 4.807078341059095
8.828 -4.849334170492416 4.806482536207795
8.829 -4.844527986843994 4.805884772716946
8.83 -4.839722401936173 4.80528505497785
8.831 -4.834917417721014 4.804683387365869
8.832 -4.830113036146197 4.804079774266675
8.833 -4.825309259155026 4.803474220047131
8.834 -4.820506088686432 4.802866729085225
8.835 -4.8157035266749775 4.802257305741832
8.836 -4.81090157505086 4.801645954384663
8.837 -4.8061002357399145 4.801032679369587
8.838000000000001 -4.801299510663621 4.800417485053092
8.839 -4.796499401739107 4.799800375786093
8.84 -4.7916999108791485 4.79918135591375
8.841 -4.78690103999218 4.798560429780983
8.842 -4.782102790982293 4.797937601722099
8.843 -4.777305165749246 4.797312876075503
8.844 -4.772508166188464 4.796686257164573
8.845 -4.7677117941910465 4.796057749320096
8.846 -4.762916051643771 4.795427356855738
8.847 -4.758120940429095 4.794795084092611
8.848 -4.753326462425166 4.794160935335946
8.849 -4.748532619505823 4.793524914895617
8.85 -4.743739413540598 4.792887027069676
8.851 -4.738946846394731 4.792247276155139
8.852 -4.734154919929163 4.791605666442686
8.853 -4.729363636000552 4.7909622022175755
8.854000000000001 -4.724572996461268 4.790316887760713
8.855 -4.7197830031594075 4.789669727347264
8.856 -4.714993657938789 4.7890207252473465
8.857 -4.7102049626389695 4.788369885725357
8.858 -4.7054169190952395 4.787717213041048
8.859 -4.700629529138634 4.787062711447499
8.86 -4.69584279459594 4.786406385193361
8.861 -4.691056717289697 4.785748238521172
8.862 -4.686271299038203 4.785088275667813
8.863 -4.6814865416555245 4.784426500863799
8.864 -4.676702446951499 4.783762918336221
8.865 -4.671919016731741 4.783097532301596
8.866 -4.66713625279765 4.782430346977517
8.867 -4.662354156946414 4.781761366566459
8.868 -4.657572730971015 4.781090595275666
8.869 -4.6527919766602395 4.780418037294121
8.870000000000001 -4.64801189579868 4.779743696817441
8.871 -4.643232490166744 4.779067578022467
8.872 -4.638453761540658 4.7783896850910015
8.873 -4.633675711692476 4.777710022188587
8.874 -4.628898342390085 4.777028593483277
8.875 -4.624121655397212 4.776345403127905
8.876 -4.619345652473428 4.775660455277799
8.877 -4.61457033537416 4.774973754071792
8.878 -4.609795705850692 4.774285303652967
8.879 -4.605021765650173 4.773595108145526
8.88 -4.60024851651563 4.77290317167955
8.881 -4.595475960185962 4.772209498366376
8.882 -4.590704098395962 4.771514092320166
8.883000000000001 -4.585932932876312 4.770816957640462
8.884 -4.581162465353596 4.770118098425975
8.885 -4.576392697550307 4.769417518762731
8.886000000000001 -4.57162363118485 4.768715222734767
8.887 -4.5668552679715555 4.768011214413769
8.888 -4.562087609620681 4.767305497869206
8.889 -4.557320657838423 4.766598077157907
8.89 -4.552554414326919 4.765888956335135
8.891 -4.54778888078426 4.765178139441672
8.892 -4.543024058904497 4.764465630518954
8.893 -4.538259950377647 4.763751433591588
8.894 -4.533496556889701 4.763035552686258
8.895 -4.528733880122632 4.762317991812005
8.896 -4.523971921754404 4.76159875497949
8.897 -4.5192106834589785 4.760877846183358
8.898 -4.514450166906322 4.760155269416366
8.899000000000001 -4.509690373762415 4.759431028659668
8.9 -4.50493130568926 4.758705127887866
8.901 -4.500172964344889 4.757977571067584
8.902000000000001 -4.495415351383373 4.7572483621555275
8.903 -4.490658468454825 4.7565175051035915
8.904 -4.485902317205419 4.755785003850293
8.905 -4.481146899277385 4.755050862332378
8.906 -4.476392216309029 4.754315084470225
8.907 -4.471638269934735 4.753577674184705
8.908 -4.466885061784974 4.752838635378639
8.909 -4.4621325934863165 4.75209797195575
8.91 -4.457380866661436 4.751355687801888
8.911 -4.452629882929119 4.750611786802518
8.912 -4.447879643904278 4.749866272827491
8.913 -4.443130151197955 4.749119149742839
8.914 -4.438381406417332 4.7483704214021225
8.915000000000001 -4.433633411165743 4.747620091652402
8.916 -4.428886167042678 4.7468681643297534
8.917 -4.424139675643795 4.746114643263251
8.918000000000001 -4.419393938560931 4.745359532269969
8.919 -4.414648957382106 4.74460283516131
8.92 -4.409904733691537 4.743844555735556
8.921 -4.405161269069644 4.743084697785148
8.922 -4.400418565093061 4.742323265089896
8.923 -4.395676623334649 4.741560261423693
8.924 -4.390935445363496 4.740795690546381
8.925 -4.386195032744937 4.74002955621365
8.926 -4.381455387040558 4.739261862165385
8.927 -4.376716509808204 4.7384926121382795
8.928 -4.371978402601995 4.737721809852246
8.929 -4.367241066972331 4.7369494590250305
8.93 -4.362504504465903 4.736175563355801
8.931000000000001 -4.3577687166257055 4.735400126543401
8.932 -4.3530337049910415 4.734623152266021
8.933 -4.348299471097537 4.733844644202985
8.934000000000001 -4.343566016477148 4.733064606011734
8.935 -4.338833342658173 4.7322830413515415
8.936 -4.334101451165263 4.731499953858916
8.937 -4.3293703435194315 4.730715347172827
8.938 -4.324640021238064 4.729929224908809
8.939 -4.31991048583493 4.729141590684254
8.94 -4.315181738820192 4.728352448095107
8.941 -4.310453781700416 4.727561800735693
8.942 -4.305726615978586 4.726769652182229
8.943 -4.3010002431541094 4.725976006006342
8.944 -4.296274664722832 4.725180865763882
8.945 -4.291549882177044 4.724384235003218
8.946 -4.286825897005498 4.723586117259658
8.947000000000001 -4.282102710693413 4.722786516058931
8.948 -4.27738032472249 4.721985434914283
8.949 -4.272658740570921 4.72118287732917
8.950000000000001 -4.267937959713401 4.7203788467945955
8.951 -4.263217983621139 4.719573346791167
8.952 -4.258498813761871 4.718766380787547
8.953 -4.253780451599866 4.717957952241301
8.954 -4.2490628985959455 4.717148064598333
8.955 -4.244346156207489 4.716336721292857
8.956 -4.239630225888447 4.7155239257477195
8.957 -4.234915109089353 4.714709681373884
8.958 -4.230200807257337 4.713893991570522
8.959 -4.225487321836137 4.713076859725178
8.96 -4.220774654266104 4.7122582892126825
8.961 -4.216062805984225 4.711438283397632
8.962 -4.2113517784241274 4.710616845629971
8.963000000000001 -4.206641573016093 4.709793979250287
8.964 -4.20193219118707 4.70896968758468
8.965 -4.197223634360689 4.708143973948571
8.966 -4.1925159039572675 4.707316841644163
8.967 -4.18780900139383 4.706488293961057
8.968 -4.183102928084114 4.705658334178101
8.969 -4.178397685438591 4.704826965558208
8.97 -4.173693274864467 4.7039941913565135
8.971 -4.168989697765708 4.703160014809372
8.972 -4.1642869555430435 4.702324439147531
8.973 -4.159585049593984 4.701487467580641
8.974 -4.154883981312831 4.700649103314833
8.975 -4.150183752090692 4.699809349532919
8.976 -4.145484363315493 4.698968209415123
8.977 -4.1407858163719915 4.698125686118992
8.978 -4.136088112641789 4.6972817827968765
8.979000000000001 -4.131391253503346 4.696436502581204
8.98 -4.126695240331994 4.695589848596768
8.981 -4.122000074499947 4.69474182394976
8.982 -4.117305757376321 4.693892431737497
8.983 -4.11261229032714 4.693041675039936
8.984 -4.107919674715355 4.692189556925946
8.985 -4.103227911900856 4.691336080449396
8.986 -4.0985370032404855 4.69048124865042
8.987 -4.093846950088052 4.6896250645559565
8.988 -4.089157753794346 4.688767531178219
8.989 -4.084469415707151 4.6879086515155395
8.99 -4.079781937171259 4.68704842855274
8.991 -4.075095319528487 4.686186865259384
8.992 -4.070409564117686 4.685323964592009
8.993 -4.065724672274759 4.684459729491016
8.994 -4.061040645332676 4.683594162885475
8.995000000000001 -4.056357484621489 4.682727267685087
8.996 -4.051675191468339 4.681859046791272
8.997 -4.046993767197481 4.680989503083421
8.998 -4.042313213130293 4.680118639434349
8.999 -4.03763353058529 4.679246458693512
9.0 -4.032954720878144 4.678372963703644
9.001 -4.028276785321694 4.677498157285212
9.002 -4.023599725225962 4.676622042249527
9.003 -4.01892354189817 4.675744621388312
9.004 -4.014248236642754 4.674865897481282
9.005 -4.009573810761378 4.673985873290434
9.006 -4.004900265552952 4.673104551564015
9.007 -4.000227602313646 4.672221935034011
9.008000000000001 -3.995555822336905 4.671338026416496
9.009 -3.9908849269134667 4.67045282841361
9.01 -3.9862149173313735 4.6695663437084916
9.011000000000001 -3.9815457948759923 4.668678574973201
9.012 -3.976877560830028 4.667789524858007
9.013 -3.972210216473541 4.666899196003721
9.014 -3.9675437630839605 4.666007591028269
9.015 -3.9628782019361037 4.665114712540335
9.016 -3.9582135343021903 4.664220563125313
9.017 -3.9535497614518595 4.663325145359454
9.018 -3.948886884652186 4.662428461795392
9.019 -3.944224905167696 4.6615305149760085
9.02 -3.9395638242603854 4.660631307421804
9.021 -3.9349036431897346 4.65973084164107
9.022 -3.9302443632127257 4.65882912012213
9.023 -3.9255859855838606 4.657926145338634
9.024000000000001 -3.920928511555176 4.657021919745805
9.025 -3.9162719423762615 4.656116445782792
9.026 -3.911616279294277 4.655209725870853
9.027000000000001 -3.906961523553969 4.654301762415113
9.028 -3.9023076763976885 4.653392557801555
9.029 -3.8976547390654077 4.6524821144012485
9.03 -3.893002712794738 4.651570434565005
9.031 -3.888351598820947 4.650657520628785
9.032 -3.8837013983769775 4.649743374908334
9.033 -3.879052112693463 4.648827999703919
9.034 -3.8744037429987483 4.64791139729589
9.035 -3.8697562905189042 4.646993569948466
9.036 -3.865109756477748 4.646074519906277
9.037 -3.8604641420968604 4.645154249397031
9.038 -3.855819448595605 4.644232760629265
9.039 -3.851175677191144 4.64331005579386
9.040000000000001 -3.84653282909846 4.642386137062888
9.041 -3.841890905530371 4.6414610065901005
9.042 -3.8372499076975517 4.6405346665103036
9.043000000000001 -3.8326098368085506 4.639607118940283
9.044 -3.82797069406981 4.638678365977104
9.045 -3.823332480685683 4.637748409699739
9.046 -3.8186951978584545 4.636817252167475
9.047 -3.814058846788359 4.635884895421358
9.048 -3.8094234286736 4.634951341481956
9.049 -3.8047889447103693 4.634016592352195
9.05 -3.8001553960928667 4.633080650013907
9.051 -3.7955227840133188 4.632143516430714
9.052 -3.790891109661999 4.631205193546078
9.053 -3.7862603742272465 4.630265683283653
9.054 -3.7816305788954874 4.629324987547885
9.055 -3.777001724851253 4.628383108222488
9.056000000000001 -3.772373813277201 4.627440047172079
9.057 -3.767746845354134 4.626495806240284
9.058 -3.763120822261022 4.6255503872516
9.059000000000001 -3.7584957451750203 4.6246037920088385
9.06 -3.7538716152714904 4.623656022295974
9.061 -3.749248433724022 4.622707079874962
9.062 -3.7446262017044525 4.621756966488562
9.063 -3.7400049203828862 4.620805683857461
9.064 -3.7353845909277177 4.619853233682808
9.065 -3.730765214505651 4.618899617643853
9.066 -3.7261467922817206 4.617944837399232
9.067 -3.721529325419314 4.616988894586754
9.068 -3.716912815080191 4.616031790822007
9.069 -3.712297262424506 4.615073527700867
9.07 -3.7076826686108295 4.614114106795368
9.071 -3.703069034796169 4.613153529659458
9.072000000000001 -3.6984563621359907 4.612191797820672
9.073 -3.6938446517842425 4.611228912790719
9.074 -3.6892339048933738 4.610264876052756
9.075000000000001 -3.6846241226143586 4.609299689074684
9.076 -3.680015306096717 4.608333353296239
9.077 -3.6754074564885384 4.607365870139876
9.078 -3.6708005749365027 4.606397241002216
9.079 -3.666194662585903 4.605427467259635
9.08 -3.661589720580668 4.604456550264941
9.081 -3.656985750063384 4.6034844913484125
9.082 -3.6523827521753196 4.602511291818385
9.083 -3.647780728056446 4.601536952958523
9.084 -3.6431796788454616 4.6005614760322775
9.085 -3.6385796056798143 4.599584862276682
9.086 -3.633980509695725 4.598607112908982
9.087 -3.6293823920282104 4.597628229120111
9.088000000000001 -3.6247852538111065 4.596648212079842
9.089 -3.620189096177093 4.595667062933022
9.09 -3.615593920257715 4.5946847828015605
9.091 -3.6109997271834087 4.593701372783339
9.092 -3.606406518083524 4.592716833952173
9.093 -3.601814294086348 4.591731167358789
9.094 -3.5972230563191308 4.590744374028188
9.095 -3.5926328059081083 4.589756454963214
9.096 -3.588043543978527 4.588767411140167
9.097 -3.583455271654668 4.587777243513116
9.098 -3.578867990059871 4.58678595300946
9.099 -3.5742817003165612 4.58579354053379
9.1 -3.5696964035462715 4.584800006964364
9.101 -3.5651121008696682 4.583805353155719
9.102 -3.5605287934065766 4.582809579936387
9.103 -3.5559464822760045 4.581812688110697
9.104000000000001 -3.55136516859617 4.5808146784566555
9.105 -3.5467848534845245 4.579815551728011
9.106 -3.5422055380577793 4.5788153086520404
9.107 -3.5376272234319304 4.577813949930908
9.108 -3.533049910722285 4.576811476241191
9.109 -3.5284736010434865 4.575807888232763
9.11 -3.5238982955095413 4.574803186530873
9.111 -3.519323995233844 4.573797371733032
9.112 -3.5147507013292043 4.572790444412287
9.113 -3.5101784149078727 4.57178240511354
9.114 -3.5056071370815673 4.570773254357091
9.115 -3.5010368689614997 4.56976299263459
9.116 -3.4964676116584026 4.568751620413382
9.117 -3.491899366282556 4.567739138131317
9.118 -3.4873321339438137 4.566725546201922
9.119 -3.4827659157516315 4.56571084500937
9.120000000000001 -3.4782007128150925 4.5646950349124
9.121 -3.4736365262429367 4.5636781162412365
9.122 -3.469073357143587 4.562660089299411
9.123 -3.4645112066251755 4.561640954362293
9.124 -3.459950075795574 4.560620711678233
9.125 -3.455389965762419 4.559599361466978
9.126 -3.4508308776331424 4.558576903921158
9.127 -3.446272812514996 4.557553339204721
9.128 -3.4417157715150837 4.5565286674535495
9.129 -3.4371597557403857 4.5555028887756555
9.13 -3.4326047662977888 4.554476003249743
9.131 -3.428050804294116 4.553448010927126
9.132 -3.423497870836154 4.552418911828954
9.133000000000001 -3.4189459670306808 4.55138870594944
9.134 -3.4143950939844965 4.550357393251318
9.135 -3.4098452528044514 4.549324973671705
9.136000000000001 -3.405296444597475 4.548291447114189
9.137 -3.4007486704706062 4.547256813457956
9.138 -3.3962019315310212 4.546221072547462
9.139 -3.391656228886064 4.5451842242032034
9.14 -3.3871115636432765 4.544146268209887
9.141 -3.3825679369104265 4.5431072043290195
9.142 -3.37802534979554 4.542067032285117
9.143 -3.373483803406929 4.541025751779777
9.144 -3.3689432988532233 4.539983362477125
9.145 -3.3644038372433993 4.538939864018367
9.146 -3.359865419686812 4.5378952560067285
9.147 -3.355328047293224 4.536849538022138
9.148 -3.3507917211728375 4.535802709606925
9.149000000000001 -3.346256442436324 4.534754770278853
9.15 -3.341722212194856 4.533705719518966
9.151 -3.337189031560138 4.5326555567825055
9.152000000000001 -3.3326569016444374 4.531604281488388
9.153 -3.3281258235606153 4.530551893029004
9.154 -3.3235957984221587 4.529498390760709
9.155 -3.3190668273432125 4.528443774012189
9.156 -3.3145389114386106 4.527388042077293
9.157 -3.3100120518239073 4.526331194219847
9.158 -3.3054862496154094 4.525273229670955
9.159 -3.3009615059302093 4.524214147629304
9.16 -3.296437821886216 4.523153947262181
9.161 -3.2919151986021884 4.522092627703274
9.162 -3.2873936371977672 4.521030188054763
9.163 -3.282873138793508 4.519966627385611
9.164 -3.2783537045109137 4.518901944731832
9.165000000000001 -3.2738353354724663 4.517836139097099
9.166 -3.269318032801663 4.516769209451298
9.167 -3.264801797623045 4.5157011547316825
9.168000000000001 -3.260286631062235 4.514631973841643
9.169 -3.255772534245969 4.51356166565189
9.17 -3.2512595083021285 4.512490228998226
9.171 -3.246747554359775 4.511417662684523
9.172 -3.2422366735491854 4.510343965478623
9.173 -3.2377268670018835 4.509269136116758
9.174 -3.233218135850676 4.508193173298595
9.175 -3.228710481229685 4.507116075691772
9.176 -3.2242039042743835 4.5060378419276805
9.177 -3.2196984061216303 4.50495847060485
9.178 -3.2151939879097022 4.503877960285229
9.179 -3.210690650778332 4.502796309498489
9.18 -3.2061883958687414 4.501713516736355
9.181000000000001 -3.2016872243236754 4.500629580458795
9.182 -3.1971871372874388 4.499544499087267
9.183 -3.192688135905931 4.498458271011159
9.184000000000001 -3.188190221326681 4.497370894581277
9.185 -3.1836933946988837 4.496282368115945
9.186 -3.179197657173435 4.495192689894637
9.187 -3.174703009902968 4.494101858164421
9.188 -3.1702094540418875 4.4930098711324025
9.189 -3.1657169907464078 4.491916726974229
9.19 -3.161225621174588 4.490822423824182
9.191 -3.1567353464863683 4.4897269597856315
9.192 -3.152246167843607 4.488630332919842
9.193 -3.1477580864101156 4.487532541257128
9.194 -3.1432711033516982 4.486433582785431
9.195 -3.138785219836185 4.485333455461242
9.196 -3.1343004370334717 4.484232157198976
9.197000000000001 -3.129816756115555 4.483129685880503
9.198 -3.1253341782565713 4.482026039346313
9.199 -3.1208527046328336 4.480921215403146
9.200000000000001 -3.116372336422867 4.479815211816907
9.201 -3.1118930748074494 4.478708026319053
9.202 -3.1074149209696476 4.477599656599882
9.203 -3.1029378760948547 4.476490100315392
9.204 -3.0984619413708296 4.475379355079682
9.205 -3.0939871179877336 4.474267418472855
9.206 -3.0895134071381687 4.4731542880320685
9.207 -3.0850408100172175 4.472039961261208
9.208 -3.0805693278224804 4.470924435620003
9.209 -3.076098961754114 4.469807708535349
9.21 -3.071629713014871 4.468689777389509
9.211 -3.067161582810138 4.4675706395313854
9.212 -3.0626945723479757 4.466450292265557
9.213000000000001 -3.058228682839156 4.4653287328623055
9.214 -3.053763915497204 4.464205958548106
9.215 -3.0493002715384345 4.46308196651406
9.216000000000001 -3.0448377521819943 4.461956753908095
9.217 -3.040376358649899 4.460830317841431
9.218 -3.035916092167075 4.459702655383311
9.219 -3.031456953961399 4.458573763564329
9.22 -3.026998945263737 4.457443639374394
9.221 -3.0225420673079846 4.456312279763366
9.222 -3.0180863213311087 4.45517968164108
9.223 -3.013631708573186 4.454045841876172
9.224 -3.009178230277445 4.452910757298029
9.225 -3.004725887690305 4.451774424693429
9.226 -3.000274682061419 4.450636840810891
9.227 -2.995824614643712 4.449498002354974
9.228 -2.991375686693425 4.4483579059926175
9.229000000000001 -2.9869278994701527 4.4472165483458
9.23 -2.9824812542368875 4.446073925999338
9.231 -2.97803575226006 4.4449300354923444
9.232 -2.973591394809579 4.443784873326789
9.233 -2.969148183158876 4.44263843595852
9.234 -2.964706118584945 4.441490719806214
9.235 -2.9602652023683835 4.440341721242118
9.236 -2.955825435793436 4.439191436600848
9.237 -2.9513868201480356 4.438039862170763
9.238 -2.946949356723846 4.436886994202038
9.239 -2.9425130468163045 4.435732828898485
9.24 -2.9380778917246633 4.434577362425465
9.241 -2.9336438927520323 4.433420590901923
9.242 -2.9292110512054226 4.432262510407658
9.243 -2.9247793683957877 4.431103116976517
9.244 -2.9203488456380677 4.429942406602212
9.245000000000001 -2.915919484251232 4.4287803752330355
9.246 -2.911491285558322 4.427617018776334
9.247 -2.907064250886495 4.426452333094086
9.248 -2.9026383815670647 4.425286314007019
9.249 -2.8982136789355497 4.424118957290378
9.25 -2.8937901443317124 4.422950258677838
9.251 -2.889367779099605 4.42178021385741
9.252 -2.8849465845876123 4.42060881847528
9.253 -2.880526562148496 4.419436068131862
9.254 -2.8761077131394384 4.418261958385452
9.255 -2.8716900389220865 4.417086484748329
9.256 -2.867273540862596 4.415909642690536
9.257 -2.862858220331676 4.414731427635909
9.258000000000001 -2.858444078704633 4.413551834965623
9.259 -2.854031117361415 4.412370860014853
9.26 -2.849619337686656 4.411188498075433
9.261000000000001 -2.845208741069723 4.410004744393375
9.262 -2.840799328904757 4.408819594170925
9.263 -2.8363911025907202 4.407633042564465
9.264 -2.831984063531441 4.40644508468628
9.265 -2.827578213135658 4.40525571560269
9.266 -2.8231735528170656 4.404064930335726
9.267 -2.8187700839943597 4.402872723861154
9.268 -2.814367808091282 4.401679091110418
9.269 -2.8099667265366666 4.400484026968415
9.27 -2.805566840764485 4.399287526275565
9.271 -2.8011681522138905 4.398089583825551
9.272 -2.7967706623292665 4.396890194367395
9.273 -2.79237437256027 4.395689352603218
9.274000000000001 -2.7879792843618785 4.394487053190302
9.275 -2.783585399194436 4.393283290738808
9.276 -2.779192718523699 4.392078059814036
9.277000000000001 -2.774801243820881 4.390871354933692
9.278 -2.7704109765627014 4.389663170570869
9.279 -2.766021918231431 4.388453501150524
9.28 -2.761634070314937 4.387242341053027
9.281 -2.7572474343067306 4.386029684610504
9.282 -2.752862011706013 4.384815526110052
9.283 -2.7484778040177233 4.3835998597907935
9.284 -2.7440948127525835 4.382382679846236
9.285 -2.739713039427146 4.381163980422111
9.286 -2.735332485563841 4.379943755618146
9.287 -2.730953152691022 4.378721999486245
9.288 -2.726575042343015 4.3774987060321955
9.289 -2.7221981560601627 4.376273869213739
9.290000000000001 -2.7178224953888743 4.375047482942385
9.291 -2.713448061881671 4.373819541081473
9.292 -2.709074857097234 4.372590037448021
9.293000000000001 -2.7047028826004516 4.371358965810688
9.294 -2.700332139962467 4.370126319891562
9.295 -2.6959626307607247 4.36889209336464
9.296 -2.69159435657902 4.367656279856613
9.297 -2.687227319007544 4.366418872946672
9.298 -2.6828615196429335 4.365179866165843
9.299 -2.6784969600883173 4.363939252998215
9.3 -2.674133641953365 4.362697026879129
9.301 -2.669771566854333 4.361453181197077
9.302 -2.665410736414116 4.3602077092916085
9.303 -2.6610511522622904 4.358960604455499
9.304 -2.6566928160351657 4.357711859932159
9.305 -2.6523357293758303 4.3564614689184875
9.306000000000001 -2.647979893934201 4.355209424561649
9.307 -2.643625311367072 4.353955719962327
9.308 -2.639271983338159 4.352700348171333
9.309000000000001 -2.634919911518152 4.351443302193013
9.31 -2.6305690975847624 4.3501845749815775
9.311 -2.626219543222769 4.348924159444806
9.312 -2.6218712501240677 4.3476620484403545
9.313 -2.617524219987722 4.34639823477907
9.314 -2.6131784545200074 4.3451327112220595
9.315 -2.6088339554344633 4.343865470483006
9.316 -2.6044907244519404 4.342596505226326
9.317 -2.600148763300647 4.341325808068531
9.318 -2.5958080737162015 4.34005337157709
9.319 -2.591468657441678 4.338779188271309
9.32 -2.587130516227655 4.33750325062153
9.321 -2.5827936518322665 4.336225551049884
9.322000000000001 -2.578458066021248 4.334946081929376
9.323 -2.574123760567985 4.33366483558487
9.324 -2.569790737253565 4.332381804292078
9.325000000000001 -2.5654589978668225 4.3310969802783506
9.326 -2.5611285442043887 4.329810355722258
9.327 -2.5567993780707416 4.328521922753348
9.328 -2.552471501278254 4.327231673453142
9.329 -2.548144915647241 4.325939599853378
9.33 -2.5438196230060104 4.324645693938327
9.331 -2.53949562519091 4.323349947642067
9.332 -2.5351729240463783 4.322052352851465
9.333 -2.5308515214249914 4.320752901403007
9.334 -2.5265314191875126 4.319451585086157
9.335 -2.522212619202941 4.31814839563977
9.336 -2.51789512334856 4.31684332475585
9.337 -2.513578933509987 4.3155363640758555
9.338000000000001 -2.5092640515812206 4.314227505194112
9.339 -2.504950479464691 4.312916739654892
9.34 -2.5006382190713072 4.3116040589548215
9.341000000000001 -2.496327272320507 4.310289454540986
9.342 -2.4920176411403046 4.308972917812503
9.343 -2.4877093274673396 4.307654440119158
9.344 -2.4834023332469264 4.306334012762845
9.345 -2.4790966604331017 4.3050116269959755
9.346 -2.4747923109886742 4.303687274023342
9.347 -2.470489286885272 4.302360945000161
9.348 -2.466187590103392 4.301032631034162
9.349 -2.461887222632448 4.2997023231834985
9.35 -2.457588186470819 4.29837001245896
9.351 -2.4532904836258993 4.297035689821824
9.352 -2.448994116114144 4.295699346186009
9.353 -2.44469908596112 4.2943609724161504
9.354000000000001 -2.4404053952015525 4.293020559329374
9.355 -2.4361130458793747 4.291678097693917
9.356 -2.4318220400477752 4.29033357823028
9.357 -2.427532379769246 4.288986991610497
9.358 -2.4232440671156317 4.28763832845856
9.359 -2.4189571041681766 4.286287579350646
9.36 -2.414671493017573 4.2849347348144
9.361 -2.4103872357640084 4.2835797853303195
9.362 -2.4061043345172157 4.282222721330036
9.363 -2.4018227913965187 4.2808635331985005
9.364 -2.3975426085308813 4.279502211271751
9.365 -2.3932637880589533 4.278138745839271
9.366 -2.3889863321291203 4.276773127141952
9.367 -2.3847102428995504 4.275405345373994
9.368 -2.380435522538241 4.2740353906814175
9.369 -2.3761621732230673 4.272663253163631
9.370000000000001 -2.371890197141829 4.2712889228718645
9.371 -2.367619596492298 4.269912389811162
9.372 -2.363350373482265 4.268533643938406
9.373 -2.3590825303295864 4.267152675164441
9.374 -2.3548160692622324 4.265769473352281
9.375 -2.3505509925183325 4.264384028318916
9.376 -2.3462873023462234 4.262996329833852
9.377 -2.342025001004495 4.261606367620646
9.378 -2.3377640907620383 4.2602141313556725
9.379 -2.3335045738980886 4.258819610669475
9.38 -2.329246452702276 4.257422795145715
9.381 -2.32498972947467 4.256023674322397
9.382 -2.3207344065258235 4.254622237690834
9.383000000000001 -2.3164804861768227 4.253218474697027
9.384 -2.31222797075933 4.251812374740374
9.385 -2.3079768626156305 4.250403927175326
9.386000000000001 -2.30372716409868 4.248993121309926
9.387 -2.2994788775721458 4.247579946407494
9.388 -2.2952320054104574 4.246164391685279
9.389 -2.2909865499988484 4.244746446315984
9.39 -2.2867425137334023 4.243326099426599
9.391 -2.282499899021098 4.241903340099752
9.392 -2.278258708279855 4.240478157372729
9.393 -2.274018943938576 4.239050540238662
9.394 -2.2697806084371948 4.2376204776457085
9.395 -2.2655437042267184 4.236187958498092
9.396 -2.261308233769271 4.23475297165547
9.397 -2.257074199538141 4.23331550593374
9.398 -2.2528416040178207 4.231875550104701
9.399000000000001 -2.2486104497040538 4.230433092896591
9.4 -2.2443807391038777 4.228988122993957
9.401 -2.2401524747356656 4.227540629038072
9.402000000000001 -2.235925659129172 4.226090599626908
9.403 -2.2317002948255755 4.22463802331545
9.404 -2.2274763843775203 4.223182888615793
9.405 -2.223253930349159 4.221725183997371
9.406 -2.219032935316198 4.220264897887096
9.407 -2.214813401865937 4.218802018669617
9.408 -2.210595332597312 4.217336534687397
9.409 -2.2063787301209374 4.2158684342410675
9.41 -2.202163597059148 4.21439770558943
9.411 -2.1979499360460406 4.21292433694986
9.412 -2.1937377497275152 4.211448316498327
9.413 -2.1895270407613165 4.209969632369746
9.414 -2.185317811817075 4.2084882726580926
9.415000000000001 -2.181110065576347 4.2070042254166555
9.416 -2.176903804732656 4.205517478658267
9.417 -2.1726990319915322 4.204028020355461
9.418000000000001 -2.1684957500705546 4.202535838440801
9.419 -2.164293961699389 4.201040920806964
9.42 -2.1600936696198274 4.199543255307137
9.421 -2.1558948765858297 4.198042829755067
9.422 -2.1516975853635607 4.1965396319254955
9.423 -2.1475017987314295 4.195033649554185
9.424 -2.1433075194801305 4.1935248703383845
9.425 -2.1391147504126784 4.192013281936847
9.426 -2.1349234943444486 4.190498871970307
9.427 -2.1307337541032143 4.18898162802152
9.428 -2.1265455325291858 4.187461537635703
9.429 -2.1223588324750464 4.185938588320644
9.43 -2.11817365680599 4.184412767547082
9.431000000000001 -2.1139900083997585 4.182884062748893
9.432 -2.1098078901466777 4.181352461323392
9.433 -2.1056273049496945 4.17981795063165
9.434000000000001 -2.1014482557244127 4.178280517998606
9.435 -2.0972707453991295 4.176740150713676
9.436 -2.0930947769148696 4.175196836030534
9.437 -2.0889203532254217 4.173650561168055
9.438 -2.0847474772973738 4.17210131330981
9.439 -2.0805761521101473 4.17054907960531
9.44 -2.076406380656031 4.168993847169182
9.441 -2.072238165940216 4.167435603082762
9.442 -2.0680715109808285 4.165874334392953
9.443 -2.063906418808966 4.164310028114118
9.444 -2.059742892468727 4.162742671226682
9.445 -2.0555809350172454 4.161172250679287
9.446 -2.0514205495247237 4.1595987533871135
9.447000000000001 -2.0472617390744654 4.1580221662343755
9.448 -2.043104506762905 4.15644247607233
9.449 -2.038948855699642 4.154859669722004
9.450000000000001 -2.0347947890074694 4.1532737339721
9.451 -2.030642309822408 4.151684655581758
9.452 -2.026491421293734 4.150092421278509
9.453 -2.022342126584012 4.1484970177609375
9.454 -2.0181944288691214 4.14689843169677
9.455 -2.0140483313382904 4.145296649725475
9.456 -2.0099038371941207 4.143691658456339
9.457 -2.0057609496526196 4.142083444471126
9.458 -2.001619671943227 4.140471994322158
9.459 -1.9974800073088446 4.138857294534896
9.46 -1.9933419590058616 4.137239331606209
9.461 -1.9892055303041847 4.135618092006683
9.462 -1.985070724487263 4.13399356217926
9.463000000000001 -1.9809375448521158 4.132365728541158
9.464 -1.976805994709359 4.130734577482873
9.465 -1.9726760773832301 4.129100095369847
9.466000000000001 -1.968547796211614 4.127462268541657
9.467 -1.9644211545460684 4.125821083313522
9.468 -1.960296155751848 4.124176525975666
9.469 -1.9561728032079293 4.122528582794746
9.47 -1.9520511003070344 4.120877240013192
9.471 -1.9479310504556542 4.119222483850693
9.472 -1.9438126570740715 4.117564300503612
9.473 -1.9396959235963835 4.115902676146209
9.474 -1.935580853470525 4.114237596930585
9.475 -1.9314674501582887 4.112569048987175
9.476 -1.927355717135348 4.1108970184254385
9.477 -1.9232456578912769 4.109221491333863
9.478 -1.919137275929571 4.10754245378088
9.479000000000001 -1.9150305747676677 4.1058598918148155
9.48 -1.9109255579369655 4.104173791464789
9.481 -1.9068222289828436 4.102484138740813
9.482 -1.9027205914646803 4.100790919634389
9.483 -1.898620648955871 4.099094120119103
9.484 -1.894522405043847 4.097393726150521
9.485 -1.8904258633300919 4.095689723667864
9.486 -1.8863310274301595 4.093982098592331
9.487 -1.8822379009736891 4.092270836830845
9.488 -1.8781464876044225 4.090555924272071
9.489 -1.8740567909802186 4.0888373467923484
9.49 -1.8699688147730695 4.087115090250048
9.491 -1.8658825626691142 4.0853891404925005
9.492 -1.8617980383686528 4.083659483349968
9.493 -1.8577152455861599 4.081926104642507
9.494 -1.8536341880502984 4.080188990174453
9.495000000000001 -1.8495548695039319 4.078448125740443
9.496 -1.8454772937041362 4.076703497120764
9.497 -1.8414014644222112 4.074955090086948
9.498 -1.837327385443692 4.073202890396955
9.499 -1.8332550605683597 4.071446883801358
9.5 -1.8291844936102508 4.069687056037918
9.501 -1.8251156883976676 4.067923392838165
9.502 -1.8210486487731865 4.066155879921881
9.503 -1.8169833785936669 4.064384503003488
9.504 -1.8129198817302588 4.062609247787096
9.505 -1.8088581620684105 4.060830099971883
9.506 -1.8047982235078759 4.059047045248711
9.507 -1.8007400699627196 4.0572600693034735
9.508000000000001 -1.7966837053613238 4.055469157815921
9.509 -1.7926291336463935 4.053674296461024
9.51 -1.7885763587749608 4.051875470909381
9.511000000000001 -1.784525384718389 4.050072666827561
9.512 -1.7804762154623768 4.048265869878794
9.513 -1.7764288550069605 4.046455065723875
9.514 -1.7723833073665174 4.04464024002077
9.515 -1.7683395765697674 4.042821378426676
9.516 -1.7642976666597736 4.040998466596717
9.517 -1.760257581693944 4.039171490186678
9.518 -1.7562193257440317 4.037340434851181
9.519 -1.7521829028961333 4.035505286246919
9.52 -1.7481483172506898 4.033666030030383
9.521 -1.744115572922483 4.03182265186138
9.522 -1.7400846740406355 4.029975137400811
9.523 -1.7360556247486059 4.028123472313824
9.524000000000001 -1.7320284292041868 4.026267642268198
9.525 -1.7280030915795004 4.02440763293679
9.526 -1.7239796160609941 4.022543429996642
9.527000000000001 -1.719958006849435 4.020675019130793
9.528 -1.7159382681599045 4.01880238602796
9.529 -1.7119204042217915 4.016925516383825
9.53 -1.707904419278786 4.015044395901247
9.531 -1.703890317588871 4.013159010290933
9.532 -1.6998781034243144 4.011269345272603
9.533 -1.6958677810716603 4.009375386574249
9.534 -1.691859354831719 4.007477119935054
9.535 -1.6878528290195571 4.005574531102925
9.536 -1.6838482079644874 4.003667605838814
9.537 -1.6798454960100564 4.0017563299133725
9.538 -1.6758446975140329 3.9998406891116907
9.539 -1.6718458168483947 3.997920669229772
9.540000000000001 -1.6678488583993165 3.995996256079541
9.541 -1.6638538265671545 3.994067435484843
9.542 -1.6598607257664326 3.992134193287021
9.543000000000001 -1.6558695604258264 3.9901965153405765
9.544 -1.651880334988148 3.9882543875186864
9.545 -1.6478930539103285 3.9863077957092807
9.546 -1.643907721663402 3.9843567258200436
9.547 -1.639924342732486 3.982401163774938
9.548 -1.635942921616764 3.9804410955188594
9.549 -1.6319634628294655 3.978476507014491
9.55 -1.6279859708978461 3.976507384246777
9.551 -1.6240104503631676 3.974533713219562
9.552 -1.6200369057806752 3.972555479960912
9.553 -1.6160653417195763 3.970572670518227
9.554 -1.6120957627630181 3.9685852709657
9.555 -1.6081281735080635 3.966593267396972
9.556000000000001 -1.604162578565667 3.96459664593501
9.557 -1.6001989825606504 3.9625953927228124
9.558 -1.5962373901316764 3.960589493934422
9.559000000000001 -1.5922778059312237 3.9585789357654995
9.56 -1.588320234625559 3.95656370444362
9.561 -1.5843646808947094 3.954543786220108
9.562 -1.5804111494324344 3.952519167378786
9.563 -1.576459644946197 3.950489834229607
9.564 -1.5725101721571333 3.9484557731154766
9.565 -1.5685627358000225 3.946416970407691
9.566 -1.5646173406232557 3.9443734125113377
9.567 -1.560673991388804 3.942325085861782
9.568 -1.556732692872185 3.9402719769291537
9.569 -1.5527934498624303 3.9382140722158905
9.57 -1.5488562671620516 3.9361513582601
9.571 -1.5449211495870054 3.934083821634169
9.572000000000001 -1.5409881019666571 3.932011448946861
9.573 -1.537057129143745 3.92993422684398
9.574 -1.5331282359743437 3.927852142007431
9.575000000000001 -1.5292014273278256 3.92576518115943
9.576 -1.5252767080868228 3.923673331058285
9.577 -1.521354083147188 3.921576578505247
9.578 -1.5174335574179536 3.919474910338292
9.579 -1.513515135821292 3.9173683134403667
9.58 -1.5095988232924737 3.915256774732431
9.581 -1.5056846247798248 3.9131402811819074
9.582 -1.5017725452446844 3.9110188197957747
9.583 -1.4978625896613602 3.908892377629103
9.584 -1.4939547630170849 3.9067609417776468
9.585 -1.4900490703119702 3.9046244993874004
9.586 -1.4861455165589608 3.9024830376457404
9.587 -1.4822441067837882 3.900336543792665
9.588000000000001 -1.4783448460249224 3.89818500511037
9.589 -1.4744477393335242 3.896028408935616
9.59 -1.4705527917733958 3.8938667426487914
9.591000000000001 -1.4666600084209307 3.8916999936862697
9.592 -1.4627693943650637 3.8895281495297214
9.593 -1.458880954707219 3.8873511977182402
9.594 -1.4549946945612584 3.885169125837976
9.595 -1.4511106190534284 3.88298192153354
9.596 -1.4472287333223057 3.8807895724989643
9.597 -1.4433490425187439 3.8785920664872133
9.598 -1.4394715518058174 3.876389391303435
9.599 -1.4355962663587658 3.8741815348120867
9.6 -1.431723191364937 3.8719684849323235
9.601 -1.4278523320237295 3.8697502296435022
9.602 -1.4239836935465344 3.867526756981666
9.603 -1.4201172811566753 3.865298055044284
9.604000000000001 -1.4162531000893501 3.8630641119873035
9.605 -1.4123911555915685 3.8608249160297157
9.606 -1.4085314529220916 3.858580455450093
9.607 -1.404673997351369 3.8563307185923663
9.608 -1.4008187941614771 3.8540756938607483
9.609 -1.396965848646053 3.851815369727356
9.61 -1.3931151661102321 3.8495497347250383
9.611 -1.3892667518705815 3.847278777457192
9.612 -1.3854206112550338 3.8450024865887173
9.613 -1.3815767496028208 3.8427208508570647
9.614 -1.3777351722644053 3.8404338590627947
9.615 -1.3738958846014127 3.838141500080004
9.616 -1.370058891986561 3.835843762848479
9.617 -1.3662241998035924 3.8335406363818834
9.618 -1.3623918134472004 3.8312321097625457
9.619 -1.3585617383229593 3.8289181721467487
9.620000000000001 -1.3547339798472515 3.8265988127623407
9.621 -1.3509085434471941 3.8242740209118145
9.622 -1.347085434560565 3.8219437859711842
9.623 -1.3432646586357277 3.819608097392614
9.624 -1.3394462211315568 3.8172669447034466
9.625 -1.3356301275173599 3.8149203175084234
9.626 -1.3318163832728018 3.8125682054894523
9.627 -1.3280049938878258 3.8102105984071932
9.628 -1.3241959648625752 3.807847486101004
9.629 -1.320389301707314 3.805478858490703
9.63 -1.316585009942346 3.8031047055762617
9.631 -1.312783095097934 3.800725017439707
9.632 -1.308983562714218 3.7983397842449764
9.633000000000001 -1.3051864183411321 3.795948996238945
9.634 -1.301391667538322 3.793552643753283
9.635 -1.2975993158750594 3.7911507172023895
9.636000000000001 -1.2938093689301584 3.788743207088931
9.637 -1.2900218322918886 3.7863301039979014
9.638 -1.2862367115578888 3.783911398606132
9.639 -1.28245401233508 3.7814870816723096
9.64 -1.2786737402395774 3.7790571440505123
9.641 -1.2748959008966005 3.7766215766762734
9.642 -1.2711204999403847 3.7741803705838333
9.643 -1.26734754301409 3.7717335168890735
9.644 -1.2635770357697096 3.7692810068087024
9.645 -1.259808983867979 3.766822831643103
9.646 -1.2560433929782822 3.7643589827935826
9.647 -1.2522802687785588 3.7618894517486146
9.648 -1.2485196169552095 3.7594142300970472
9.649000000000001 -1.2447614432030012 3.756933309518314
9.65 -1.2410057532249705 3.7544466817921394
9.651 -1.2372525527323281 3.7519543387917262
9.652000000000001 -1.2335018474443609 3.7494562724909923
9.653 -1.2297536430883342 3.74695247495953
9.654 -1.2260079453993924 3.744442938368807
9.655 -1.2222647601204604 3.741927654987761
9.656 -1.2185240930021422 3.7394066171882785
9.657 -1.21478594980262 3.736879817441699
9.658 -1.2110503362875529 3.734347248323426
9.659 -1.2073172582299743 3.731808902509967
9.66 -1.2035867214101876 3.729264772783465
9.661 -1.1998587316156637 3.726714852028292
9.662 -1.1961332946409349 3.724159133236502
9.663 -1.1924104162874898 3.7215976095032333
9.664 -1.1886901023636671 3.7190302740330505
9.665000000000001 -1.184972358684549 3.7164571201353187
9.666 -1.1812571910718528 3.713878141229786
9.667 -1.1775446053538228 3.711293330842651
9.668000000000001 -1.173834607365121 3.708702682612229
9.669 -1.1701272029467176 3.706106190284161
9.67 -1.1664223979457802 3.7035038477180593
9.671 -1.1627201982155622 3.7008956488823412
9.672 -1.159020609615291 3.698281587860122
9.673 -1.155323638010056 3.695661658845831
9.674 -1.1516292892706939 3.6930358561489816
9.675 -1.1479375692736757 3.6904041741924996
9.676 -1.144248483900991 3.687766607515334
9.677 -1.1405620390400333 3.68512315077142
9.678 -1.136878240583483 3.682473798732252
9.679 -1.1331970944291916 3.679818546285226
9.68 -1.1295186064800629 3.677157388437348
9.681000000000001 -1.1258427826439357 3.674490320311987
9.682 -1.1221696288334642 3.671817337154469
9.683 -1.1184991509659996 3.6691384343268907
9.684000000000001 -1.1148313549634683 3.666453607315517
9.685 -1.111166246752252 3.6637628517236975
9.686 -1.1075038322630657 3.6610661632814265
9.687 -1.103844117430836 3.658363537836011
9.688 -1.1001871081945775 3.6556549713636106
9.689 -1.0965328104972698 3.6529404599582604
9.69 -1.092881230285733 3.6502199998446083
9.691 -1.0892323735105032 3.6474935873661276
9.692 -1.0855862461257073 3.6447612189989047
9.693 -1.081942854088936 3.6420228913376205
9.694 -1.0783022033611178 3.6392786011125304
9.695 -1.0746642999063916 3.636528345172703
9.696 -1.0710291496919788 3.6337721205039677
9.697000000000001 -1.0673967586880546 3.6310099242130693
9.698 -1.0637671328676188 3.6282417535436817
9.699 -1.0601402782063667 3.625467605862061
9.700000000000001 -1.0565162006825575 3.622687478672921
9.701 -1.0528949062768844 3.6199013696040496
9.702 -1.0492764009723428 3.6171092764234163
9.703 -1.045660690754098 3.6143111970230226
9.704 -1.0420477816093527 3.611507129436066
9.705 -1.0384376795272139 3.6086970718215303
9.706 -1.0348303904985583 3.6058810224796174
9.707 -1.0312259205158987 3.603058979838574
9.708 -1.027624275573249 3.6002309424683574
9.709 -1.0240254616659885 3.597396909068377
9.71 -1.0204294847907254 3.5945568784803363
9.711 -1.0168363509451608 3.5917108496771024
9.712 -1.0132460661279517 3.5888588217747115
9.713000000000001 -1.0096586363385727 3.5860007940211966
9.714 -1.0060740675771784 3.5831367658087188
9.715 -1.0024923658444642 3.5802667366632717
9.716000000000001 -0.998913537141528 3.577390706254841
9.717 -0.995337587469729 3.5745086743895333
9.718 -0.991764522830549 3.5716206410168128
9.719 -0.9881943492254506 3.5687266062254692
9.72 -0.9846270726557368 3.565826570245966
9.721 -0.9810626991224084 3.562920533451903
9.722 -0.9775012346260229 3.560008496356628
9.723 -0.9739426851665509 3.557090459620431
9.724 -0.9703870567432339 3.5541664240415627
9.725 -0.9668343553544396 3.551236390568556
9.726 -0.9632845869975194 3.548300360286555
9.727 -0.9597377576686623 3.5453583344342308
9.728 -0.9561938733627514 3.542410314385305
9.729000000000001 -0.9526529400732178 3.539456301670017
9.73 -0.949114963791895 3.53649629795314
9.731 -0.9455799505088726 3.5335303050573343
9.732 -0.9420479062123502 3.5305583249406576
9.733 -0.9385188368884901 3.527580359719331
9.734 -0.9349927485212697 3.5245964116471478
9.735 -0.931469647092334 3.521606483134487
9.736 -0.9279495385808475 3.5186105767329687
9.737 -0.9244324289633452 3.5156086951487406
9.738 -0.9209183242135842 3.5126008412323992
9.739 -0.9174072303023943 3.50958701798766
9.74 -0.9138991531975281 3.506567228565291
9.741 -0.9103940988635113 3.503541476268141
9.742 -0.906892073261492 3.500509764548535
9.743 -0.9033930823490907 3.4974720970097413
9.744 -0.8998971320802482 3.494428477407071
9.745000000000001 -0.8964042284050757 3.4913789096453858
9.746 -0.892914377269702 3.4883233977842725
9.747 -0.8894275846161219 3.4852619460315855
9.748 -0.8859438563820442 3.4821945587523015
9.749 -0.8824631985007388 3.4791212404585474
9.75 -0.8789856169008844 3.4760419958213737
9.751 -0.8755111175064145 3.4729568296591102
9.752 -0.8720397062363653 3.4698657469492895
9.753 -0.8685713890047206 3.4667687528178086
9.754 -0.8651061717202593 3.4636658525497004
9.755 -0.8616440602864002 3.4605570515794724
9.756 -0.8581850606010483 3.457442355500324
9.757 -0.8547291785564399 3.454321770056736
9.758000000000001 -0.8512764200389877 3.4511953011508645
9.759 -0.8478267909291263 3.4480629548375763
9.76 -0.844380297101156 3.4449247373296923
9.761000000000001 -0.8409369444230884 3.441780654992635
9.762 -0.83749673875649 3.438630714350686
9.763 -0.8340596859563266 3.435474922081002
9.764 -0.8306257918708075 3.4323132850195868
9.765 -0.8271950623412291 3.4291458101562102
9.766 -0.8237675032018185 3.4259725046393803
9.767 -0.8203431202795772 3.422793375771966
9.768 -0.8169219193941247 3.4196084310154493
9.769 -0.8135039063575414 3.416417677986361
9.77 -0.8100890869742114 3.4132211244603816
9.771 -0.8066774670406665 3.4100187783669207
9.772 -0.8032690523454279 3.4068106477972826
9.773 -0.7998638486688502 3.403596740994071
9.774000000000001 -0.7964618617829627 3.4003770663642534
9.775 -0.7930630974513139 3.397151632464088
9.776 -0.7896675614288114 3.3939204480167455
9.777000000000001 -0.7862752594615674 3.3906835218923392
9.778 -0.7828861972867385 3.3874408631302853
9.779 -0.7795003806323697 3.384192480915135
9.78 -0.7761178152172358 3.380938384602275
9.781 -0.7727385067506842 3.377678583691545
9.782 -0.769362460932477 3.3744130878533825
9.783 -0.765989683452633 3.3711419069042945
9.784 -0.7626201799912703 3.367865050828641
9.785 -0.7592539562184482 3.36458252976038
9.786 -0.7558910177940096 3.3612943539974025
9.787 -0.7525313703674231 3.358000533991092
9.788 -0.749175019577626 3.354701080353198
9.789 -0.7458219710528651 3.3513960038517894
9.790000000000001 -0.7424722304105404 3.3480853154126464
9.791 -0.7391258032570471 3.344769026120389
9.792 -0.7357826951876181 3.3414471472144944
9.793000000000001 -0.7324429117861658 3.338119690095913
9.794 -0.7291064586251262 3.334786666317424
9.795 -0.7257733412653002 3.331448087595928
9.796 -0.7224435652556972 3.3281039657981166
9.797 -0.7191171361333777 3.3247543129542456
9.798 -0.7157940594232959 3.321399141247068
9.799 -0.712474340638144 3.3180384630177686
9.8 -0.709157985278194 3.3146722907656243
9.801 -0.7058449988311425 3.31130063714241
9.802 -0.7025353867719532 3.307923514962025
9.803 -0.6992291545627008 3.304540937187961
9.804 -0.6959263076524153 3.3011529169469376
9.805 -0.6926268514769256 3.2977594675137873
9.806000000000001 -0.6893307914587041 3.294360602327365
9.807 -0.6860381330067108 3.2909563349734197
9.808 -0.6827488815162377 3.287546679201301
9.809000000000001 -0.6794630423687543 3.284131648908055
9.81 -0.6761806209317522 3.280711258151356
9.811 -0.6729016225585904 3.2772855211397824
9.812 -0.6696260525883406 3.2738544522379662
9.813 -0.6663539163456335 3.2704180659646926
9.814 -0.663085219140504 3.2669763769914977
9.815 -0.6598199662682385 3.2635294001450865
9.816 -0.6565581630092202 3.260077150404105
9.817 -0.653299814628777 3.2566196429013092
9.818 -0.6500449263770275 3.2531568929215697
9.819 -0.6467935034887297 3.2496889159023867
9.82 -0.6435455511831274 3.2462157274340697
9.821 -0.6403010746637989 3.2427373432570645
9.822000000000001 -0.6370600791185053 3.2392537792661003
9.823 -0.6338225697190386 3.2357650515037006
9.824 -0.6305885516210715 3.2322711761667073
9.825000000000001 -0.6273580299640058 3.2287721695995657
9.826 -0.624131009870823 3.2252680482986467
9.827 -0.6209074964479335 3.221758828909936
9.828 -0.6176874947850278 3.2182445282270447
9.829 -0.6144710099549264 3.2147251631963334
9.83 -0.6112580470134319 3.2112007509076133
9.831 -0.6080486109991796 3.207671308604912
9.832 -0.6048427069334904 3.204136853673875
9.833 -0.6016403398202225 3.2005974036537554
9.834 -0.5984415146456245 3.197052976224591
9.835 -0.5952462363781883 3.1935035892193024
9.836 -0.5920545099685036 3.189949260610488
9.837 -0.5888663403491109 3.186390008523131
9.838000000000001 -0.5856817324343567 3.1828258512202874
9.839 -0.5825006911202484 3.179256807117373
9.84 -0.5793232212843096 3.1756828947663824
9.841000000000001 -0.5761493277854364 3.1721041328705457
9.842 -0.5729790154637533 3.1685205402694816
9.843 -0.5698122891404706 3.1649321359521707
9.844 -0.5666491536177415 3.161338939043941
9.845 -0.5634896136785202 3.15774096881715
9.846 -0.5603336740864203 3.1541382446811896
9.847 -0.5571813395855735 3.1505307861898553
9.848 -0.5540326149004894 3.1469186130338045
9.849 -0.5508875047359151 3.1433017450473537
9.85 -0.5477460137766964 3.1396802021990533
9.851 -0.544608146687638 3.1360540046023497
9.852 -0.541473908113366 3.1324231725009617
9.853 -0.5383433026781892 3.12878772628576
9.854000000000001 -0.5352163349859628 3.125147686473266
9.855 -0.5320930096199507 3.121503073729037
9.856 -0.5289733311426905 3.1178539088409387
9.857 -0.5258573040958572 3.1142002127458444
9.858 -0.5227449330001284 3.1105420065014364
9.859 -0.5196362223550502 3.1068793113133393
9.86 -0.5165311766389037 3.1032121485063837
9.861 -0.513429800308571 3.0995405395526943
9.862 -0.5103320977994037 3.095864506042049
9.863 -0.5072380735250903 3.0921840697101683
9.864 -0.5041477318775257 3.0884992524095747
9.865 -0.5010610772266796 3.0848100761368866
9.866 -0.4979781139204675 3.0811165630049167
9.867 -0.49489884628462044 3.077418735268901
9.868 -0.4918232786225574 3.073716615298675
9.869 -0.488751415215256 3.07001022560628
9.870000000000001 -0.4856832603211262 3.06629958881561
9.871 -0.48261881817588276 3.062584727692542
9.872 -0.47955809299241986 3.0588656651131663
9.873 -0.47650108896068516 3.055142424093697
9.874 -0.4734478102475553 3.051415027760543
9.875 -0.4703982609967119 3.0476834993766935
9.876 -0.4673524453285182 3.04394786231669
9.877 -0.4643103673398961 3.040208140087983
9.878 -0.46127203110420467 3.036464356309469
9.879 -0.45823744067111816 3.032716534731157
9.88 -0.4552066000665061 3.028964699213102
9.881 -0.4521795132923127 3.0252088737452927
9.882 -0.44915618432643833 3.02144908242614
9.883000000000001 -0.4461366171226202 3.0176853494828526
9.884 -0.4431208156103153 3.0139176992492205
9.885 -0.44010878369458256 3.0101461561871083
9.886000000000001 -0.4371005252559672 3.006370744862746
9.887 -0.43409604415038405 3.002591489969796
9.888 -0.43109534420900353 2.998808416304371
9.889 -0.42809842923813646 2.995021548788678
9.89 -0.4251053030191211 2.991230912446337
9.891 -0.4221159693082097 2.9874365324250207
9.892 -0.4191304318364569 2.983638433973278
9.893 -0.4161486943096076 2.9798366424608838
9.894 -0.41317076040798656 2.976031183359403
9.895 -0.4101966337863881 2.9722220822573338
9.896 -0.4072263180739669 2.9684093648461642
9.897 -0.40425981687412904 2.9645930569310908
9.898 -0.401297133764424 2.9607731844203804
9.899000000000001 -0.3983382722964374 2.9569497733331715
9.9 -0.3953832359956845 2.9531228497918005
9.901 -0.3924320283615037 2.9492924400265683
9.902000000000001 -0.3894846528669519 2.945458570371176
9.903 -0.3865411129586992 2.9416212672648334
9.904 -0.3836014120569255 2.937780557249081
9.905 -0.3806655535552167 2.9339364669702563
9.906 -0.3777335408204623 2.930089023175004
9.907 -0.3748053771927532 2.9262382527136253
9.908 -0.3718810659852805 2.922384182535611
9.909 -0.36896061048423423 2.9185268396934547
9.91 -0.36604401394870395 2.914666251335931
9.911 -0.36313127961057806 2.9108024447161265
9.912 -0.360222410674446 2.9069354471792437
9.913 -0.3573174103174987 2.90306528617693
9.914 -0.35441628168943173 2.899191989248316
9.915000000000001 -0.3515190279123471 2.8953155840413247
9.916 -0.34862565208065693 2.8914360982881067
9.917 -0.34573615726098716 2.887553559828253
9.918000000000001 -0.3428505464920815 2.88366799658753
9.919 -0.3399688227847064 2.8797794365937337
9.92 -0.33709098912155594 2.875887907964629
9.921 -0.33421704845715755 2.871993438915079
9.922 -0.33134700371777787 2.8680960577522687
9.923 -0.3284808578013294 2.864195792877048
9.924 -0.32561861357727667 2.8602926727847375
9.925 -0.3227602738865441 2.8563867260599713
9.926 -0.31990584154142254 2.85247798138552
9.927 -0.31705531932547737 2.8485664675295146
9.928 -0.31420870999345635 2.8446522133586543
9.929 -0.3113660162711974 2.8407352478264114
9.93 -0.3085272408555375 2.8368155999810876
9.931000000000001 -0.3056923864142201 2.832893298961337
9.932 -0.3028614555858044 2.8289683739969345
9.933 -0.3000344509795735 2.825040854410583
9.934000000000001 -0.2972113751754428 2.8211107696146382
9.935 -0.294392230723869 2.8171781491145693
9.936 -0.2915770201457574 2.813243022507185
9.937 -0.28876574593237125 2.8093054194803737
9.938 -0.2859584105452387 2.805365369815887
9.939 -0.28315501641606095 2.8014229033860207
9.94 -0.28035556594661976 2.79747805015767
9.941 -0.2775600615086836 2.7935308401901113
9.942 -0.2747685054439148 2.7895813036366475
9.943 -0.27198090006377484 2.7856294707454308
9.944 -0.2691972476494296 2.7816753718597025
9.945 -0.2664175504516539 2.7777190374182985
9.946 -0.26364181069073456 2.7737604979581345
9.947000000000001 -0.26087003055637353 2.769799784112433
9.948 -0.25810221220758894 2.7658369266151883
9.949 -0.25533835777261554 2.761871956299564
9.950000000000001 -0.25257846934880374 2.7579049041008528
9.951 -0.24982254900251688 2.753935801057763
9.952 -0.2470705987690277 2.7499646783130176
9.953 -0.24432262065241206 2.745991567117562
9.954 -0.24157861662544133 2.742016498829332
9.955 -0.23883858862947316 2.7380395049179485
9.956 -0.2361025385743386 2.734060616966855
9.957 -0.23337046833822864 2.730079866672819
9.958 -0.23064237976757637 2.726097285854771
9.959 -0.22791827467693718 2.7221129064492624
9.96 -0.22519815484886604 2.7181267605203514
9.961 -0.2224820220337902 2.7141388802596893
9.962 -0.21976987794988015 2.7101492979889508
9.963000000000001 -0.21706172428291423 2.706158046170625
9.964 -0.21435756268614145 2.7021651574011973
9.965 -0.21165739478013754 2.6981706644302905
9.966000000000001 -0.20896122215265747 2.694174600150194
9.967 -0.20626904635848195 2.6901769976167147
9.968 -0.2035808689192582 2.686177890041321
9.969 -0.2008966913233341 2.6821773108108395
9.97 -0.19821651502558685 2.678175293480158
9.971 -0.19554034144724203 2.6741718717971126
9.972 -0.19286817197568729 2.670167079690202
9.973 -0.19020000796427586 2.666160951299125
9.974 -0.18753585073212084 2.6621535209649747
9.975 -0.18487570156388086 2.6581448232550744
9.976 -0.18221956170953313 2.6541348929651645
9.977 -0.17956743238413672 2.650123765135473
9.978 -0.17691931476758138 2.64611147506455
9.979000000000001 -0.17427521000432458 2.642098058318207
9.98 -0.17163511920311192 2.6380835507542204
9.981 -0.16899904343668337 2.6340679885260436
9.982000000000001 -0.16636698374146033 2.6300514081171804
9.983 -0.16373894111721587 2.6260338463409147
9.984 -0.16111491652672238 2.6220153403846935
9.985 -0.15849491089537873 2.617995927808531
9.986 -0.1558789251108125 2.6139756465942634
9.987 -0.15326696002245585 2.6099545351513065
9.988 -0.15065901644109275 2.6059326323658607
9.989 -0.1480550951383756 2.601909977615295
9.99 -0.14545519684630634 2.5978866108221323
9.991 -0.14285932225668183 2.593862572474578
9.992 -0.14026747202049705 2.589837903687262
9.993 -0.13767964674730435 2.585812646231036
9.994 -0.1350958470045234 2.581786842599584
9.995000000000001 -0.13251607331669657 2.577760536053939
9.996 -0.1299403261646867 2.573733770691341
9.997 -0.1273686059848066 2.5697065915143793
9.998 -0.12480091316788018 2.565679044497742
9.999 -0.12223724805822007 2.561651176688694
10.0 -0.11967761095252036 2.5576230362767296
10.001 -0.11712200209864881 2.553594672723782
10.002 -0.11457042169433299 2.5495661368483336
10.003 -0.11202286988572355 2.5455374809841027
10.004 -0.10947934676582448 2.5415087590905827
10.005 -0.10693985237277183 2.5374800269423385
10.006 -0.10440438668794533 2.533451342277127
10.007 -0.10187294963389011 2.529422765024225
10.008000000000001 -0.09934554107202788 2.5253943575006623
10.009 -0.09682216080012775 2.5213661846921007
10.01 -0.09430280854950882 2.5173383145118526
10.011000000000001 -0.09178748398193656 2.513310818150982
10.012 -0.08927618668617356 2.5092837704226323
10.013 -0.08676891617413571 2.5052572502035013
10.014 -0.08426567187659956 2.5012313408931792
10.015 -0.08176645313839465 2.497206130981938
10.016 -0.07927125921300632 2.4931817146643556
10.017 -0.07678008925649908 2.4891581925822286
10.018 -0.07429294232065543 2.4851356726527727
10.019 -0.07180981734520711 2.4811142710536243
10.02 -0.06933071314900877 2.4770941133540294
10.021 -0.06685562841998204 2.4730753358420507
10.022 -0.06438456170361537 2.4690580870858008
10.023 -0.06191751138977239 2.465042529754901
10.024000000000001 -0.05945447569749961 2.4610288427994984
10.025 -0.05699545265747175 2.457017223996529
10.026 -0.05454044009162259 2.4530078930303314
10.027000000000001 -0.05208943558942415 2.449001095116542
10.028 -0.04964243648014497 2.4449971054169235
10.029 -0.04719943980027842 2.440996234285875
10.03 -0.04476044225513758 2.43699883368648
10.031 -0.042325440173388656 2.433005304899
10.032 -0.039894429453004934 2.42901610796567
10.033 -0.037467405496776816 2.4250317731347324
10.034 -0.03504436313508462 2.42105291488438
10.035 -0.03262529653314163 2.4170802489580367
10.036 -0.030210199079329342 2.4131146131376333
10.037 -0.027799063250626265 2.4091569922822242
10.038 -0.025391880450522795 2.405208548311105
10.039 -0.022988640814396916 2.401270655301226
10.040000000000001 -0.020589332977368195 2.3973449394344075
10.041 -0.018193943800708594 2.393433321954358
10.042 -0.015802458055825724 2.3895380610941825
10.043000000000001 -0.01341485807100534 2.385661784695296
10.044 -0.011031123357241702 2.381807499512939
10.045 -0.008651230247308739 2.377978555583759
10.046 -0.00627515160698491 2.3741785377344184
10.047 -0.0039028567052221356 2.3704110563496426
10.048 -0.0015343113498776796 2.366679425493663
10.049 0.0008305216117068542 2.3629862548177596
10.05 0.003191681381806829 2.359333036370102
10.051 0.005549207947408978 2.3557198489426936
10.052 0.007903140634510364 2.352145291534277
10.053 0.010253516727926619 2.348606680933764
10.054 0.012600370387014273 2.345100446622075
10.055 0.014943731989673128 2.3416225933220485
10.056000000000001 0.01728362791139574 2.3381691092075236
10.057 0.019620080651672853 2.334736252661027
10.058 0.02195310918233272 2.3313207093052415
10.059000000000001 0.024282729401518547 2.327919646027924
10.06 0.026608954608694353 2.3245306987822034
10.061 0.0289317959501333 2.321151925581239
10.062 0.03125126281091534 2.317781746410911
10.063 0.03356736314656488 2.3144188825420127
10.064 0.0358801037568392 2.3110623014913796
10.065 0.03818949050841743 2.3077111698574564
10.066 0.04049552851449316 2.3043648142920983
10.067 0.04279822227901336 2.301022689829289
10.068 0.04509757581238485 2.2976843544971985
10.069 0.04739359272437519 2.2943494491026906
10.07 0.04968627629886857 2.291017681162211
10.071 0.051975629554212616 2.2876888121576058
10.072000000000001 0.05426165529211693 2.2843626473880376
10.073 0.05654435613743825 2.281039027893921
10.074 0.05882373457069192 2.2777178239885156
10.075000000000001 0.06109979295473533 2.274398930071844
10.076 0.06337253355676573 2.27108226044726
10.077 0.06564195856653218 2.2677677459342904
10.078 0.06790807011147844 2.2644553311182265
10.079 0.07017087026938369 2.2611449720975823
10.08 0.0724303610789568 2.2578366346435836
10.081 0.074686544548748 2.254530292676503
10.082 0.07693942266467198 2.2512259270121033
10.083 0.07918899739637929 2.2479235243123723
10.084 0.08143527070267019 2.2446230762196673
10.085 0.08367824453610694 2.241324578619918
10.086 0.08591792084695508 2.2380280310371883
10.087 0.0881543015865585 2.2347334361071955
10.088000000000001 0.09038738871023674 2.231440799147926
10.089 0.09261718417977681 2.228150127778618
10.09 0.09484368996558028 2.2248614316108846
10.091000000000001 0.0970669080485154 2.2215747219681865
10.092 0.09928684042151781 2.218290011662981
10.093 0.10150348909097386 2.215007314785594
10.094 0.10371685607791797 2.2117266465427163
10.095 0.10592694341906843 2.208448023096372
10.096 0.10813375316772389 2.205171461445846
10.097 0.11033728739453799 2.2018969793027585
10.098 0.11253754818818937 2.1986245950057306
10.099 0.11473453765595837 2.195354327420406
10.1 0.11692825792422415 2.1920861958788653
10.101 0.11911871113889011 2.1888202200982536
10.102 0.12130589946574809 2.1855564201382256
10.103 0.12348982509078696 2.182294816333973
10.104000000000001 0.12567049022045346 2.179035429265832
10.105 0.12784789708186994 2.175778279705361
10.106 0.1300220479230145 2.172523388592268
10.107000000000001 0.13219294501286702 2.169270776991056
10.108 0.1343605906415259 2.166020466074018
10.109 0.13652498712029731 2.1627724770848884
10.11 0.13868613678176148 2.159526831327836
10.111 0.1408440419798168 2.156283550135515
10.112 0.14299870508970555 2.153042654862841
10.113 0.145150128508022 2.1498041668591066
10.114 0.14729831465270515 2.1465681074645557
10.115 0.14944326596301796 2.1433344979870532
10.116 0.15158498489951347 2.140103359698632
10.117 0.15372347394399005 2.1368747138184454
10.118 0.15585873559943628 2.1336485815074213
10.119 0.1579907723899665 2.1304249838564315
10.120000000000001 0.1601195868607479 2.1272039418801882
10.121 0.16224518157792006 2.123985476509011
10.122 0.1643675591285076 2.1207696085824574
10.123 0.16648672212032614 2.1175563588433137
10.124 0.16860267318188296 2.1143457479318517
10.125 0.17071541496227186 2.1111377963809717
10.126 0.17282495013106364 2.1079325246117895
10.127 0.17493128137819164 2.104729952928432
10.128 0.17703441141383375 2.101530101515627
10.129 0.17913434296829012 2.098332990433461
10.13 0.181231078791858 2.095138639615928
10.131 0.18332462165470292 2.0919470688655366
10.132 0.18541497434672707 2.0887582978533232
10.133000000000001 0.18750213967743537 2.08557234611358
10.134 0.1895861204757982 2.0823892330429934
10.135 0.19166691959011306 2.0792089778990834
10.136000000000001 0.19374453988786258 2.0760315997947023
10.137 0.19581898425557198 2.072857117702098
10.138 0.1978902555986637 2.0696855504434297
10.139 0.19995835684131077 2.066516916697917
10.14 0.2020232909262885 2.063351234990758
10.141 0.20408506081482475 2.060188523701773
10.142 0.20614366948644855 2.0570288010538573
10.143 0.20819911993883786 2.0538720851215446
10.144 0.2102514151876659 2.0507183938211413
10.145 0.21230055826644617 2.0475677449166296
10.146 0.21434655222637683 2.0444201560136666
10.147 0.2163894001361839 2.0412756445621025
10.148 0.21842910508196342 2.0381342278522396
10.149000000000001 0.2204656701670231 2.034995923017009
10.15 0.22249909851172275 2.0318607470278804
10.151 0.2245293932533144 2.0287287166975267
10.152000000000001 0.22655655754578127 2.025599848676039
10.153 0.2285805945596766 2.022474159453014
10.154 0.2306015074819614 2.0193516653545647
10.155 0.23261929951584184 2.016232382544921
10.156 0.2346339738806062 2.0131163270239743
10.157 0.2366455338114611 2.0100035146286803
10.158 0.23865398255936748 2.006893961030564
10.159 0.24065932339087598 2.0037876817375646
10.16 0.242661559587962 2.0006846920913537
10.161 0.24466069444786046 1.9975850072691115
10.162 0.24665673128289986 1.9944886422810455
10.163 0.24864967342033673 1.9913956119727576
10.164 0.2506395242021889 1.9883059310214009
10.165000000000001 0.252626286985069 1.9852196139395875
10.166 0.25460996514001805 1.982136675071051
10.167 0.2565905620523377 1.979057128593657
10.168000000000001 0.2585680811214236 1.9759809885175557
10.169 0.2605425257605975 1.972908268684618
10.17 0.26251389939694003 1.9698389827707508
10.171 0.2644822054711224 1.9667731442812673
10.172 0.26644744743723886 1.9637107665569837
10.173 0.2684096287626385 1.9606518627668392
10.174 0.2703687529277572 1.9575964459151114
10.175 0.27232482342594916 1.954544528834748
10.176 0.274277843763319 1.9514961241929556
10.177 0.2762278174585528 1.948451244486041
10.178 0.27817474804275044 1.9454099020447664
10.179 0.28011863905925627 1.9423721090277941
10.18 0.28205949406349146 1.9393378774298708
10.181000000000001 0.283997316622785 1.9363072190718758
10.182 0.2859321103162056 1.9332801456123645
10.183 0.2878638787343928 1.9302566685347915
10.184000000000001 0.2897926254793894 1.9272367991615331
10.185 0.29171835416447206 1.9242205486386728
10.186 0.2936410684139841 1.9212079279526941
10.187 0.2955607718631663 1.9181989479129042
10.188 0.29747746815798964 1.9151936191694308
10.189 0.29939116095498663 1.9121919521961144
10.19 0.3013018539210838 1.9091939573063772
10.191 0.30320955073343375 1.9061996446396163
10.192 0.30511425507924744 1.9032090241725623
10.193 0.3070159706556268 1.900222105710902
10.194 0.30891470116939723 1.8972388988955469
10.195 0.31081045033694044 1.8942594131984463
10.196 0.31270322188402755 1.891283657926284
10.197000000000001 0.3145930195456519 1.8883116422168649
10.198 0.31647984706586274 1.8853433750442923
10.199 0.31836370819759846 1.882378865212716
10.200000000000001 0.3202446067025207 1.8794181213643641
10.201 0.3221225463508479 1.8764611519707293
10.202 0.32399753092118994 1.873507965343088
10.203 0.3258695642003821 1.8705585696211946
10.204 0.32773864998332025 1.8676129727860982
10.205 0.32960479207279536 1.86467118264743
10.206 0.33146799427932916 1.8617332068565406
10.207 0.33332826042100916 1.8587990528941438
10.208 0.33518559432332484 1.8558687280830506
10.209 0.3370399998190036 1.8529422395765451
10.21 0.3388914807478469 1.850019594369315
10.211 0.34074004095656746 1.8471007992893111
10.212 0.3425856842986256 1.8441858610038355
10.213000000000001 0.3444284146340675 1.8412747860169711
10.214 0.34626823582936184 1.8383675806699815
10.215 0.3481051517572387 1.835464251144283
10.216000000000001 0.34993916629652744 1.832564803456872
10.217 0.3517702833319956 1.8296692434674322
10.218 0.3535985067541881 1.826777576870704
10.219 0.3554238404592666 1.8238898092057143
10.22 0.3572462883488495 1.8210059458466146
10.221 0.35906585432985205 1.8181259920133075
10.222 0.3608825423143273 1.8152499527612094
10.223 0.36269635621930707 1.812377832992308
10.224 0.36450729996664316 1.8095096374450905
10.225 0.36631537748284987 1.8066453707055625
10.226 0.36812059269894587 1.8037850371967468
10.227 0.36992294955029725 1.8009286411902945
10.228 0.37172245197646064 1.7980761867958888
10.229000000000001 0.3735191039210272 1.7952276779724627
10.23 0.37531290933146627 1.7923831185178856
10.231 0.3771038721589707 1.7895425120809603
10.232000000000001 0.3788919963583012 1.7867058621489111
10.233 0.3806772858876326 1.7838731720625245
10.234 0.38245974470839955 1.7810444450007705
10.235 0.3842393767851433 1.7782196839976927
10.236 0.3860161860853586 1.7753988919265267
10.237 0.3877901765793414 1.7725820715162846
10.238 0.3895613522400371 1.769769225336874
10.239 0.39132971704288894 1.7669603558138258
10.24 0.3930952749656873 1.7641554652163651
10.241 0.39485802998841935 1.7613545556683308
10.242 0.3966179860931193 1.7585576291404648
10.243 0.39837514726371925 1.755764687457398
10.244 0.4001295174859005 1.7529757322930104
10.245000000000001 0.4018811007469453 1.7501907651754578
10.246 0.40362990103558954 1.7474097874838752
10.247 0.4053759223418758 1.7446328004521237
10.248 0.40711916865700676 1.7418598051669463
10.249 0.40885964397319957 1.7390908025703096
10.25 0.4105973522835405 1.73632579345865
10.251 0.4123322975818406 1.733564778484867
10.252 0.4140644838624912 1.730807758156919
10.253 0.4157939151203211 1.7280547328416356
10.254 0.4175205953504533 1.7253057027604795
10.255 0.4192445285481632 1.7225606679966952
10.256 0.42096571870873645 1.7198196284880969
10.257 0.42268416982732887 1.7170825840365183
10.258000000000001 0.4243998858988253 1.7143495342986173
10.259 0.42611287091770067 1.71162047879752
10.26 0.42782312887788027 1.708895416911363
10.261000000000001 0.429530663772602 1.7061743478867306
10.262 0.43123547959427827 1.7034572708263935
10.263 0.43293758033435914 1.7007441847025166
10.264 0.4346369699831958 1.6980350883455126
10.265 0.43633365252990475 1.6953299804553856
10.266 0.43802763196223304 1.6926288595934278
10.267 0.4397189122664234 1.689931724189584
10.268 0.4414074974270811 1.6872385725389951
10.269 0.44309339142704035 1.6845494028043795
10.27 0.44477659824723254 1.6818642130172248
10.271 0.44645712186655395 1.6791830010761282
10.272 0.44813496626173527 1.6765057647511394
10.273 0.4498101354072112 1.6738325016802267
10.274000000000001 0.45148263327499083 1.6711632093741582
10.275 0.4531524638345288 1.6684978852134675
10.276 0.45481963105259726 1.665836526452488
10.277000000000001 0.4564841388931585 1.663179130217019
10.278 0.458145991317238 1.660525693507841
10.279 0.4598051922827987 1.6578762131989666
10.28 0.46146174574461557 1.6552306860404884
10.281 0.46311565565415125 1.6525891086576745
10.282 0.4647669259594319 1.6499514775524826
10.283 0.46641556060492484 1.6473177891048048
10.284 0.4680615635314155 1.6446880395712562
10.285 0.46970493867588614 1.6420622250890562
10.286 0.47134568997139525 1.6394403416729784
10.287 0.472983821346957 1.6368223852200048
10.288 0.4746193367274223 1.6342083515064365
10.289 0.4762522400333601 1.6315982361919488
10.290000000000001 0.47788253518093937 1.6289920348172926
10.291 0.47951022608181243 1.6263897428079375
10.292 0.4811353166429982 1.6237913554720476
10.293000000000001 0.4827578107667671 1.621196868004225
10.294 0.484377712350526 1.6186062754827126
10.295 0.4859950252867044 1.6160195728744207
10.296 0.48760975346264096 1.6134367550311413
10.297 0.4892219007604713 1.6108578166946639
10.298 0.4908314710570162 1.608282752493656
10.299 0.49243846822367066 1.6057115569479727
10.3 0.494042896126294 1.6031442244660936
10.301 0.49564475862510027 1.6005807493492825
10.302 0.49724405957454976 1.5980211257887131
10.303 0.4988408028232415 1.5954653478704752
10.304 0.5004349922138058 1.5929134095713529
10.305 0.5020266315827987 1.5903653047655408
10.306000000000001 0.5036157247605957 1.587821027218524
10.307 0.5052022755712883 1.5852805705959325
10.308 0.5067862878325791 1.5827439284550202
10.309000000000001 0.5083677653556795 1.580211094255721
10.31 0.5099467119452072 1.5776820613510167
10.311 0.511523131399085 1.5751568229976427
10.312 0.5130970275084399 1.572635372347669
10.313 0.5146684040575034 1.5701177024580408
10.314 0.5162372648235127 1.5676038062830588
10.315 0.5178036135766123 1.5650936766828578
10.316 0.5193674540797566 1.5625873064174665
10.317 0.5209287900886134 1.5600846881533552
10.318 0.5224876253514681 1.5575858144594237
10.319 0.5240439636091287 1.555090677811771
10.32 0.5255978085948317 1.5525992705914253
10.321 0.5271491640341485 1.550111585087269
10.322000000000001 0.5286980336448932 1.5476276134958467
10.323 0.5302444211370309 1.545147347921883
10.324 0.5317883302125862 1.5426707803807154
10.325000000000001 0.5333297645655538 1.5401979027963857
10.326 0.5348687278818087 1.5377287070059573
10.327 0.536405223839018 1.5352631847562543
10.328 0.537939256106553 1.5328013277091441
10.329 0.5394708283454026 1.5303431274376385
10.33 0.5409999442080871 1.527888575431662
10.331 0.5425266073385728 1.525437663093501
10.332 0.5440508213721882 1.5229903817444759
10.333 0.5455725899355395 1.5205467226196523
10.334 0.5470919166464283 1.5181066768744065
10.335 0.5486088051137699 1.5156702355805847
10.336 0.5501232589375116 1.5132373897302411
10.337 0.5516352817085525 1.5108081302354948
10.338000000000001 0.5531448770086642 1.5083824479285264
10.339 0.5546520484104118 1.5059603335645977
10.34 0.5561567994770761 1.503541777819573
10.341000000000001 0.5576591337625764 1.501126771294847
10.342 0.5591590548113943 1.4987153045135388
10.343 0.5606565661584982 1.4963073679261285
10.344 0.5621516713292688 1.4939029519062572
10.345 0.5636443738394247 1.4915020467569304
10.346 0.5651346771949499 1.489104642705393
10.347 0.5666225848920214 1.4867107299104418
10.348 0.5681081004169376 1.4843202984560189
10.349 0.5695912272460477 1.4819333383601883
10.35 0.5710719688456821 1.4795498395667948
10.351 0.5725503286720832 1.47716979195612
10.352 0.574026310171337 1.47479318533529
10.353 0.575499916779306 1.4724200094501025
10.354000000000001 0.5769711519215626 1.4700502539740885
10.355 0.5784400190133226 1.4676839085216438
10.356 0.5799065214593815 1.4653209626362664
10.357000000000001 0.5813706626540488 1.4629614058035423
10.358 0.5828324459810856 1.4606052274407777
10.359 0.5842918748136415 1.4582524169075615
10.36 0.585748952514193 1.4559029634981842
10.361 0.5872036824344822 1.4535568564495105
10.362 0.5886560679154568 1.4512140849359412
10.363 0.5901061122872104 1.4488746380749131
10.364 0.591553818868924 1.4465385049236912
10.365 0.5929991909688082 1.4442056744839704
10.366 0.5944422318840457 1.4418761356986973
10.367 0.5958829449007352 1.4395498774568662
10.368 0.5973213332938362 1.4372268885905262
10.369 0.5987574003271134 1.434907157878947
10.370000000000001 0.6001911492530838 1.4325906740463028
10.371 0.6016225833129624 1.430277425765363
10.372 0.6030517057366104 1.427967401655593
10.373 0.6044785197424833 1.4256605902861181
10.374 0.6059030285375806 1.42335698017501
10.375 0.6073252353173945 1.4210565597906701
10.376 0.6087451432658614 1.4187593175529372
10.377 0.6101627555553134 1.4164652418325323
10.378 0.6115780753464298 1.4141743209539477
10.379 0.6129911057881905 1.4118865431936696
10.38 0.6144018500178295 1.409601896783388
10.381 0.6158103111607895 1.4073203699086614
10.382 0.6172164923306769 1.4050419507113638
10.383000000000001 0.6186203966292176 1.402766627289186
10.384 0.6200220271462143 1.400494387696904
10.385 0.6214213869595031 1.3982252199476306
10.386000000000001 0.6228184791349123 1.395959112011945
10.387 0.624213306726221 1.3936960518212906
10.388 0.6256058727751188 1.3914360272650164
10.389 0.6269961803111664 1.3891790261958719
10.39 0.6283842323517562 1.386925036424847
10.391 0.6297700319020749 1.3846740457290938
10.392 0.6311535819550652 1.3824260418440317
10.393 0.63253488549139 1.3801810124739708
10.394 0.6339139454793957 1.3779389452820796
10.395 0.6352907648750774 1.3756998279022348
10.396 0.6366653466220439 1.3734636479285485
10.397 0.6380376936514845 1.3712303929272442
10.398 0.6394078088821354 1.369000050426212
10.399000000000001 0.6407756952202475 1.3667726079266727
10.4 0.6421413555595545 1.3645480528936513
10.401 0.6435047927812423 1.3623263727656503
10.402000000000001 0.6448660097539182 1.3601075549477428
10.403 0.6462250093335816 1.3578915868188557
10.404 0.6475817943635953 1.3556784557264088
10.405 0.6489363676746569 1.3534681489928975
10.406 0.6502887320847712 1.3512606539106333
10.407 0.6516388903992242 1.3490559577484715
10.408 0.6529868454105556 1.3468540477465196
10.409 0.6543325998985345 1.344654911122461
10.41 0.6556761566301342 1.3424585350670615
10.411 0.6570175183595078 1.3402649067494732
10.412 0.658356687827965 1.338074013313842
10.413 0.6596936677639494 1.3358858418835238
10.414 0.6610284608830164 1.333700379558503
10.415000000000001 0.6623610698878113 1.3315176134192035
10.416 0.663691497468049 1.329337530524
10.417 0.6650197463004935 1.3271601179129884
10.418000000000001 0.6663458190489389 1.324985362605578
10.419 0.6676697183641895 1.3228132516041176
10.42 0.668991446884043 1.3206437718915707
10.421 0.6703110072332717 1.3184769104352698
10.422 0.6716284020236066 1.316312654184191
10.423 0.67294363385372 1.3141509900731132
10.424 0.6742567053092108 1.311991905019687
10.425 0.6755676189625889 1.3098353859286602
10.426 0.676876377373261 1.3076814196887867
10.427 0.6781829830875169 1.3055299931772162
10.428 0.6794874386385161 1.3033810932564316
10.429 0.6807897465462753 1.301234706778462
10.43 0.6820899093176566 1.2990908205817617
10.431000000000001 0.6833879294463558 1.296949421495798
10.432 0.6846838094128923 1.2948104963375262
10.433 0.6859775516845982 1.2926740319160706
10.434000000000001 0.6872691587156091 1.2905400150294042
10.435 0.6885586329468556 1.2884084324686185
10.436 0.6898459768060541 1.2862792710150863
10.437 0.6911311927076996 1.2841525174442805
10.438 0.6924142830530584 1.2820281585232312
10.439 0.6936952502301612 1.27990618101415
10.44 0.6949740966137976 1.2777865716720611
10.441 0.69625082456551 1.2756693172480398
10.442 0.6975254364335893 1.2735544044877574
10.443 0.6987979345530702 1.2714418201329392
10.444 0.7000683212457275 1.26933155092251
10.445 0.7013365988200728 1.2672235835910783
10.446 0.7026027695713524 1.2651179048726695
10.447000000000001 0.7038668357815442 1.2630145014975172
10.448 0.705128799719357 1.2609133601964977
10.449 0.7063886636402291 1.2588144676979045
10.450000000000001 0.7076464297863277 1.2567178107315247
10.451 0.7089021003865494 1.25462337602592
10.452 0.7101556776565202 1.2525311503118224
10.453 0.7114071637985973 1.2504411203202583
10.454 0.71265656100187 1.248353272785106
10.455 0.7139038714421625 1.2462675944416441
10.456 0.7151490972820362 1.2441840720293422
10.457 0.716392240670793 1.2421026922895995
10.458 0.717633303744479 1.2400234419694414
10.459 0.7188722886258886 1.2379463078186277
10.46 0.7201091974245692 1.2358712765935345
10.461 0.7213440322368271 1.2337983350545643
10.462 0.7225767951457318 1.2317274699691225
10.463000000000001 0.7238074882211237 1.2296586681104242
10.464 0.7250361135196197 1.2275919162588518
10.465 0.7262626730846208 1.2255272012022216
10.466000000000001 0.7274871689463197 1.2234645097360393
10.467 0.7287096031217091 1.221403828664484
10.468 0.7299299776145898 1.2193451448001018
10.469 0.7311482944155803 1.2172884449654133
10.47 0.7323645555021259 1.215233715991728
10.471 0.7335787628385092 1.2131809447218633
10.472 0.73479091837586 1.211130118007736
10.473 0.7360010240521664 1.209081222714179
10.474 0.7372090817922862 1.2070342457156988
10.475 0.7384150935079588 1.2049891739007037
10.476 0.7396190610978173 1.2029459941683418
10.477 0.7408209864474012 1.2009046934321252
10.478 0.7420208714291695 1.1988652586176936
10.479000000000001 0.7432187179025141 1.196827676665467
10.48 0.7444145277137743 1.1947919345291427
10.481 0.7456083026962503 1.1927580191778553
10.482000000000001 0.7468000446702192 1.1907259175950422
10.483 0.7479897554429492 1.1886956167802067
10.484 0.7491774368087157 1.186667103748192
10.485 0.7503630905488173 1.1846403655304918
10.486 0.7515467184315924 1.1826153891750695
10.487 0.7527283222124358 1.180592161746911
10.488 0.7539079036338162 1.1785706703287586
10.489 0.7550854644252938 1.1765509020207363
10.49 0.7562610063035381 1.174532843941813
10.491 0.7574345309723468 1.1725164832289043
10.492 0.7586060401226643 1.1705018070386837
10.493 0.7597755354326011 1.1684888025464704
10.494 0.7609430185674531 1.1664774569480534
10.495000000000001 0.7621084911797218 1.1644677574587765
10.496 0.7632719549091346 1.1624596913148786
10.497 0.7644334113826653 1.160453245773309
10.498 0.7655928622145554 1.1584484081122224
10.499 0.7667503090063353 1.1564451656315133
10.5 0.7679057533468465 1.154443505652778
10.501 0.769059196812263 1.1524434155201888
10.502 0.7702106409661144 1.1504448826002964
10.503 0.771360087359308 1.148447894282795
10.504 0.7725075375301531 1.1464524379806336
10.505 0.7736529930043832 1.1444585011304238
10.506 0.7747964552951807 1.1424660711927273
10.507 0.7759379259032007 1.140475135652549
10.508000000000001 0.7770774063165954 1.1384856820192661
10.509 0.7782148980110392 1.1364976978276127
10.51 0.7793504024497535 1.1345111706370696
10.511000000000001 0.7804839210835325 1.132526088033381
10.512 0.7816154553507684 1.1305424376273667
10.513 0.7827450066774779 1.1285602070570233
10.514 0.7838725764773286 1.1265793839857425
10.515 0.7849981661516653 1.1245999561049909
10.516 0.7861217770895373 1.1226219111319509
10.517 0.7872434106677254 1.1206452368126785
10.518 0.7883630682507694 1.1186699209194388
10.519 0.7894807511909965 1.116695951253891
10.52 0.7905964608285486 1.114723315644652
10.521 0.7917101984914114 1.1127520019500459
10.522 0.7928219654954426 1.1107819980561746
10.523 0.7939317631444011 1.1088132918791704
10.524000000000001 0.7950395927299762 1.1068458713636469
10.525 0.7961454555318169 1.1048797244846518
10.526 0.797249352817562 1.1029148392463848
10.527000000000001 0.7983512858428699 1.1009512036838862
10.528 0.7994512558514486 1.0989888058619026
10.529 0.800549264075087 1.097027633876521
10.53 0.8016453117336849 1.095067675854128
10.531 0.8027394000352843 1.093108919952722
10.532 0.803831530176101 1.091151354361412
10.533 0.8049217033405556 1.0891949673010541
10.534 0.8060099207013054 1.0872397470243929
10.535 0.8070961834192767 1.0852856818161736
10.536 0.8081804926436966 1.083332759993635
10.537 0.8092628495121257 1.0813809699063681
10.538 0.8103432551504907 1.0794302999370113
10.539 0.8114217106731171 1.0774807385008907
10.540000000000001 0.8124982171827629 1.0755322740469184
10.541 0.8135727757706512 1.0735848950570264
10.542 0.8146453875165044 1.0716385900472818
10.543000000000001 0.8157160534885773 1.0696933475670583
10.544 0.8167847747436915 1.0677491562003567
10.545 0.8178515523272695 1.065806004564892
10.546 0.818916387273369 1.0638638813133734
10.547 0.8199792806047176 1.0619227751326106
10.548 0.8210402333327471 1.0599826747448968
10.549 0.8220992464576291 1.0580435689068073
10.55 0.8231563209683096 1.0561054464110213
10.551 0.8242114578425446 1.0541682960846779
10.552 0.8252646580469354 1.0522321067914693
10.553 0.8263159225369647 1.050296867429896
10.554 0.8273652522570318 1.048362566935361
10.555 0.8284126481404892 1.0464291942784194
10.556000000000001 0.8294581111096785 1.0444967384668744
10.557 0.8305016420759667 1.0425651885439855
10.558 0.8315432419397831 1.0406345335906662
10.559000000000001 0.8325829115906559 1.038704762723504
10.56 0.8336206519072484 1.0367758650971477
10.561 0.8346564637573969 1.0348478299021997
10.562 0.8356903479981475 1.0329206463675886
10.563 0.8367223054757932 1.030994303758602
10.564 0.8377523370259117 1.0290687913789855
10.565 0.8387804434734026 1.027144098569345
10.566 0.8398066256325257 1.0252202147087974
10.567 0.8408308843069384 1.0232971292138187
10.568 0.841853220289734 1.0213748315394668
10.569 0.8428736343634795 1.0194533111786013
10.57 0.8438921273002544 1.017532557662782
10.571 0.8449086998616888 1.015612560561751
10.572000000000001 0.8459233527990018 1.0136933094840714
10.573 0.8469360868530404 1.0117747940768838
10.574 0.8479469027543184 1.009857004026236
10.575000000000001 0.8489558012230548 1.0079399290571147
10.576 0.8499627829692133 1.006023558933566
10.577 0.8509678486925413 1.0041078834588304
10.578 0.8519709990826089 1.0021928924754344
10.579 0.8529722348188484 1.000278575865276
10.58 0.8539715565705942 0.9983649235498018
10.581 0.8549689649971214 0.9964519254899853
10.582 0.8559644607476862 0.9945395716865755
10.583 0.8569580444615653 0.992627852180043
10.584 0.857949716768096 0.9907167570507951
10.585 0.8589394782867157 0.9888062764191937
10.586 0.8599273296270026 0.986896400445657
10.587 0.8609132713887151 0.9849871193307953
10.588000000000001 0.8618973041618324 0.9830784233153835
10.589 0.8628794285265946 0.9811703026806065
10.59 0.8638596450535433 0.9792627477479361
10.591000000000001 0.8648379543035617 0.9773557488794311
10.592 0.8658143568279154 0.9754492964775764
10.593 0.8667888531682926 0.973543380985598
10.594 0.8677614438568454 0.971637992887277
10.595 0.8687321294162298 0.969733122707298
10.596 0.869700910359647 0.9678287610109904
10.597 0.870667787190884 0.9659248984047647
10.598 0.8716327604043546 0.9640215255357546
10.599 0.8725958304851402 0.9621186330923258
10.6 0.8735569979090313 0.9602162118036643
10.601 0.8745162631425679 0.9583142524402979
10.602 0.8754736266430813 0.9564127458136934
10.603 0.8764290888587346 0.9545116827767481
10.604000000000001 0.8773826502285648 0.9526110542233882
10.605 0.8783343111825231 0.9507108510890888
10.606 0.8792840721415173 0.9488110643504271
10.607000000000001 0.880231933517452 0.9469116850255772
10.608 0.881177895713271 0.9450127041739974
10.609 0.8821219591229981 0.9431141128966658
10.61 0.8830641241317789 0.9412159023361014
10.611 0.8840043911159223 0.9393180636761924
10.612 0.8849427604429421 0.9374205881426905
10.613 0.885879232471598 0.9355234670024746
10.614 0.8868138075519382 0.933626691564677
10.615 0.8877464860253401 0.9317302531792575
10.616 0.8886772682245526 0.9298341432388232
10.617 0.8896061544737373 0.9279383531765497
10.618 0.8905331450885104 0.926042874468499
10.619 0.891458240375985 0.9241476986312732
10.620000000000001 0.8923814406348114 0.9222528172243647
10.621 0.8933027461552202 0.9203582218478831
10.622 0.8942221572190635 0.9184639041448127
10.623000000000001 0.8951396740998567 0.916569855798825
10.624 0.8960552970628203 0.914676068536408
10.625 0.8969690263649215 0.9127825341248552
10.626 0.8978808622549163 0.910889244374141
10.627 0.8987908049733911 0.9089961911352804
10.628 0.8996988547528049 0.9071033663016227
10.629 0.90060501181753 0.905210761808011
10.63 0.9015092763838953 0.9033183696311357
10.631 0.9024116486602267 0.9014261817896162
10.632 0.9033121288468898 0.8995341903435112
10.633000000000001 0.9042107171363315 0.897642387395176
10.634 0.9051074137131212 0.8957507650880342
10.635 0.9060022187539933 0.8938593156080685
10.636000000000001 0.9068951324278886 0.8919680311821043
10.637 0.9077861548959957 0.8900769040796229
10.638 0.9086752863117935 0.8881859266108841
10.639 0.9095625268210924 0.8862950911287062
10.64 0.9104478765620758 0.8844043900267778
10.641 0.9113313356653422 0.8825138157411724
10.642 0.9122129042539464 0.880623360748891
10.643 0.9130925824434416 0.8787330175691932
10.644 0.9139703703419206 0.876842778762326
10.645 0.9148462680500575 0.8749526369305561
10.646 0.9157202756611493 0.8730625847173337
10.647 0.9165923932611572 0.8711726148078369
10.648 0.9174626209287482 0.8692827199285242
10.649000000000001 0.9183309587353368 0.86739289284744
10.65 0.9191974067451258 0.8655031263738352
10.651 0.9200619650151485 0.863613413358559
10.652000000000001 0.9209246335953091 0.8617237466935018
10.653 0.9217854125284246 0.8598341193121218
10.654 0.9226443018502662 0.8579445241888239
10.655 0.9235013015896001 0.8560549543395427
10.656 0.9243564117682286 0.8541654028210488
10.657 0.9252096324010318 0.852275862731425
10.658 0.9260609634960083 0.8503863272098737
10.659 0.9269104050543163 0.8484967894362848
10.66 0.9277579570703146 0.846607242632135
10.661 0.9286036195316034 0.8447176800589627
10.662 0.9294473924190657 0.8428280950203098
10.663 0.9302892757069076 0.8409384808591426
10.664 0.9311292693626994 0.8390488309609152
10.665000000000001 0.9319673733474162 0.8371591387497359
10.666 0.9328035876154789 0.8352693976928064
10.667 0.9336379121147943 0.8333796012952179
10.668000000000001 0.9344703467867963 0.8314897431055047
10.669 0.9353008915664858 0.8295998167097491
10.67 0.9361295463824715 0.827709815737423
10.671 0.9369563111570106 0.825819733855396
10.672 0.9377811858060486 0.8239295647738443
10.673 0.9386041702392598 0.8220393022402563
10.674 0.9394252643600874 0.8201489400450909
10.675 0.9402444680657841 0.818258472016347
10.676 0.9410617812474515 0.8163678920244769
10.677 0.9418772037900809 0.8144771939776542
10.678 0.9426907355725925 0.8125863718261278
10.679 0.9435023764678758 0.810695419557979
10.68 0.9443121263428291 0.8088043312028935
10.681000000000001 0.9451199850583996 0.8069131008287324
10.682 0.9459259524696224 0.8050217225441066
10.683 0.9467300284256612 0.8031301904966509
10.684000000000001 0.9475322127698467 0.8012384988733678
10.685 0.9483325053397168 0.7993466419014191
10.686 0.9491309059670556 0.7974546138461048
10.687 0.9499274144779329 0.7955624090134648
10.688 0.9507220306927434 0.7936700217471236
10.689 0.9515147544262456 0.7917774464314159
10.69 0.9523055854876011 0.7898846774882092
10.691 0.9530945236804137 0.7879917093795954
10.692 0.953881568802768 0.7860985366055993
10.693 0.9546667206472684 0.78420515370551
10.694 0.9554499790010781 0.7823115552573274
10.695 0.956231343645957 0.7804177358772056
10.696 0.9570108143583012 0.7785236902206927
10.697000000000001 0.9577883909091807 0.7766294129805631
10.698 0.9585640730643784 0.7747348988895879
10.699 0.959337860584428 0.7728401427166542
10.700000000000001 0.9601097532246528 0.7709451392715956
10.701 0.9608797507352027 0.7690498833990271
10.702 0.9616478528610939 0.7671543699853228
10.703 0.9624140593422452 0.765258593950743
10.704 0.9631783699135172 0.7633625502576024
10.705 0.9639407843047493 0.7614662339016174
10.706 0.9647013022407975 0.7595696399205465
10.707 0.9654599234415724 0.7576727633853034
10.708 0.9662166476220764 0.7557755994085911
10.709 0.9669714744924408 0.7538781431363655
10.71 0.967724403757964 0.7519803897556249
10.711 0.9684754351191479 0.7500823344871794
10.712 0.9692245682717354 0.7481839725919222
10.713000000000001 0.9699718029067473 0.7462852993650478
10.714 0.9707171387105196 0.7443863101410564
10.715 0.9714605753647395 0.7424870002890708
10.716000000000001 0.9722021125464833 0.7405873652168401
10.717 0.9729417499282519 0.7386874003670152
10.718 0.9736794871780082 0.7367871012202084
10.719 0.9744153239592134 0.7348864632921774
10.72 0.9751492599308629 0.7329854821360691
10.721 0.9758812947475227 0.7310841533401988
10.722 0.9766114280593662 0.7291824725300273
10.723 0.9773396595122091 0.7272804353659161
10.724 0.9780659887475465 0.7253780375452126
10.725 0.9787904154025877 0.7234752747999796
10.726 0.9795129391102928 0.7215721428990308
10.727 0.9802335594994078 0.7196686376456517
10.728 0.9809522761945004 0.7177647548798282
10.729000000000001 0.9816690888159952 0.7158604904755186
10.73 0.9823839969802094 0.7139558403435271
10.731 0.9830970002993873 0.7120508004280912
10.732000000000001 0.9838080983817363 0.7101453667103406
10.733 0.9845172908314612 0.7082395352044734
10.734 0.9852245772487995 0.7063333019613585
10.735 0.9859299572300559 0.7044266630649006
10.736 0.9866334303676374 0.702519614635168
10.737 0.9873349962500872 0.7006121528253739
10.738 0.9880346544621199 0.6987042738243527
10.739 0.9887324045846554 0.6967959738542217
10.74 0.9894282461948531 0.6948872491720591
10.741 0.9901221788661468 0.6929780960685851
10.742 0.9908142021682774 0.6910685108685579
10.743 0.9915043156673279 0.6891584899309062
10.744 0.9921925189257569 0.6872480296477256
10.745000000000001 0.9928788115024322 0.6853371264454464
10.746 0.9935631929526645 0.6834257767834684
10.747 0.9942456628282407 0.6815139771548026
10.748000000000001 0.9949262206774574 0.6796017240861025
10.749 0.9956048660451544 0.6776890141363522
10.75 0.9962815984727473 0.6757758438989481
10.751 0.996956417498261 0.6738622099985648
10.752 0.9976293226563623 0.671948109094715
10.753 0.9983003134783929 0.6700335378774628
10.754 0.9989693894924019 0.668118493071848
10.755 0.9996365502231787 0.6662029714330567
10.756 1.0003017951922852 0.6642869697509519
10.757 1.0009651239180881 0.6623704848456763
10.758000000000001 1.0016265359157916 0.6604535135711922
10.759 1.002286030697469 0.6585360528122719
10.76 1.0029436077720943 0.6566180994866015
10.761000000000001 1.003599266645576 0.6546996505429676
10.762 1.004253006820786 0.6527807029623935
10.763 1.004904827797594 0.6508612537572489
10.764 1.0055547290728974 0.6489412999713384
10.765 1.0062027101406534 0.647020838680284
10.766 1.0068487704919098 0.6450998669901591
10.767 1.007492909614837 0.6431783820392751
10.768 1.0081351269947583 0.6412563809957011
10.769 1.0087754221141811 0.6393338610598638
10.77 1.0094137944528285 0.6374108194612865
10.771 1.0100502434876686 0.6354872534621859
10.772 1.010684768692946 0.6335631603531734
10.773 1.0113173695402131 0.6316385374574258
10.774000000000001 1.0119480454983585 0.6297133821265042
10.775 1.0125767960336391 0.6277876917440035
10.776 1.0132036206097097 0.6258614637218772
10.777000000000001 1.0138285186876521 0.6239346955038126
10.778 1.0144514897260066 0.6220073845615409
10.779 1.0150725331808008 0.6200795283984818
10.78 1.0156916485055794 0.61815112454566
10.781 1.0163088351514342 0.6162221705657263
10.782 1.016924092567033 0.6142926640485372
10.783 1.0175374201986496 0.612362602615597
10.784 1.018148817490192 0.6104319839149844
10.785 1.018758283883233 0.6085008056266588
10.786 1.0193658188170376 0.6065690654564929
10.787 1.0199714217285931 0.604636761142345
10.788 1.0205750920526373 0.6027038904475458
10.789 1.0211768292216872 0.6007704511671909
10.790000000000001 1.0217766326660676 0.5988364411217921
10.791 1.0223745018139392 0.5969018581631427
10.792 1.0229704360913277 0.5949667001684587
10.793000000000001 1.023564434922151 0.5930309650456621
10.794 1.024156497728248 0.5910946507284432
10.795 1.0247466239294059 0.58915775518023
10.796 1.0253348129433888 0.5872202763906627
10.797 1.0259210641859646 0.5852822123783894
10.798 1.0265053770709334 0.5833435611883705
10.799 1.0270877510101541 0.5814043208940876
10.8 1.0276681854135725 0.5794644895953377
10.801 1.028246679689248 0.5775240654199414
10.802 1.0288232332433813 0.5755830465221734
10.803 1.0293978454803407 0.5736414310835247
10.804 1.02997051580269 0.5716992173125764
10.805 1.0305412436112138 0.569756403443656
10.806000000000001 1.031110028304946 0.5678129877395207
10.807 1.0316768692811942 0.5658689684867242
10.808 1.0322417659355683 0.5639243440016668
10.809000000000001 1.0328047176620054 0.5619791126228583
10.81 1.0333657238527965 0.5600332727196291
10.811 1.0339247838986123 0.5580868226822489
10.812 1.0344818971885297 0.5561397609322574
10.813 1.0350370631100567 0.5541920859114473
10.814 1.0355902810491595 0.552243796093013
10.815 1.0361415503902869 0.5502948899697194
10.816 1.0366908705163964 0.5483453660660482
10.817 1.037238240808979 0.546395222925362
10.818 1.037783660648086 0.544444459122819
10.819 1.0383271294123515 0.5424930732519605
10.82 1.0388686464790209 0.5405410639381157
10.821 1.0394082112239722 0.538588429824801
10.822000000000001 1.039945823021744 0.5366351695866848
10.823 1.0404814812455576 0.5346812819170641
10.824 1.041015185267344 0.5327267655394148
10.825000000000001 1.0415469344577661 0.5307716191963353
10.826 1.0420767281862444 0.5288158416596709
10.827 1.0426045658209815 0.5268594317209176
10.828 1.0431304467289848 0.5249023881996375
10.829 1.0436543702760923 0.5229447099362111
10.83 1.0441763358269949 0.520986395796877
10.831 1.0446963427452616 0.5190274446709497
10.832 1.0452143903933617 0.5170678554705986
10.833 1.04573047813269 0.5151076271336851
10.834 1.0462446053235888 0.5131467586181303
10.835 1.0467567713253723 0.5111852489092575
10.836 1.047266975496349 0.5092230970110496
10.837 1.047775217193846 0.5072603019553164
10.838000000000001 1.0482814957742304 0.5052968627918254
10.839 1.0487858105929337 0.5033327785984856
10.84 1.0492881610044733 0.5013680484703388
10.841000000000001 1.0497885463624765 0.49940267153096496
10.842 1.0502869660197023 0.4974366469202296
10.843 1.0507834193280632 0.4954699738068001
10.844 1.0512779056386492 0.49350265137534716
10.845 1.0517704243017487 0.49153467883866403
10.846 1.0522609746668712 0.48956605542620163
10.847 1.0527495560827693 0.4875967803941199
10.848 1.0532361678974602 0.485626853016453
10.849 1.0537208094582482 0.4836562725922628
10.85 1.0542034801117457 0.48168503843952687
10.851 1.054684179203895 0.47971314990001107
10.852 1.05516290607999 0.47774060633506754
10.853 1.0556396600846976 0.4757674071288378
10.854000000000001 1.0561144405620784 0.4737935516854567
10.855 1.0565872468556088 0.47181903943123843
10.856 1.057058078308201 0.4698438698124234
10.857000000000001 1.0575269342622249 0.4678680422972169
10.858 1.0579938140595275 0.46589155637357765
10.859 1.0584587170414557 0.4639144115510567
10.86 1.058921642548875 0.46193660735894576
10.861 1.0593825899221914 0.4599581433477884
10.862 1.0598415585013707 0.45797901908764244
10.863 1.0602985476259599 0.45599923416976557
10.864 1.0607535566351063 0.4540187882045099
10.865 1.0612065848675785 0.4520376808233559
10.866 1.0616576316617854 0.45005591167664655
10.867 1.0621066963557977 0.44807348043561807
10.868 1.0625537782873657 0.4460903867901498
10.869 1.0629988767939407 0.44410663045084725
10.870000000000001 1.063441991212693 0.44212221114685873
10.871 1.0638831208805328 0.44013712862740223
10.872 1.0643222651341289 0.43815138266069487
10.873000000000001 1.064759423309928 0.4361649730344026
10.874 1.0651945947441734 0.4341778995548569
10.875 1.0656277787729254 0.43219016204817184
10.876 1.0660589747320783 0.43020176035829555
10.877 1.0664881819573817 0.42821269434927023
10.878 1.0669153997844567 0.4262229639024179
10.879 1.0673406275488164 0.4242325689191567
10.88 1.0677638645858836 0.42224150931798066
10.881 1.0681851102310096 0.4202497850369203
10.882 1.0686043638194922 0.41825739603170387
10.883000000000001 1.0690216246865945 0.4162643422762628
10.884 1.0694368921675625 0.4142706237631762
10.885 1.0698501655976433 0.41227624050199635
10.886000000000001 1.0702614443121035 0.41028119252176826
10.887 1.0706707276462464 0.4082854798671645
10.888 1.0710780149354304 0.40628910260320633
10.889 1.0714833055150859 0.4042920608096552
10.89 1.0718865987207336 0.4022943545868355
10.891 1.0722878938880014 0.40029598404926153
10.892 1.0726871903526423 0.3982969493321015
10.893 1.0730844874505512 0.3962972505844347
10.894 1.0734797845177826 0.3942968879757071
10.895 1.073873080890567 0.3922958616893038
10.896 1.0742643759053283 0.3902941719284933
10.897 1.074653668898701 0.3882918189104376
10.898 1.0750409592075463 0.386288802872183
10.899000000000001 1.0754262461689692 0.3842851240641126
10.9 1.0758095291203351 0.38228078275665406
10.901 1.0761908073992865 0.38027577923295003
10.902000000000001 1.0765700803437588 0.3782701137966001
10.903 1.076947347291997 0.3762637867631704
10.904 1.0773226075825726 0.37425679846879734
10.905 1.0776958605543983 0.37224914926140634
10.906 1.0780671055467452 0.37024083950902004
10.907 1.0784363418992584 0.36823186959175797
10.908 1.078803568951973 0.36622223990917097
10.909 1.0791687860453296 0.36421195087302294
10.91 1.07953199252019 0.36220100291409774
10.911 1.079893187717853 0.3601893964756138
10.912 1.08025237098007 0.35817713201903434
10.913 1.08060954164906 0.3561642100186481
10.914 1.0809646990675252 0.3541506309664412
10.915000000000001 1.0813178425786663 0.35213639536723446
10.916 1.0816689715261971 0.3501215037431564
10.917 1.082018085254361 0.3481059566294865
10.918000000000001 1.082365183107944 0.3460897545777047
10.919 1.0827102644322906 0.3440728981535698
10.92 1.083053328573319 0.34205538793746876
10.921 1.083394374877535 0.3400372245250715
10.922 1.0837334026920469 0.33801840852567905
10.923 1.0840704113645805 0.33599894056419405
10.924 1.0844054002434926 0.33397882127878925
10.925 1.084738368677786 0.33195805132284806
10.926 1.0850693160171239 0.32993663136367507
10.927 1.0853982416118435 0.32791456208217473
10.928 1.085725144812971 0.3258918441746929
10.929 1.0860500249722342 0.3238684783495701
10.93 1.086372881442078 0.32184446533142336
10.931000000000001 1.0866937135756773 0.3198198058558565
10.932 1.087012520726951 0.31779450067562065
10.933 1.0873293022505757 0.31576855055299896
10.934000000000001 1.0876440575019992 0.3137419562684969
10.935 1.0879567858374541 0.31171471861119954
10.936 1.0882674866139717 0.3096868383883681
10.937 1.088576159189394 0.3076583164160652
10.938 1.088882802922389 0.30562915352787323
10.939 1.0891874171724616 0.30359935056634474
10.94 1.0894900012999686 0.3015689083911694
10.941 1.0897905546661306 0.2995378278712533
10.942 1.0900890766330456 0.29750610989163007
10.943 1.0903855665637014 0.29547375534766757
10.944 1.0906800238219891 0.29344076514911477
10.945 1.0909724477727147 0.29140714021775593
10.946 1.0912628377816125 0.2893728814876103
10.947000000000001 1.0915511932153574 0.2873379899063919
10.948 1.0918375134415776 0.2853024664324319
10.949 1.092121797828867 0.2832663120388073
10.950000000000001 1.0924040457467974 0.2812295277078169
10.951 1.0926842565659303 0.2791921144377534
10.952 1.0929624296578297 0.27715407323468055
10.953 1.0932385643950742 0.27511540512134436
10.954 1.0935126601512681 0.27307611112780716
10.955 1.093784716301055 0.27103619230051407
10.956 1.0940547322201282 0.2689956496935932
10.957 1.0943227072852426 0.26695448437661184
10.958 1.0945886408742274 0.26491269742749385
10.959 1.0948525323659966 0.26287028993899203
10.96 1.0951143811405615 0.26082726301197745
10.961 1.0953741865790416 0.2587836177623915
10.962 1.095631948063676 0.25673935531386527
10.963000000000001 1.0958876649778355 0.2546944768049829
10.964 1.0961413367060324 0.25264898338193614
10.965 1.0963929626339333 0.25060287620583194
10.966000000000001 1.0966425421483694 0.24855615644477683
10.967 1.0968900746373473 0.24650882528244591
10.968 1.097135559490061 0.24446088390853035
10.969 1.0973789960969014 0.24241233352868743
10.97 1.0976203838494685 0.24036317535430493
10.971 1.0978597221405813 0.2383134106124364
10.972 1.0980970103642889 0.23626304053619232
10.973 1.0983322479158806 0.23421206637340422
10.974 1.0985654341918976 0.23216048937883763
10.975 1.0987965685901422 0.23010831082074282
10.976 1.099025650509689 0.22805553197529993
10.977 1.099252679350895 0.22600215413107919
10.978 1.09947765451541 0.22394817858493002
10.979000000000001 1.0997005754061862 0.22189360664597443
10.98 1.0999214414274896 0.21983843963112898
10.981 1.100140251984909 0.21778267887003327
10.982000000000001 1.100357006485367 0.21572632569919403
10.983 1.1005717043371281 0.21366938146855252
10.984 1.1007843449498111 0.21161184753429846
10.985 1.1009949277343969 0.2095537252656252
10.986 1.1012034521032392 0.2074950160390138
10.987 1.1014099174700742 0.20543572124201617
10.988 1.1016143232500297 0.20337584227151398
10.989 1.101816668859635 0.2013153805330207
10.99 1.1020169537168305 0.19925433744342932
10.991 1.1022151772409772 0.1971927144262767
10.992 1.1024113388528654 0.1951305129178822
10.993 1.102605437974725 0.19306773435977526
10.994 1.1027974740302338 0.19100438020737553
10.995000000000001 1.102987446444527 0.18894045192002995
10.996 1.1031753546442071 0.18687595097180096
10.997 1.1033611980573517 0.1848108788398372
10.998000000000001 1.1035449761135232 0.18274523701632714
10.999 1.1037266882437775 0.1806790269963889
11.0 1.1039063338806734 0.17861225028977873
11.001 1.1040839124582804 0.17654490840934847
11.002 1.1042594234121885 0.17447700288221799
11.003 1.104432866179516 0.17240853523894134
11.004 1.104604240198919 0.17033950702333564
11.005 1.104773544910599 0.16826991978387615
11.006 1.1049407797563124 0.1661997750805132
11.007 1.1051059441793787 0.16412907447952813
11.008000000000001 1.1052690376246879 0.16205781955684168
11.009 1.1054300595387103 0.1599860118962601
11.01 1.1055890093695038 0.15791365308933708
11.011000000000001 1.1057458865667227 0.1558407447370315
11.012 1.1059006905816255 0.15376728844699766
11.013 1.1060534208670831 0.15169328583633881
11.014 1.1062040768775865 0.1496187385289479
11.015 1.1063526580692558 0.14754364815779317
11.016 1.106499163899847 0.145468016362757
11.017 1.1066435938287607 0.14339184479245234
11.018 1.1067859473170492 0.1413151351025897
11.019 1.1069262238274253 0.1392378889573073
11.02 1.1070644228242692 0.13716010802742637
11.021 1.1072005437736359 0.13508179399299172
11.022 1.1073345861432637 0.1330029485394703
11.023 1.107466549402582 0.13092357336246302
11.024000000000001 1.1075964330227166 0.12884367016208798
11.025 1.1077242364764999 0.12676324064932162
11.026 1.1078499592384767 0.12468228653842561
11.027000000000001 1.1079736007849121 0.12260080955575733
11.028 1.1080951605937985 0.12051881142957034
11.029 1.1082146381448628 0.1184362939011802
11.03 1.108332032919574 0.11635325871282345
11.031 1.1084473444011504 0.11426970762039049
11.032 1.108560572074566 0.11218564238011446
11.033 1.1086717154265577 0.11010106476208226
11.034 1.1087807739456332 0.10801597653633906
11.035 1.1088877471220766 0.105930379487117
11.036 1.1089926344479561 0.10384427539778329
11.037 1.1090954354171312 0.10175766606679687
11.038 1.1091961495252582 0.09967055329052667
11.039 1.1092947762697982 0.09758293888146512
11.040000000000001 1.1093913151500228 0.0954948246489484
11.041 1.1094857656670218 0.09340621241884453
11.042 1.109578127323709 0.09131710401386474
11.043000000000001 1.1096683996248287 0.08922750127256296
11.044 1.1097565820769626 0.08713740603131158
11.045 1.1098426741885365 0.08504682014046483
11.046 1.1099266754698258 0.08295574545067483
11.047 1.1100085854329624 0.08086418382357682
11.048 1.110088403591941 0.07877213712339795
11.049 1.1101661294626255 0.07667960722384466
11.05 1.110241762562755 0.07458659600168699
11.051 1.1103153024119499 0.07249310534316145
11.052 1.110386748531718 0.07039913713680392
11.053 1.1104561004454616 0.06830469328152318
11.054 1.1105233576784812 0.06620977567772443
11.055 1.1105885197579841 0.06411438623614207
11.056000000000001 1.1106515862130888 0.062018526869378005
11.057 1.1107125565748313 0.05992219949964471
11.058 1.1107714303761707 0.057825406051599436
11.059000000000001 1.1108282071519957 0.05572814845868871
11.06 1.1108828864391298 0.05363042865767537
11.061 1.1109354677763366 0.051532248592619734
11.062 1.110985950704327 0.049433610212636064
11.063 1.1110343347657632 0.04733451547221687
11.064 1.1110806195052652 0.04523496633227464
11.065 1.1111248044694162 0.04313496475803077
11.066 1.111166889206768 0.04103451272168517
11.067 1.1112068732678468 0.038933612199248964
11.068 1.1112447562051577 0.036832265173846516
11.069 1.1112805375731913 0.03473047363241257
11.07 1.1113142169284282 0.03262823956834372
11.071 1.1113457938293452 0.03052556497987297
11.072000000000001 1.1113752678364193 0.028422451870199778
11.073 1.1114026385121338 0.026318902248651747
11.074 1.111427905420984 0.02421491812847138
11.075000000000001 1.1114510681294802 0.022110501529165688
11.076 1.1114721262061562 0.020005654474776445
11.077 1.1114910792215709 0.017900378994141927
11.078 1.1115079267483154 0.015794677122180988
11.079 1.1115226683610178 0.013688550897161894
11.08 1.1115353036363476 0.01158200236424819
11.081 1.1115458321530207 0.00947503357122206
11.082 1.1115542534918048 0.007367646573440875
11.083 1.1115605672355238 0.005259843428060615
11.084 1.1115647729690623 0.0031516262000479307
11.085 1.1115668702793713 0.00104299695638276
11.086 1.1115668587554723 -0.0010660422288232083
11.087 1.1115647379884621 -0.0031754892789600405
11.088000000000001 1.1115605075715176 -0.0052853421106809784
11.089 1.1115541670998996 -0.007395598638219869
11.09 1.1115457161709592 -0.00950625676883593
11.091000000000001 1.1115351543841403 -0.011617314407779092
11.092 1.1115224813409856 -0.013728769453368568
11.093 1.1115076966451407 -0.015840619801709296
11.094 1.1114907999023578 -0.017952863342169997
11.095 1.111471790720501 -0.020065497962436653
11.096 1.1114506687095504 -0.022178521542397675
11.097 1.1114274334816068 -0.024291931961955185
11.098 1.1114020846508952 -0.026405727091462456
11.099 1.1113746218337697 -0.028519904802963857
11.1 1.1113450446487176 -0.030634462957920112
11.101 1.1113133527163637 -0.032749399419967004
11.102 1.111279545659474 -0.03486471204269643
11.103 1.1112436231029605 -0.03698039868060739
11.104000000000001 1.111205584673885 -0.03909645718001226
11.105 1.1111654300014635 -0.04121288538616278
11.106 1.1111231587170693 -0.04332968113856893
11.107000000000001 1.1110787704542384 -0.04544684227304269
11.108 1.1110322648486723 -0.04756436662247309
11.109 1.1109836415382426 -0.04968225201376633
11.11 1.1109329001629946 -0.05180049627219939
11.111 1.1108800403651515 -0.05391909721741372
11.112 1.1108250617891182 -0.05603805266625542
11.113 1.110767964081485 -0.05815736043113614
11.114 1.1107087468910306 -0.06027701832115754
11.115 1.1106474098687282 -0.06239702414128071
11.116 1.1105839526677466 -0.0645173756928419
11.117 1.1105183749434555 -0.06663807077401779
11.118 1.1104506763534288 -0.06875910717788034
11.119 1.1103808565574476 -0.07088048269627373
11.120000000000001 1.1103089152175052 -0.07300219511409872
11.121 1.1102348519978094 -0.07512424221681534
11.122 1.1101586665647867 -0.07724662178157002
11.123000000000001 1.1100803585870858 -0.079369331587208
11.124 1.1099999277355805 -0.08149236940368407
11.125 1.1099173736833745 -0.08361573300269047
11.126 1.1098326961058034 -0.08573942014777734
11.127 1.109745894680439 -0.08786342860305103
11.128 1.1096569690870923 -0.08998775612621004
11.129 1.1095659190078173 -0.09211240047353232
11.13 1.1094727441269137 -0.09423735939726689
11.131 1.1093774441309308 -0.09636263064584537
11.132 1.1092800187086707 -0.09848821196591384
11.133000000000001 1.1091804675511912 -0.10061410109865551
11.134 1.1090787903518091 -0.10274029578492276
11.135 1.1089749868061038 -0.10486679375876691
11.136000000000001 1.1088690566119204 -0.10699359275523086
11.137 1.1087609994693726 -0.10912069050188715
11.138 1.1086508150808454 -0.11124808472742738
11.139 1.1085385031509998 -0.11337577315340026
11.14 1.108424063386774 -0.11550375350195749
11.141 1.1083074954973873 -0.11763202348905161
11.142 1.1081887991943435 -0.11976058083034773
11.143 1.1080679741914332 -0.12188942323612813
11.144 1.1079450202047372 -0.124018548415887
11.145 1.1078199369526294 -0.12614795407381463
11.146 1.1076927241557797 -0.12827763791417604
11.147 1.1075633815371566 -0.1304075976345565
11.148 1.1074319088220308 -0.13253783093402924
11.149000000000001 1.1072983057379773 -0.13466833550421567
11.15 1.1071625720148786 -0.1367991090386701
11.151 1.1070247073849275 -0.13893014922295935
11.152000000000001 1.1068847115826301 -0.14106145374576828
11.153 1.106742584344808 -0.14319302028652245
11.154 1.1065983254106018 -0.14532484652865402
11.155 1.1064519345214727 -0.14745693014618155
11.156 1.1063034114212067 -0.14958926881702275
11.157 1.106152755855916 -0.1517218602099509
11.158 1.1059999675740424 -0.15385470199754875
11.159 1.1058450463263594 -0.15598779184309786
11.16 1.105687991865975 -0.15812112741436685
11.161 1.1055288039483349 -0.16025470636925357
11.162 1.1053674823312238 -0.16238852637021475
11.163 1.1052040267747696 -0.1645225850704754
11.164 1.1050384370414443 -0.16665688012693242
11.165000000000001 1.1048707128960673 -0.16879140918833063
11.166 1.1047008541058079 -0.1709261699059773
11.167 1.1045288604401877 -0.17306115992455726
11.168000000000001 1.104354731671083 -0.17519637688942735
11.169 1.104178467572727 -0.1773318184414208
11.17 1.104000067921713 -0.17946748222044187
11.171 1.1038195324969957 -0.1816033658627218
11.172 1.103636861079894 -0.1837394670037782
11.173 1.103452053454094 -0.18587578327432688
11.174 1.1032651094056496 -0.1880123123066625
11.175 1.1030760287229875 -0.19014905172495578
11.176 1.1028848111969063 -0.1922859991590497
11.177 1.1026914566205817 -0.19442315222655676
11.178 1.1024959647895665 -0.1965605085546374
11.179 1.1022983355017946 -0.19869806575503327
11.18 1.1020985685575815 -0.20083582145150256
11.181000000000001 1.101896663759628 -0.20297377325057217
11.182 1.1016926209130213 -0.2051119187724449
11.183 1.1014864398252382 -0.20725025561872665
11.184000000000001 1.1012781203061457 -0.20938878140568587
11.185 1.1010676621680047 -0.21152749373061924
11.186 1.1008550652254712 -0.21366639020539857
11.187 1.1006403292955984 -0.21580546842381496
11.188 1.1004234541978395 -0.2179447259924269
11.189 1.100204439754049 -0.22008416050246726
11.19 1.0999832857884844 -0.2222237695547563
11.191 1.0997599921278094 -0.22436355073821773
11.192 1.0995345586010952 -0.22650350164812444
11.193 1.0993069850398223 -0.22864361987073578
11.194 1.0990772712778827 -0.23078390299635115
11.195 1.098845417151582 -0.2329243486082148
11.196 1.0986114224996408 -0.23506495429201224
11.197000000000001 1.0983752871631973 -0.2372057176279314
11.198 1.0981370109858086 -0.23934663619707178
11.199 1.097896593813453 -0.24148770757655502
11.200000000000001 1.0976540354945319 -0.2436289293432866
11.201 1.097409335879871 -0.24577029907100864
11.202 1.097162494822723 -0.247911814332752
11.203 1.0969135121787685 -0.25005347269871314
11.204 1.0966623878061186 -0.2521952717384043
11.205 1.0964091215653164 -0.2543372090182124
11.206 1.0961537133193389 -0.2564792821045222
11.207 1.0958961629335982 -0.2586214885596564
11.208 1.0956364702759436 -0.2607638259471424
11.209 1.0953746352166638 -0.26290629182536474
11.21 1.0951106576284877 -0.26504888375462277
11.211 1.094844537386587 -0.2671915992900589
11.212 1.0945762743685767 -0.2693344359882885
11.213000000000001 1.0943058684545184 -0.27147739140146987
11.214 1.0940333195269205 -0.27362046308255994
11.215 1.0937586274707403 -0.2757636485808884
11.216000000000001 1.0934817921733861 -0.27790694544572864
11.217 1.0932028135247185 -0.28005035122339195
11.218 1.092921691417051 -0.2821938634601656
11.219 1.0926384257451536 -0.28433747969878176
11.22 1.0923530164062523 -0.286481197482693
11.221 1.0920654633000324 -0.28862501435140014
11.222 1.0917757663286385 -0.29076892784556957
11.223 1.0914839253966777 -0.29291293550094594
11.224 1.091189940411219 -0.29505703485619783
11.225 1.0908938112817972 -0.2972012234429336
11.226 1.0905955379204118 -0.29934549879789174
11.227 1.0902951202415312 -0.30148985844906606
11.228 1.089992558162092 -0.30363429993047747
11.229000000000001 1.089687851601501 -0.30577882076735896
11.23 1.0893810004816376 -0.30792341849050775
11.231 1.089072004726854 -0.31006809062294177
11.232000000000001 1.0887608642639777 -0.3122128346916848
11.233 1.0884475790223114 -0.31435764821807904
11.234 1.088132148933636 -0.3165025287253864
11.235 1.087814573932211 -0.31864747373287916
11.236 1.0874948539547755 -0.3207924807607881
11.237 1.0871729889405515 -0.32293754732572083
11.238 1.0868489788312428 -0.32508267094552423
11.239 1.0865228235710378 -0.32722784913355873
11.24 1.0861945231066104 -0.32937307940568117
11.241 1.0858640773871213 -0.33151835927219336
11.242 1.0855314863642194 -0.33366368624667514
11.243 1.085196749992043 -0.33580905783671433
11.244 1.0848598682272208 -0.33795447155344077
11.245000000000001 1.084520841028874 -0.3400999249018075
11.246 1.084179668358616 -0.34224541539063735
11.247 1.0838363501805555 -0.34439094052229074
11.248000000000001 1.0834908864612964 -0.3465364978031968
11.249 1.0831432771699396 -0.3486820847333855
11.25 1.0827935222780838 -0.35082769881651865
11.251 1.0824416217598272 -0.35297333755088733
11.252 1.0820875755917678 -0.3551189984372093
11.253 1.0817313837530058 -0.35726467897172337
11.254 1.0813730462251436 -0.3594103766527825
11.255 1.0810125629922878 -0.3615560889744393
11.256 1.0806499340410498 -0.3637018134324894
11.257 1.0802851593605471 -0.3658475475191599
11.258000000000001 1.0799182389424047 -0.36799328872757575
11.259 1.0795491727807558 -0.3701390345481279
11.26 1.0791779608722425 -0.37228478247156527
11.261000000000001 1.078804603216018 -0.37443052998612486
11.262 1.0784290998137467 -0.3765762745802829
11.263 1.078051450669606 -0.3787220137407437
11.264 1.0776716557902866 -0.38086774495291825
11.265 1.0772897151849943 -0.3830134657024449
11.266 1.0769056288654504 -0.3851591734716689
11.267 1.0765193968458928 -0.38730486574509543
11.268 1.0761310191430777 -0.3894505400024803
11.269 1.0757404957762797 -0.39159619372641913
11.27 1.0753478267672933 -0.3937418243948224
11.271 1.0749530121404338 -0.3958874294881577
11.272 1.0745560519225381 -0.39803300648262
11.273 1.0741569461429663 -0.40017855285633436
11.274000000000001 1.0737556948336016 -0.40232406608406135
11.275 1.073352298028852 -0.40446954364162635
11.276 1.072946755765651 -0.40661498300225357
11.277000000000001 1.0725390680834588 -0.40876038163958905
11.278 1.0721292350242628 -0.41090573702536437
11.279 1.071717256632579 -0.4130510466308854
11.28 1.071303132955452 -0.41519630792699014
11.281 1.0708868640424576 -0.4173415183819085
11.282 1.0704684499457013 -0.4194866754661737
11.283 1.0700478907198214 -0.42163177664491425
11.284 1.0696251864219883 -0.423776819387806
11.285 1.0692003371119068 -0.4259218011579905
11.286 1.0687733428518151 -0.4280667194234082
11.287 1.0683442037064874 -0.4302115716456203
11.288 1.0679129197432338 -0.432356355290743
11.289 1.0674794910319014 -0.43450106781895864
11.290000000000001 1.067043917644875 -0.4366457066945031
11.291 1.066606199657078 -0.4387902693760844
11.292 1.0661663371459729 -0.4409347533261185
11.293000000000001 1.0657243301915627 -0.4430791560023918
11.294 1.0652801788763908 -0.4452234748645587
11.295 1.0648338832855428 -0.44736770737042875
11.296 1.0643854435066469 -0.4495118509765772
11.297 1.0639348596298737 -0.4516559031404782
11.298 1.0634821317479384 -0.4537998613165486
11.299 1.0630272599561006 -0.455943722961033
11.3 1.0625702443521654 -0.45808748552693734
11.301 1.0621110850364843 -0.46023114646869784
11.302 1.0616497821119553 -0.46237470323861324
11.303 1.061186335684024 -0.46451815328874163
11.304 1.0607207458606844 -0.466661494071021
11.305 1.0602530127524796 -0.4688047230351258
11.306000000000001 1.0597831364725017 -0.47094783763255255
11.307 1.0593111171363938 -0.4730908353107593
11.308 1.0588369548623497 -0.47523371352077964
11.309000000000001 1.058360649771115 -0.47737646970797
11.31 1.0578822019859875 -0.4795191013225147
11.311 1.0574016116328175 -0.48166160580852074
11.312 1.0569188788400095 -0.48380398061441854
11.313 1.0564340037385216 -0.48594622318379804
11.314 1.0559469864618671 -0.4880883309631118
11.315 1.055457827146115 -0.49023030139529394
11.316 1.0549665259298895 -0.49237213192532797
11.317 1.054473082954372 -0.49451381999486177
11.318 1.0539774983633015 -0.49665536304794616
11.319 1.0534797723029736 -0.49879675852495536
11.32 1.0529799049222432 -0.5009380038685785
11.321 1.052477896372524 -0.5030790965187238
11.322000000000001 1.051973746807789 -0.5052200339159552
11.323 1.0514674563845712 -0.5073608135001135
11.324 1.0509590252619643 -0.5095014327097911
11.325000000000001 1.050448453601623 -0.5116418889844975
11.326 1.049935741567764 -0.513782179761248
11.327 1.0494208893271657 -0.5159223024787547
11.328 1.0489038970491698 -0.5180622545728646
11.329 1.04838476490568 -0.5202020334815974
11.33 1.0478634930711652 -0.5223416366392535
11.331 1.0473400817226572 -0.524481061483408
11.332 1.0468145310397532 -0.5266203054471726
11.333 1.0462868412046153 -0.5287593659670149
11.334 1.0457570124019713 -0.5308982404756056
11.335 1.0452250448191145 -0.5330369264077818
11.336 1.0446909386459056 -0.5351754211959243
11.337 1.0441546940747717 -0.5373137222736923
11.338000000000001 1.0436163113007073 -0.5394518270726382
11.339 1.0430757905212749 -0.5415897330255665
11.34 1.0425331319366051 -0.5437274375631775
11.341000000000001 1.0419883357493973 -0.545864938117489
11.342 1.0414414021649199 -0.5480022321182407
11.343 1.0408923313910108 -0.5501393169969817
11.344 1.0403411236380777 -0.5522761901822496
11.345 1.0397877791190986 -0.5544128491049659
11.346 1.0392322980496218 -0.5565492911932188
11.347 1.0386746806477671 -0.5586855138766983
11.348 1.0381149271342256 -0.5608215145831748
11.349 1.0375530377322595 -0.5629572907412704
11.35 1.0369890126677037 -0.5650928397784206
11.351 1.0364228521689653 -0.567228159122311
11.352 1.0358545564670243 -0.5693632461997986
11.353 1.0352841257954333 -0.5714980984379446
11.354000000000001 1.0347115603903188 -0.5736327132629196
11.355 1.0341368604903807 -0.5757670881011755
11.356 1.0335600263368925 -0.5779012203784147
11.357000000000001 1.032981058173703 -0.5800351075200276
11.358 1.0323999562472346 -0.5821687469520633
11.359 1.031816720806485 -0.5843021360981433
11.36 1.031231352103027 -0.5864352723850099
11.361 1.0306438503910087 -0.5885681532347021
11.362 1.0300542159271537 -0.5907007760741672
11.363 1.0294624489707618 -0.5928331383245804
11.364 1.0288685497837087 -0.5949652374125953
11.365 1.0282725186304462 -0.5970970707587553
11.366 1.0276743557780035 -0.5992286357893143
11.367 1.0270740614959857 -0.6013599299248077
11.368 1.0264716360565753 -0.603490950589931
11.369 1.0258670797345324 -0.605621695206467
11.370000000000001 1.0252603928071937 -0.6077521611971258
11.371 1.024651575554474 -0.6098823459843408
11.372 1.0240406282588659 -0.6120122469900877
11.373000000000001 1.0234275512054394 -0.6141418616365351
11.374 1.0228123446818433 -0.6162711873452562
11.375 1.0221950089783045 -0.6184002215384167
11.376 1.0215755443876278 -0.6205289616365888
11.377 1.0209539512051968 -0.6226574050626613
11.378 1.020330229728974 -0.6247855492361514
11.379 1.0197043802595007 -0.6269133915799279
11.38 1.0190764030998967 -0.629040929513604
11.381 1.0184462985558609 -0.6311681604592635
11.382 1.0178140669356714 -0.6332950818368954
11.383000000000001 1.0171797085501855 -0.6354216910679494
11.384 1.0165432237128396 -0.6375479855725277
11.385 1.0159046127396498 -0.6396739627719448
11.386000000000001 1.0152638759492112 -0.6417996200861019
11.387 1.0146210136626985 -0.6439249549359691
11.388 1.013976026203866 -0.6460499647420503
11.389000000000001 1.0133289138990471 -0.6481746469243189
11.39 1.0126796770771553 -0.6502989989040615
11.391 1.0120283160696832 -0.6524230181005947
11.392 1.0113748312107032 -0.6545467019356503
11.393 1.0107192228368675 -0.6566700478279787
11.394 1.0100614912874075 -0.6587930532003511
11.395 1.0094016369041345 -0.6609157154699628
11.396 1.0087396600314387 -0.6630380320615316
11.397 1.0080755610162906 -0.665160000390437
11.398 1.0074093402082398 -0.6672816178831915
11.399000000000001 1.0067409979594153 -0.6694028819538472
11.4 1.0060705346245251 -0.6715237900301243
11.401 1.0053979505608572 -0.6736443395255223
11.402000000000001 1.0047232461282782 -0.6757645278681144
11.403 1.004046421689234 -0.6778843524719625
11.404 1.0033674776087493 -0.6800038107646638
11.405 1.0026864142544283 -0.6821229001610546
11.406 1.0020032319964531 -0.6842416180886297
11.407 1.001317931207585 -0.686359961962742
11.408 1.0006305122631638 -0.6884779292109304
11.409 0.9999409755411074 -0.6905955172490235
11.41 0.9992493214219119 -0.6927127235046311
11.411 0.9985555502886517 -0.6948295453944305
11.412 0.997859662526979 -0.6969459803455378
11.413 0.9971616585251235 -0.6990620257761746
11.414 0.9964615386738924 -0.7011776791123967
11.415000000000001 0.9957593033666703 -0.7032929377743622
11.416 0.9950549529994186 -0.7054077991872632
11.417 0.9943484879706758 -0.7075222607727246
11.418000000000001 0.9936399086815567 -0.7096363199555079
11.419 0.9929292155357528 -0.7117499741586824
11.42 0.992216408939531 -0.7138632208067078
11.421 0.9915014893017348 -0.7159760573236631
11.422 0.9907844570337826 -0.7180884811344989
11.423 0.9900653125496683 -0.7202004896635914
11.424 0.9893440562659608 -0.7223120803370436
11.425 0.9886206886018034 -0.7244232505792196
11.426 0.9878952099789138 -0.72653399781748
11.427 0.9871676208215835 -0.7286443194762399
11.428 0.9864379215566778 -0.7307542129842606
11.429 0.985706112613635 -0.7328636757659673
11.43 0.9849721944244668 -0.7349727052513514
11.431000000000001 0.9842361674237567 -0.7370812988655604
11.432 0.9834980320486608 -0.7391894540388572
11.433 0.9827577887389066 -0.741297168198077
11.434000000000001 0.982015437936793 -0.7434044387734204
11.435 0.9812709800871898 -0.7455112631932408
11.436 0.9805244156375371 -0.7476176388882619
11.437 0.979775745037845 -0.7497235632878411
11.438 0.9790249687406932 -0.7518290338236508
11.439 0.9782720872012303 -0.7539340479259798
11.44 0.9775171008771733 -0.7560386030274506
11.441 0.9767600102288075 -0.7581426965593958
11.442 0.9760008157189858 -0.760246325955404
11.443 0.9752395178131277 -0.7623494886479608
11.444 0.9744761169792193 -0.7644521820717138
11.445 0.9737106136878128 -0.7665544036601538
11.446 0.9729430084120254 -0.7686561508490156
11.447000000000001 0.9721733016275396 -0.7707574210731929
11.448 0.9714014938126013 -0.7728582117693495
11.449 0.9706275854480209 -0.7749585203737679
11.450000000000001 0.9698515770171707 -0.7770583443242551
11.451 0.9690734690059862 -0.7791576810582851
11.452 0.9682932619029642 -0.7812565280152185
11.453 0.9675109561991626 -0.7833548826332805
11.454 0.9667265523881995 -0.7854527423540978
11.455 0.9659400509662528 -0.7875501046161182
11.456 0.9651514524320594 -0.7896469668634997
11.457 0.9643607572869143 -0.7917433265352113
11.458 0.9635679660346701 -0.7938391810774148
11.459 0.9627730791817362 -0.7959345279303551
11.46 0.961976097237078 -0.7980293645417058
11.461 0.9611770207122162 -0.8001236883534828
11.462 0.960375850121226 -0.802217496814304
11.463000000000001 0.9595725859807359 -0.8043107873688118
11.464 0.9587672288099278 -0.8064035574660964
11.465 0.9579597791305354 -0.8084958045533845
11.466000000000001 0.9571502374668435 -0.8105875260809616
11.467 0.956338604345687 -0.8126787194980389
11.468 0.9555248802964507 -0.8147693822562444
11.469 0.9547090658510676 -0.8168595118073197
11.47 0.9538911615440187 -0.8189491056037633
11.471 0.9530711679123312 -0.8210381611001317
11.472 0.9522490854955785 -0.8231266757499219
11.473 0.9514249148358787 -0.8252146470102029
11.474 0.9505986564778934 -0.8273020723362489
11.475 0.9497703109688277 -0.8293889491870133
11.476 0.9489398788584279 -0.8314752750198668
11.477 0.9481073606989816 -0.8335610472957309
11.478 0.947272757045316 -0.8356462634743191
11.479000000000001 0.946436068454797 -0.8377309210181356
11.48 0.9455972954873281 -0.83981501738979
11.481 0.9447564387053495 -0.8418985500530226
11.482000000000001 0.9439134986738369 -0.8439815164736846
11.483 0.9430684759603001 -0.8460639141169974
11.484 0.9422213711347822 -0.8481457404512694
11.485 0.9413721847698586 -0.8502269929444266
11.486 0.940520917440635 -0.8523076690666607
11.487 0.9396675697247473 -0.8543877662884268
11.488 0.9388121422023593 -0.8564672820826026
11.489 0.9379546354561625 -0.8585462139217626
11.49 0.9370950500713741 -0.8606245592814514
11.491 0.9362333866357359 -0.8627023156368082
11.492 0.9353696457395132 -0.8647794804659455
11.493 0.9345038279754935 -0.8668560512465187
11.494 0.9336359339389848 -0.8689320254595022
11.495000000000001 0.9327659642278147 -0.8710074005850532
11.496 0.9318939194423285 -0.8730821741068612
11.497 0.9310198001853885 -0.8751563435081466
11.498000000000001 0.9301436070623723 -0.8772299062751298
11.499 0.9292653406811708 -0.8793028598939562
11.5 0.9283850016521878 -0.8813752018538082
11.501 0.9275025905883377 -0.8834469296437011
11.502 0.9266181081050443 -0.8855180407557749
11.503 0.9257315548202394 -0.887588532682289
11.504 0.924842931354361 -0.8896584029180293
11.505 0.9239522383303521 -0.8917276489588312
11.506 0.9230594763736588 -0.8937962683022288
11.507 0.922164646112229 -0.8958642584473975
11.508000000000001 0.9212677481765104 -0.8979316168954011
11.509 0.920368783199449 -0.8999983411479688
11.51 0.919467751816488 -0.9020644287103536
11.511000000000001 0.9185646546655651 -0.9041298770870229
11.512 0.9176594923871118 -0.9061946837867704
11.513 0.9167522656240507 -0.9082588463177763
11.514000000000001 0.9158429750217946 -0.9103223621920473
11.515 0.9149316212282443 -0.9123852289214254
11.516 0.914018204893787 -0.914447444021533
11.517 0.9131027266712942 -0.9165090050078039
11.518 0.9121851872161201 -0.9185699093995137
11.519 0.9112655871860994 -0.9206301547160922
11.52 0.9103439272415461 -0.922689738479946
11.521 0.9094202080452508 -0.9247486582154132
11.522 0.9084944302624794 -0.9268069114474491
11.523 0.9075665945609706 -0.9288644957056935
11.524000000000001 0.9066367016109341 -0.9309214085178035
11.525 0.9057047520850489 -0.9329776474184747
11.526 0.9047707466584608 -0.9350332099387691
11.527000000000001 0.9038346860087805 -0.9370880936179778
11.528 0.9028965708160818 -0.9391422959908233
11.529 0.9019564017628989 -0.9411958146015281
11.53 0.901014179534225 -0.9432486469882838
11.531 0.9000699048175091 -0.9453007907003618
11.532 0.8991235783026552 -0.9473522432798378
11.533 0.8981752006820185 -0.9494030022808758
11.534 0.8972247726504046 -0.951453065249547
11.535 0.896272294905066 -0.953502429744865
11.536 0.895317768145701 -0.9555510933177823
11.537 0.8943611930744503 -0.9575990535311913
11.538 0.8934025703958952 -0.9596463079416087
11.539 0.8924419008170552 -0.9616928541159744
11.540000000000001 0.8914791850473855 -0.9637386896162097
11.541 0.8905144237987744 -0.9657838120137864
11.542 0.889547617785541 -0.9678282188757918
11.543000000000001 0.8885787677244328 -0.9698719077783765
11.544 0.8876078743346228 -0.9719148762941403
11.545 0.8866349383377077 -0.9739571220038649
11.546 0.8856599604577041 -0.9759986424857212
11.547 0.8846829414210472 -0.97803943532551
11.548 0.8837038819565873 -0.9800794981066624
11.549 0.8827227827955874 -0.9821188284205765
11.55 0.8817396446717202 -0.9841574238558534
11.551 0.880754468321066 -0.9861952820094643
11.552 0.8797672544821094 -0.9882324004754779
11.553 0.8787780038957366 -0.9902687768566079
11.554 0.8777867173052326 -0.9923044087525982
11.555 0.8767933954562785 -0.9943392937714942
11.556000000000001 0.8757980390969485 -0.9963734295195891
11.557 0.8748006489777066 -0.9984068136098112
11.558 0.8738012258514042 -1.0004394436553525
11.559000000000001 0.8727997704732768 -1.0024713172743924
11.56 0.8717962836009412 -1.004502432086536
11.561 0.8707907659943921 -1.0065327857160071
11.562 0.8697832184159993 -1.008562375788521
11.563 0.8687736416305044 -1.0105911999348072
11.564 0.8677620364050179 -1.0126192557863782
11.565 0.8667484035090156 -1.0146465409810628
11.566 0.8657327437143357 -1.0166730531561636
11.567 0.8647150577951754 -1.0186987899564852
11.568 0.8636953465280875 -1.0207237490256595
11.569 0.8626736106919776 -1.0227479280153524
11.57 0.8616498510680997 -1.0247713245759003
11.571 0.8606240684400539 -1.0267939363655627
11.572000000000001 0.8595962635937824 -1.0288157610419773
11.573 0.8585664373175659 -1.0308367962698248
11.574 0.8575345904020204 -1.0328570397142778
11.575000000000001 0.8565007236400937 -1.0348764890467754
11.576 0.8554648378270613 -1.0368951419398613
11.577 0.8544269337605234 -1.0389129960721986
11.578 0.8533870122404008 -1.0409300491234827
11.579 0.8523450740689313 -1.0429462987800153
11.58 0.8513011200506665 -1.044961742728864
11.581 0.8502551509924667 -1.0469763786639898
11.582 0.8492071677034986 -1.0489902042797357
11.583 0.8481571709952304 -1.0510032172783552
11.584 0.8471051616814284 -1.0530154153615487
11.585 0.8460511405781529 -1.0550267962394617
11.586 0.8449951085037541 -1.0570373576222158
11.587 0.8439370662788686 -1.0590470972271444
11.588000000000001 0.8428770147264144 -1.0610560127733368
11.589 0.841814954671588 -1.0630641019858529
11.59 0.8407508869418591 -1.0650713625922232
11.591000000000001 0.8396848123669672 -1.0670777923256098
11.592 0.8386167317789173 -1.069083388922552
11.593 0.8375466460119751 -1.071088150124008
11.594 0.8364745559026632 -1.0730920736759302
11.595 0.8354004622897567 -1.0750951573270893
11.596 0.8343243660142785 -1.0770973988332526
11.597 0.8332462679194953 -1.07909879595093
11.598 0.8321661688509125 -1.0810993464459875
11.599 0.8310840696562707 -1.0830990480830387
11.6 0.8299999711855398 -1.0850978986377258
11.601 0.8289138742909156 -1.0870958958835053
11.602 0.8278257798268142 -1.0890930376056045
11.603 0.826735688649868 -1.0910893215867579
11.604000000000001 0.8256436016189207 -1.093084745621553
11.605 0.8245495195950222 -1.0950793075028218
11.606 0.8234534434414241 -1.0970730050340933
11.607000000000001 0.8223553740235748 -1.0990658360186785
11.608 0.8212553122091146 -1.101057798269487
11.609 0.8201532588678704 -1.1030488896002901
11.61 0.8190492148718509 -1.1050391078332946
11.611 0.8179431810952416 -1.1070284507934522
11.612 0.8168351584143995 -1.1090169163121406
11.613 0.815725147707848 -1.1110045022256592
11.614 0.8146131498562716 -1.1129912063750789
11.615 0.8134991657425109 -1.1149770266078194
11.616 0.812383196251557 -1.1169619607748855
11.617 0.8112652422705456 -1.1189460067356183
11.618 0.8101453046887532 -1.1209291623503255
11.619 0.8090233843975898 -1.1229114254908574
11.620000000000001 0.8078994822905944 -1.1248927940273408
11.621 0.8067735992634291 -1.1268732658435685
11.622 0.8056457362138737 -1.128852838820568
11.623000000000001 0.8045158940418198 -1.1308315108536975
11.624 0.8033840736492651 -1.1328092798351164
11.625 0.8022502759403075 -1.134786143672217
11.626 0.8011145018211397 -1.136762100268497
11.627 0.7999767522000428 -1.1387371475433572
11.628 0.7988370279873807 -1.140711283412012
11.629 0.7976953300955936 -1.1426845058058848
11.63 0.7965516594391925 -1.1446568126526795
11.631 0.7954060169347531 -1.1466282018953389
11.632 0.794258403500909 -1.1485986714747283
11.633000000000001 0.7931088200583462 -1.1505682193454325
11.634 0.7919572675297961 -1.1525368434616494
11.635 0.7908037468400301 -1.1545045417899786
11.636000000000001 0.7896482589158522 -1.156471312297916
11.637 0.7884908046860933 -1.158437152964526
11.638 0.7873313850816042 -1.160402061770888
11.639000000000001 0.7861700010352493 -1.162366036708292
11.64 0.7850066534818998 -1.164329075772442
11.641 0.7838413433584274 -1.1662911769664146
11.642 0.782674071603697 -1.168252338300781
11.643 0.7815048391585602 -1.170212557791335
11.644 0.7803336469658485 -1.1721718334627458
11.645 0.7791604959703662 -1.1741301633447307
11.646 0.7779853871188835 -1.1760875454755695
11.647 0.7768083213601295 -1.1780439778995915
11.648 0.7756292996447849 -1.179999458668691
11.649000000000001 0.7744483229254749 -1.1819539858422514
11.65 0.7732653921567624 -1.183907557485842
11.651 0.7720805082951397 -1.1858601716742216
11.652000000000001 0.7708936722990225 -1.1878118264870454
11.653 0.769704885128741 -1.1897625200143744
11.654 0.7685141477465337 -1.1917122503505433
11.655 0.767321461116539 -1.1936610156007756
11.656 0.7661268262047878 -1.1956088138749923
11.657 0.7649302439791963 -1.197555643293048
11.658 0.7637317154095574 -1.1995015019813389
11.659 0.7625312414675337 -1.2014463880742519
11.66 0.7613288231266488 -1.203390299715081
11.661 0.7601244613622803 -1.205333235053107
11.662 0.7589181571516507 -1.2072751922483518
11.663 0.7577099114738203 -1.209216169465972
11.664 0.7564997253096786 -1.2111561648823006
11.665000000000001 0.7552875996419359 -1.2130951766790514
11.666 0.7540735354551156 -1.2150332030489828
11.667 0.7528575337355449 -1.2169702421907818
11.668000000000001 0.7516395954713473 -1.2189062923137632
11.669 0.7504197216524336 -1.2208413516338388
11.67 0.7491979132704937 -1.2227754183774369
11.671 0.7479741713189872 -1.2247084907776113
11.672 0.7467484967931357 -1.2266405670785432
11.673 0.7455208906899131 -1.2285716455304911
11.674 0.7442913540080373 -1.230501724395613
11.675 0.7430598877479611 -1.232430801941889
11.676 0.7418264929118631 -1.234358876449737
11.677 0.7405911705036389 -1.2362859462049225
11.678 0.7393539215288915 -1.2382120095065425
11.679 0.7381147469949224 -1.2401370646586347
11.68 0.7368736479107224 -1.242061109978931
11.681000000000001 0.7356306252869618 -1.2439841437902996
11.682 0.7343856801359809 -1.2459061644293796
11.683 0.7331388134717813 -1.2478271702380312
11.684000000000001 0.7318900263100153 -1.2497471595722807
11.685 0.7306393196679769 -1.2516661307932486
11.686 0.7293866945645914 -1.2535840822765296
11.687 0.7281321520204059 -1.2555010124030384
11.688 0.7268756930575796 -1.2574169195680382
11.689 0.7256173186998733 -1.2593318021727449
11.69 0.7243570299726398 -1.261245658632198
11.691 0.7230948279028134 -1.2631584873685326
11.692 0.7218307135188995 -1.265070286816629
11.693 0.7205646878509647 -1.2669810554198744
11.694 0.7192967519306263 -1.2688907916335692
11.695 0.7180269067910412 -1.2707994939223433
11.696 0.7167551534668963 -1.2727071607625227
11.697000000000001 0.7154814929943972 -1.274613790640163
11.698 0.7142059264112575 -1.2765193820531064
11.699 0.712928454756688 -1.2784239335088825
11.700000000000001 0.711649079071386 -1.2803274435274528
11.701 0.7103678003975238 -1.2822299106381099
11.702 0.7090846197787382 -1.2841313333833069
11.703 0.707799538260119 -1.2860317103141343
11.704 0.7065125568881977 -1.2879310399964048
11.705 0.7052236767109363 -1.2898293210030536
11.706 0.7039328987777158 -1.2917265519233947
11.707 0.7026402241393245 -1.293622731353217
11.708 0.7013456538479467 -1.295517857904838
11.709 0.7000491889571507 -1.2974119301980507
11.71 0.6987508305218775 -1.2993049468679745
11.711 0.6974505795984278 -1.3011969065591396
11.712 0.6961484372444515 -1.3030878079295358
11.713000000000001 0.6948444045189344 -1.3049776496489158
11.714 0.6935384824821867 -1.3068664303987174
11.715 0.6922306721958307 -1.308754148873961
11.716000000000001 0.6909209747227878 -1.3106408037800226
11.717 0.689609391127267 -1.3125263938375578
11.718 0.688295922474752 -1.3144109177765064
11.719 0.6869805698319882 -1.316294374342968
11.72 0.6856633342669702 -1.3181767622923592
11.721 0.6843442168489292 -1.320058080396491
11.722 0.6830232186483199 -1.3219383274364604
11.723 0.6817003407368075 -1.3238175022103151
11.724 0.6803755841872544 -1.3256956035250989
11.725 0.6790489500737071 -1.3275726302057753
11.726 0.6777204394713833 -1.3294485810854348
11.727 0.6763900534566577 -1.3313234550163324
11.728 0.6750577931070492 -1.3331972508584422
11.729000000000001 0.6737236595012066 -1.3350699674910074
11.73 0.6723876537188958 -1.3369416038020019
11.731 0.6710497768409849 -1.3388121586975748
11.732000000000001 0.6697100299494313 -1.340681631094263
11.733 0.668368414127267 -1.342550019925612
11.734 0.6670249304585846 -1.3444173241369957
11.735 0.6656795800285231 -1.3462835426898028
11.736 0.6643323639232539 -1.3481486745588673
11.737 0.662983283229966 -1.3500127187334323
11.738 0.6616323390368514 -1.3518756742185458
11.739 0.6602795324330906 -1.3537375400317524
11.74 0.6589248645088379 -1.3555983152082454
11.741 0.6575683363552064 -1.3574579987951632
11.742 0.6562099490642532 -1.359316589857312
11.743 0.6548497037289642 -1.3611740874725915
11.744 0.6534876014432388 -1.3630304907356037
11.745000000000001 0.6521236433018749 -1.36488579875521
11.746 0.6507578304005531 -1.3667400106566383
11.747 0.6493901638358216 -1.3685931255799755
11.748000000000001 0.6480206447050803 -1.3704451426813764
11.749 0.646649274106565 -1.3722960611328967
11.75 0.645276053139332 -1.3741458801219368
11.751 0.6439009829032414 -1.3759945988527649
11.752 0.6425240644989418 -1.3778422165448438
11.753 0.6411452990278536 -1.3796887324348592
11.754 0.6397646875921524 -1.3815341457749044
11.755 0.6383822312947538 -1.3833784558344127
11.756 0.6369979312392955 -1.3852216618988025
11.757 0.6356117885301212 -1.3870637632704834
11.758000000000001 0.6342238042722641 -1.3889047592687422
11.759 0.6328339795714294 -1.3907446492295736
11.76 0.6314423155339778 -1.392583432506396
11.761000000000001 0.6300488132669083 -1.3944211084694316
11.762 0.6286534738778405 -1.396257676506509
11.763 0.627256298474998 -1.3980931360228144
11.764000000000001 0.62585728816719 -1.3999274864408908
11.765 0.6244564440637944 -1.401760727201386
11.766 0.6230537672747398 -1.4035928577621306
11.767 0.6216492589104877 -1.405423877599636
11.768 0.6202429200820144 -1.4072537862075336
11.769 0.6188347519007931 -1.4090825830988145
11.77 0.6174247554787753 -1.4109102678032426
11.771 0.6160129319283729 -1.4127368398706983
11.772 0.6145992823624395 -1.4145622988679705
11.773 0.6131838078942518 -1.4163866443820397
11.774000000000001 0.6117665096374906 -1.4182098760171593
11.775 0.6103473887062224 -1.4200319933981242
11.776 0.6089264462148803 -1.4218529961671444
11.777000000000001 0.6075036832782448 -1.4236728839871315
11.778 0.6060791010114241 -1.4254916565391256
11.779 0.6046527005298359 -1.4273093135243362
11.78 0.6032244829491864 -1.429125854663341
11.781 0.6017944493854518 -1.4309412796960617
11.782 0.6003626009548579 -1.432755588383276
11.783 0.5989289387738607 -1.4345687805040745
11.784 0.5974934639591256 -1.4363808558600069
11.785 0.5960561776275083 -1.438191814269809
11.786 0.5946170808960333 -1.44000165557625
11.787 0.5931761748818744 -1.4418103796385868
11.788 0.5917334607023332 -1.4436179863410046
11.789 0.5902889394748199 -1.4454244755840469
11.790000000000001 0.5888426123168302 -1.4472298472937242
11.791 0.5873944803459266 -1.4490341014124466
11.792 0.5859445446797155 -1.4508372379087133
11.793000000000001 0.584492806435827 -1.4526392567672848
11.794 0.583039266731893 -1.4544401579996205
11.795 0.5815839266855257 -1.4562399416335494
11.796 0.580126787414296 -1.4580386077239713
11.797 0.5786678500357116 -1.4598361563424846
11.798 0.5772071156671951 -1.4616325875876632
11.799 0.5757445854260614 -1.4634279015759077
11.8 0.5742802604294963 -1.465222098449732
11.801 0.5728141417945333 -1.4670151783709071
11.802 0.571346230638031 -1.4688071415266988
11.803 0.5698765280766512 -1.470597988124704
11.804 0.5684050352268354 -1.4723877183974619
11.805 0.5669317532047815 -1.4741763325989996
11.806000000000001 0.5654566831264214 -1.4759638310079695
11.807 0.5639798261073973 -1.4777502139250955
11.808 0.5625011832630383 -1.4795354816759314
11.809000000000001 0.5610207557083365 -1.4813196346085307
11.81 0.5595385445579236 -1.48310267309574
11.811 0.5580545509260468 -1.4848845975338099
11.812 0.5565687759265449 -1.4866654083433297
11.813 0.5550812206728237 -1.4884451059694832
11.814 0.5535918862778322 -1.4902236908811632
11.815 0.5521007738540373 -1.4920011635729158
11.816 0.5506078845133999 -1.4937775245630192
11.817 0.5491132193673495 -1.4955527743956074
11.818 0.5476167795267591 -1.4973269136391145
11.819 0.5461185661019208 -1.4990999428878902
11.82 0.5446185802025194 -1.5008718627612452
11.821 0.5431168229376079 -1.5026426739041785
11.822000000000001 0.541613295415581 -1.504412376987773
11.823 0.54010799874415 -1.5061809727081774
11.824 0.5386009340303162 -1.5079484617889232
11.825000000000001 0.5370921023803451 -1.509714844977957
11.826 0.5355815048997401 -1.5114801230519175
11.827 0.5340691426932159 -1.5132442968113056
11.828 0.5325550168646719 -1.5150073670863655
11.829 0.5310391285171654 -1.5167693347309432
11.83 0.5295214787528845 -1.5185302006295045
11.831 0.5280020686731213 -1.5202899656900293
11.832 0.5264808993782442 -1.5220486308515582
11.833 0.5249579719676702 -1.5238061970774424
11.834 0.5234332875398383 -1.5255626653613914
11.835 0.5219068471921803 -1.5273180367232342
11.836 0.5203786520210938 -1.5290723122118761
11.837 0.5188487031219134 -1.5308254929042726
11.838000000000001 0.5173170015888828 -1.53257757990543
11.839 0.515783548515126 -1.534328574349753
11.84 0.5142483449926184 -1.536078477399654
11.841000000000001 0.5127113921121584 -1.5378272902470245
11.842 0.5111726909633381 -1.539575014112953
11.843 0.5096322426345137 -1.541321650247166
11.844 0.5080900482127767 -1.5430671999303391
11.845 0.5065461087839237 -1.5448116644707919
11.846 0.5050004254324271 -1.5465550452092391
11.847 0.5034529992414046 -1.5482973435138463
11.848 0.5019038312925899 -1.55003856078551
11.849 0.5003529226663008 -1.5517786984533983
11.85 0.49880027444141034 -1.553517757979182
11.851 0.497245887695315 -1.5552557408538508
11.852 0.49568976350390426 -1.5569926486005612
11.853 0.4941319029415292 -1.5587284827728063
11.854000000000001 0.49257230708097133 -1.5604632449562286
11.855 0.4910109769934112 -1.5621969367673452
11.856 0.48944791374839647 -1.563929559855138
11.857000000000001 0.4878831184138102 -1.5656611159000555
11.858 0.48631659205583866 -1.5673916066150417
11.859 0.48474833573893905 -1.5691210337452814
11.86 0.48317835052580715 -1.5708493990685801
11.861 0.4816066374773445 -1.5725767043955476
11.862 0.48003319765262553 -1.5743029515697653
11.863 0.47845803210886456 -1.5760281424678784
11.864 0.47688114190138237 -1.5777522790003073
11.865 0.4753025280835729 -1.5794753631104288
11.866 0.47372219170686924 -1.5811973967762296
11.867 0.4721401338207102 -1.582918382008826
11.868 0.4705563554725056 -1.5846383208545105
11.869 0.4689708577076025 -1.586357215392978
11.870000000000001 0.4673836415692503 -1.5880750677397018
11.871 0.46579470809856593 -1.5897918800437718
11.872 0.4642040583344993 -1.5915076544907605
11.873000000000001 0.46261169331379765 -1.5932223932999354
11.874 0.46101761407097047 -1.5949360987278596
11.875 0.4594218216382537 -1.5966487730649352
11.876 0.4578243170455739 -1.5983604186394156
11.877 0.45622510132051225 -1.6000710378140142
11.878 0.4546241754882682 -1.6017806329891964
11.879 0.453021540571623 -1.6034892066012048
11.88 0.45141719759090304 -1.6051967611234719
11.881 0.44981114756394247 -1.6069032990667458
11.882 0.4482033915060466 -1.6086088229782556
11.883000000000001 0.446593930429954 -1.6103133354442385
11.884 0.44498276534579895 -1.6120168390867318
11.885 0.4433698972610737 -1.6137193365682547
11.886000000000001 0.4417553271805901 -1.615420830586733
11.887 0.4401390561064411 -1.6171213238818218
11.888 0.4385210850379627 -1.6188208192284186
11.889000000000001 0.43690141497169444 -1.6205193194441119
11.89 0.43528004690134053 -1.6222168273819517
11.891 0.43365698181773055 -1.6239133459383042
11.892 0.4320322207087797 -1.6256088780454627
11.893 0.43040576455944907 -1.627303426679514
11.894 0.4287776143517053 -1.6289969948530405
11.895 0.4271477710644804 -1.6306895856228578
11.896 0.4255162356736309 -1.6323812020829624
11.897 0.4238830091518972 -1.6340718473717002
11.898 0.42224809246886225 -1.6357615246658719
11.899000000000001 0.42061148659091 -1.6374502371861952
11.9 0.418973192481184 -1.6391379881933361
11.901 0.4173332110995449 -1.6408247809916698
11.902000000000001 0.4156915434025289 -1.642510618926566
11.903 0.4140481903433045 -1.6441955053873534
11.904 0.41240315287163015 -1.6458794438051627
11.905 0.410756431933811 -1.64756243765539
11.906 0.4091080284726555 -1.6492444904561416
11.907 0.4074579434274317 -1.6509256057698543
11.908 0.4058061777338232 -1.652605787203063
11.909 0.40415273232388527 -1.6542850384062109
11.91 0.40249760812599966 -1.6559633630754627
11.911 0.40084080606483025 -1.6576407649506104
11.912 0.39918232706127754 -1.659317247818554
11.913 0.3975221720324334 -1.6609928155097489
11.914 0.395860341891535 -1.6626674719029737
11.915000000000001 0.39419683754791895 -1.6643412209207784
11.916 0.39253165990697453 -1.6660140665349694
11.917 0.3908648098700973 -1.6676860127615305
11.918000000000001 0.38919628833464165 -1.6693570636666257
11.919 0.3875260961938735 -1.6710272233610814
11.92 0.38585423433692245 -1.6726964960065571
11.921 0.38418070364873375 -1.6743648858103615
11.922 0.38250550501001973 -1.6760323970308086
11.923 0.3808286392972109 -1.6776990339733162
11.924 0.3791501073824069 -1.679364800994053
11.925 0.3774699101333268 -1.6810297024982024
11.926 0.3757880484132593 -1.6826937429411977
11.927 0.3741045230810123 -1.6843569268293457
11.928 0.3724193349908622 -1.6860192587190912
11.929 0.37073248499250294 -1.6876807432192125
11.93 0.36904397393099425 -1.68934138498893
11.931000000000001 0.36735380264671014 -1.6910011887408405
11.932 0.3656619719752864 -1.6926601592387822
11.933 0.3639684827475677 -1.6943183013006888
11.934000000000001 0.362273335789555 -1.695975619796759
11.935 0.3605765319223514 -1.697632119651878
11.936 0.3588780719621085 -1.6992878058444316
11.937 0.357177956719972 -1.7009426834080008
11.938 0.3554761870020265 -1.7025967574308614
11.939 0.3537727636092404 -1.7042500330572579
11.94 0.3520676873374101 -1.7059025154871268
11.941 0.35036095897710345 -1.7075542099772996
11.942 0.3486525793136032 -1.7092051218413182
11.943 0.34694254912684974 -1.7108552564505655
11.944 0.34523086919138307 -1.712504619234086
11.945 0.34351754027628456 -1.7141532156801624
11.946 0.34180256314511837 -1.7158010513351278
11.947000000000001 0.34008593855587166 -1.717448131806427
11.948 0.338367667260895 -1.7190944627599194
11.949 0.33664775000684166 -1.7207400499243046
11.950000000000001 0.3349261875346066 -1.7223848990874386
11.951 0.3332029805792649 -1.7240290161013263
11.952 0.33147812987000935 -1.7256724068785443
11.953 0.3297516361300876 -1.7273150773965396
11.954 0.3280235000767388 -1.72895703369527
11.955 0.3262937224211293 -1.7305982818801606
11.956 0.32456230386828777 -1.7322388281210206
11.957 0.3228292451170399 -1.73387867865414
11.958 0.32109454685994215 -1.7355178397817697
11.959 0.3193582097832148 -1.7371563178739322
11.96 0.31762023456667426 -1.7387941193681629
11.961 0.31588062188366495 -1.7404312507711899
11.962 0.3141393724009899 -1.742067718658888
11.963000000000001 0.31239648677884096 -1.7437035296777172
11.964 0.31065196567072806 -1.7453386905452102
11.965 0.3089058097234076 -1.7469732080506986
11.966000000000001 0.3071580195768101 -1.7486070890568037
11.967 0.30540859586396685 -1.750240340499189
11.968 0.3036575392109357 -1.7518729693891477
11.969 0.30190485023672603 -1.7535049828122506
11.97 0.30015052955322263 -1.7551363879322748
11.971 0.2983945777651086 -1.7567671919886239
11.972 0.2966369954697873 -1.7583974023013853
11.973 0.29487778325730335 -1.7600270262681013
11.974 0.2931169417102623 -1.7616560713692127
11.975 0.2913544714037495 -1.7632845451649006
11.976 0.28959037290524736 -1.7649124553003306
11.977 0.2878246467745522 -1.7665398095030507
11.978 0.2860572935636892 -1.7681666155876596
11.979000000000001 0.2842883138168261 -1.7697928814541186
11.98 0.28251770807018645 -1.771418615091325
11.981 0.2807454768519602 -1.7730438245771476
11.982000000000001 0.27897162068221426 -1.7746685180801296
11.983 0.2771961400728005 -1.7762927038615424
11.984 0.2754190355272631 -1.7779163902756407
11.985 0.27364030754074387 -1.779539585772792
11.986 0.2718599565998862 -1.7811622988994407
11.987 0.2700779831827375 -1.782784538301264
11.988 0.2682943877586496 -1.784406312723699
11.989 0.2665091707881776 -1.7860276310145915
11.99 0.26472233272297696 -1.7876485021254425
11.991 0.2629338740056987 -1.7892689351137252
11.992 0.2611437950698824 -1.7908889391446758
11.993 0.25935209633984746 -1.7925085234933507
11.994 0.2575587782305823 -1.7941276975469675
11.995000000000001 0.25576384114763107 -1.7957464708067152
11.996 0.25396728548697806 -1.7973648528907578
11.997 0.2521691116349304 -1.798982853535579
11.998000000000001 0.25036931996799755 -1.8006004825999664
11.999 0.24856791085276875 -1.8022177500656607
12.0 0.24676488464578736 -1.8038346660423974
12.001 0.24496024169342304 -1.8054512407680507
12.002 0.24315398233174046 -1.8070674846145391
12.003 0.24134610688636557 -1.8086834080874967
12.004 0.2395366156723483 -1.8102990218332768
12.005 0.23772550899402234 -1.8119143366379589
12.006 0.23591278714486133 -1.8135293634354945
12.007 0.23409845040733177 -1.8151441133063329
12.008000000000001 0.23228249905274198 -1.8167585974861897
12.009 0.23046493334108745 -1.818372827365125
12.01 0.2286457535208921 -1.819986814496139
12.011000000000001 0.22682495982904533 -1.8216005705952583
12.012 0.22500255249063475 -1.823214107549884
12.013 0.22317853171877447 -1.8248274374198605
12.014000000000001 0.22135289771442834 -1.82644057244562
12.015 0.2195256506662284 -1.828053525050309
12.016 0.2176967907502882 -1.8296663078478361
12.017 0.21586631813001037 -1.8312789336460147
12.018 0.2140342329558888 -1.8328914154545197
12.019 0.21220053536530456 -1.8345037664893014
12.02 0.21036522548231568 -1.8361160001803816
12.021 0.20852830341744036 -1.837728130177382
12.022 0.20668976926743318 -1.839340170357846
12.023 0.20484962311505425 -1.8409521348332494
12.024000000000001 0.20300786502883048 -1.8425640379582675
12.025 0.2011644950628092 -1.844175894337571
12.026 0.19931951325630307 -1.8457877188355318
12.027000000000001 0.19747291963362645 -1.8473995265844867
12.028 0.19562471420382238 -1.8490113329946294
12.029 0.19377489696037978 -1.8506231537639735
12.030000000000001 0.1919234678809405 -1.8522350048885257
12.031 0.1900704269269955 -1.8538469026740543
12.032 0.18821577404356965 -1.855458863746745
12.033 0.18635950915889474 -1.857070905066715
12.034 0.18450163218406956 -1.8586830439395925
12.035 0.18264214301270693 -1.8602952980316787
12.036 0.1807810415205666 -1.8619076853827787
12.037 0.1789183275651732 -1.863520224423058
12.038 0.17705400098541882 -1.8651329339874942
12.039 0.17518806160114878 -1.866745833334443
12.040000000000001 0.17332050921273012 -1.8683589421620668
12.041 0.1714513436006015 -1.869972280628876
12.042 0.16958056452480352 -1.8715858693721528
12.043000000000001 0.16770817172448857 -1.8731997295311118
12.044 0.16583416491740854 -1.8748138827673324
12.045 0.16395854379937944 -1.8764283512908468
12.046 0.16208130804372134 -1.8780431578832582
12.047 0.16020245730067242 -1.8796583259266644
12.048 0.1583219911967752 -1.881273879430201
12.049 0.1564399093342333 -1.8828898430620704
12.05 0.1545562112902374 -1.8845062421800536
12.051 0.1526708966162576 -1.8861231028670329
12.052 0.150783964837301 -1.8877404519661312
12.053 0.1488954154511315 -1.8893583171202146
12.054 0.14700524792744996 -1.890976726812316
12.055 0.1451134617070319 -1.8925957104098095
12.056000000000001 0.14322005620081998 -1.8942152982107652
12.057 0.14132503078896835 -1.8958355214937337
12.058 0.1394283848198358 -1.8974564125706384
12.059000000000001 0.137530117608924 -1.8990780048433475
12.06 0.13563022843775752 -1.9007003328639083
12.061 0.13372871655270133 -1.9023234323990283
12.062 0.13182558116371176 -1.9039473404988183
12.063 0.12992082144301628 -1.905572095570456
12.064 0.1280144365237171 -1.9071977374566995
12.065 0.1261064254983135 -1.908824307520268
12.066 0.12419678741713679 -1.910451848733715
12.067 0.12228552128669214 -1.9120804057761522
12.068 0.12037262606790042 -1.9137100251364247
12.069 0.11845810067423297 -1.915340755224103
12.07 0.11654194396973144 -1.9169726464881385
12.071 0.11462415476690467 -1.9186057515444832
12.072000000000001 0.11270473182449328 -1.9202401253126942
12.073 0.11078367384509259 -1.9218758251629167
12.074 0.10886097947262326 -1.9235129110733704
12.075000000000001 0.10693664728963835 -1.9251514457998196
12.076 0.10501067581445499 -1.926791495057369
12.077 0.1030830634980971 -1.9284331277160067
12.078 0.10115380872103547 -1.930076416010654
12.079 0.09922290978970992 -1.9317214357669281
12.08 0.09729036493281717 -1.9333682666438947
12.081 0.09535617229734697 -1.9350169923948075
12.082 0.09342032994434755 -1.9366677011475326
12.083 0.09148283584440055 -1.938320485705624
12.084 0.08954368787278333 -1.9399754438719081
12.085 0.08760288380429611 -1.9416326787957479
12.086 0.0856604213077289 -1.9432922993457409
12.087 0.08371629793994247 -1.94495442050935
12.088000000000001 0.08177051113953528 -1.9466191638209223
12.089 0.07982305822006747 -1.9482866578198654
12.09 0.07787393636281101 -1.949957038540045
12.091000000000001 0.07592314260899391 -1.951630450032198
12.092 0.0739706738515053 -1.953307044919853
12.093 0.07201652682602701 -1.9549869849903048
12.094 0.07006069810155692 -1.9566704418202236
12.095 0.06810318407028898 -1.9583575974366658
12.096 0.06614398093681535 -1.9600486450117862
12.097 0.06418308470661735 -1.9617437895904932
12.098 0.06222049117381432 -1.9634432488471523
12.099 0.060256195908142594 -1.9651472538684762
12.1 0.05829019424114244 -1.9668560499549321
12.101 0.05632248125153722 -1.9685698974348065
12.102 0.054353051749798924 -1.970289072477571
12.103 0.05238190026190567 -1.9720138678965058
12.104000000000001 0.05040902101231302 -1.9737445939189024
12.105 0.048434407906178985 -1.975481578908138
12.106 0.04645805451090759 -1.9772251700051273
12.107000000000001 0.0444799540371032 -1.97897573366525
12.108 0.04250009931906277 -1.9807336560459072
12.109 0.04051848279497286 -1.9824993432097378
12.11 0.03853509648702457 -1.984273221085926
12.111 0.03654993198171191 -1.9860557351421941
12.112 0.03456298041063764 -1.9878473496984934
12.113 0.03257423243221343 -1.9896485468249114
12.114 0.030583678214707994 -1.9914598247483757
12.115 0.028591307421163857 -1.9932816957088981
12.116 0.026597109196768873 -1.9951146831944775
12.117 0.02460107215932602 -1.9969593185096663
12.118 0.022603184393511222 -1.998816136631359
12.119 0.020603433449635694 -2.0006856713438235
12.120000000000001 0.01860180634763063 -2.002568449659003
12.121 0.016598289586940543 -2.0044649855783
12.122 0.014592869162940891 -2.006375773281776
12.123000000000001 0.012585530590380384 -2.008301279888409
12.124 0.010576258934186957 -2.010241937967436
12.125 0.008565038847769539 -2.0121981380337295
12.126 0.006551854618701092 -2.0141702212883446
12.127 0.004536690221393135 -2.01615847289306
12.128 0.0025195293760829356 -2.0181631160687843
12.129 0.0005003556131705308 -2.020184307295799
12.13 -0.0015208476583137035 -2.0222221328511134
12.131 -0.0035440970795401826 -2.024276606867471
12.132 -0.005569409269582074 -2.0263476710156416
12.133000000000001 -0.007596800753624636 -2.028435195836848
12.134 -0.00962628789329719 -2.0305389836563172
12.135 -0.011657886820637965 -2.03265877293646
12.136000000000001 -0.013691613377023114 -2.034794243853594
12.137 -0.015727483058153052 -2.036945024837484
12.138 -0.017765510965913455 -2.0391106997830457
12.139000000000001 -0.01980571176763434 -2.0412908156366005
12.14 -0.021848099662982304 -2.0434848900775684
12.141 -0.023892688358452555 -2.0456924190379904
12.142 -0.025939491049196385 -2.047912883854873
12.143 -0.027988520407730845 -2.0501457578833486
12.144 -0.03003978857893786 -2.0523905124628348
12.145 -0.032093307180666435 -2.054646622157536
12.146 -0.03414908730920225 -2.056913569250645
12.147 -0.03620713954885635 -2.059190847488386
12.148 -0.03826747398494287 -2.061477965113639
12.149000000000001 -0.04033010021945599 -2.0637744472306054
12.15 -0.0423950273888133 -2.066079837572323
12.151 -0.04446226418309849 -2.0683936997315913
12.152000000000001 -0.046531818866306744 -2.0707156179348467
12.153 -0.0486036992971673 -2.0730451974223154
12.154 -0.050677912950185595 -2.0753820645065155
12.155000000000001 -0.05275446693661109 -2.077725866364809
12.156 -0.054833368025094295 -2.0800762706249984
12.157 -0.056914622661848165 -2.0824329647880244
12.158 -0.05899823699017254 -2.0847956555313014
12.159 -0.061084216869239455 -2.0871640679267927
12.16 -0.06317256789206767 -2.089537944601282
12.161 -0.06526329540264257 -2.0919170448666358
12.162 -0.06735640451215749 -2.094301143832466
12.163 -0.0694519001143713 -2.096690031525553
12.164 -0.07154978690008879 -2.0990835120163416
12.165000000000001 -0.07365006937078232 -2.101481402574708
12.166 -0.07575275185137989 -2.103883532847041
12.167 -0.07785783850225063 -2.106289744073916
12.168000000000001 -0.07996533333042273 -2.1086998883375414
12.169 -0.08207524020007105 -2.1111138278531616
12.17 -0.08418756284231264 -2.113531434294159
12.171 -0.08630230486434981 -2.1159525881613206
12.172 -0.08841946975799844 -2.1183771781847427
12.173 -0.09053906090764055 -2.1208051007698043
12.174 -0.09266108159763675 -2.123236259471614
12.175 -0.09478553501923491 -2.125670564512308
12.176 -0.09691242427700796 -2.12810793232279
12.177 -0.09904175239485344 -2.1305482851237483
12.178 -0.10117352232158469 -2.13299155052858
12.179 -0.10330773693614236 -2.1354376611806063
12.18 -0.10544439905245291 -2.137886554410307
12.181000000000001 -0.10758351142395922 -2.140338171921742
12.182 -0.10972507674784644 -2.142792459497276
12.183 -0.11186909766898508 -2.1452493667268415
12.184000000000001 -0.11401557678361157 -2.147708846753923
12.185 -0.11616451664276486 -2.1501708560414383
12.186 -0.11831591975549709 -2.1526353541541328
12.187 -0.1204697885918736 -2.155102303554954
12.188 -0.12262612558577857 -2.157571669419666
12.189 -0.12478493313753877 -2.160043419458833
12.19 -0.12694621361637964 -2.1625175237600844
12.191 -0.1291099693627245 -2.1649939546325174
12.192 -0.13127620269034876 -2.167472686472047
12.193 -0.13344491588839866 -2.1699536956252716
12.194 -0.13561611122328474 -2.172436960274748
12.195 -0.13778979094045773 -2.174922460319193
12.196 -0.13996595726607614 -2.177410177275858
12.197000000000001 -0.14214461240857193 -2.1799000941752418
12.198 -0.1443257585601221 -2.1823921954771563
12.199 -0.14650939789803183 -2.1848864669788384
12.200000000000001 -0.14869553258603552 -2.1873828957419743
12.201 -0.15088416477552136 -2.189881470013011
12.202 -0.15307529660668417 -2.1923821791589018
12.203 -0.15526893020961133 -2.194885013598374
12.204 -0.15746506770530622 -2.197389964745019
12.205 -0.15966371120665335 -2.1998970249479006
12.206 -0.16186486281932871 -2.2024061874411514
12.207 -0.164068524642659 -2.204917446292381
12.208 -0.1662746987704328 -2.207430796358084
12.209 -0.16848338729166706 -2.2099462332387696
12.21 -0.17069459229133133 -2.212463753239208
12.211 -0.17290831585103245 -2.21498335332964
12.212 -0.17512456004966223 -2.217505031109856
12.213000000000001 -0.17734332696401037 -2.2200287847760998
12.214 -0.17956461866934445 -2.222554613088119
12.215 -0.18178843723995952 -2.2250825153411014
12.216000000000001 -0.18401478474969823 -2.227612491335499
12.217 -0.1862436632724443 -2.2301445413529195
12.218 -0.18847507488258994 -2.2326786661290154
12.219 -0.1907090216554792 -2.2352148668319147
12.22 -0.1929455056678287 -2.2377531450387935
12.221 -0.1951845289981266 -2.2402935027156805
12.222 -0.1974260937270116 -2.2428359421976722
12.223 -0.19967020193763246 -2.24538046617009
12.224 -0.2019168557159898 -2.2479270776511786
12.225 -0.20416605715126043 -2.250475779975385
12.226 -0.2064178083361058 -2.2530265767774416
12.227 -0.2086721113669649 -2.25557947197801
12.228 -0.21092896834433292 -2.258134469768761
12.229000000000001 -0.21318838137302598 -2.260691574599975
12.23 -0.21545035256243295 -2.263250791167044
12.231 -0.21771488402675485 -2.2658121243989067
12.232000000000001 -0.21998197788523272 -2.2683755794466465
12.233 -0.22225163626236416 -2.270941161672452
12.234 -0.22452386128810936 -2.273508876639319
12.235 -0.22679865509808725 -2.276078730101892
12.236 -0.22907601983376188 -2.2786507279957404
12.237 -0.23135595764261999 -2.281224876430664
12.238 -0.23363847067833954 -2.283801181679543
12.239 -0.23592356110095053 -2.28637965017349
12.24 -0.23821123107698747 -2.288960288490495
12.241 -0.2405014827796348 -2.2915431033524394
12.242 -0.24279431838886473 -2.294128101613076
12.243 -0.24508974009156884 -2.296715290257345
12.244 -0.24738775008168243 -2.2993046763879517
12.245000000000001 -0.24968835056030353 -2.3018962672274994
12.246 -0.2519915437358051 -2.3044900701034483
12.247 -0.2542973318239423 -2.3070860924525256
12.248000000000001 -0.2566057170479537 -2.3096843418052164
12.249 -0.25891670163865776 -2.312284825790371
12.25 -0.2612302878345439 -2.3148875521216845
12.251 -0.2635464778818592 -2.3174925286003463
12.252 -0.26586527403469024 -2.320099763104341
12.253 -0.2681866785550405 -2.322709263589525
12.254 -0.27051069371290376 -2.3253210380806237
12.255 -0.27283732178633324 -2.3279350946717385
12.256 -0.2751665650615067 -2.3305514415182325
12.257 -0.2774984258327884 -2.333170086837243
12.258000000000001 -0.2798329064027865 -2.3357910388999126
12.259 -0.2821700090824079 -2.338414306032258
12.26 -0.2845097361909089 -2.341039896607364
12.261000000000001 -0.2868520900559435 -2.3436678190471945
12.262 -0.2891970730136074 -2.34629808181386
12.263 -0.29154468740848055 -2.348930693412957
12.264000000000001 -0.2938949355936651 -2.351565662383868
12.265 -0.2962478199308218 -2.354202997304284
12.266 -0.29860334279020306 -2.356842706779866
12.267 -0.3009615065506837 -2.3594847994495898
12.268 -0.3033223135997888 -2.3621292839751766
12.269 -0.3056857663337192 -2.364776169046531
12.27 -0.3080518671573749 -2.367425463372103
12.271 -0.3104206184843759 -2.370077175683018
12.272 -0.31279202273708057 -2.3727313147254896
12.273 -0.3151660823466022 -2.3753878892627713
12.274000000000001 -0.3175427997528234 -2.3780469080703894
12.275 -0.319922177404408 -2.380708379935329
12.276 -0.32230421775881163 -2.383372313654222
12.277000000000001 -0.3246889232822897 -2.386038718029873
12.278 -0.3270762964499041 -2.38870760187235
12.279 -0.32946633974552714 -2.3913789739927624
12.280000000000001 -0.33185905566184476 -2.3940528432071715
12.281 -0.33425444670035726 -2.3967292183282045
12.282 -0.33665251537137864 -2.3994081081703764
12.283 -0.33905326419403387 -2.402089521541633
12.284 -0.3414566956962551 -2.404773467247968
12.285 -0.3438628124147758 -2.40745995408626
12.286 -0.34627161689512337 -2.4101489908475817
12.287 -0.34868311169161076 -2.412840586311723
12.288 -0.35109729936732575 -2.4155347492485335
12.289 -0.3535141824941193 -2.4182314884149294
12.290000000000001 -0.3559337636525924 -2.4209308125536992
12.291 -0.3583560454320815 -2.423632730393131
12.292 -0.36078103043064236 -2.426337250643464
12.293000000000001 -0.36320872125503284 -2.4290443819987
12.294 -0.365639120520694 -2.431754133131405
12.295 -0.36807223085173046 -2.43446651269579
12.296 -0.37050805488088856 -2.437181529321532
12.297 -0.3729465952495344 -2.439899191618177
12.298 -0.3753878546076296 -2.442619508167341
12.299 -0.3778318356137065 -2.4453424875288463
12.3 -0.38027854093484187 -2.4480681382316725
12.301 -0.3827279732466295 -2.4507964687808625
12.302 -0.38518013523315153 -2.4535274876482855
12.303 -0.3876350295869488 -2.4562612032793365
12.304 -0.39009265900899004 -2.4589976240843727
12.305 -0.3925530262086397 -2.461736758444496
12.306000000000001 -0.39501613390362494 -2.46447861470413
12.307 -0.3974819848200014 -2.4672232011757402
12.308 -0.39995058169211806 -2.4699705261335048
12.309000000000001 -0.40242192726258064 -2.472720597816778
12.31 -0.4048960242822144 -2.4754734244253913
12.311 -0.4073728755100256 -2.4782290141214327
12.312 -0.40985248371316224 -2.480987375026199
12.313 -0.4123348516668733 -2.4837485152203294
12.314 -0.41481998215446725 -2.486512442742676
12.315 -0.4173078779672699 -2.4892791655884077
12.316 -0.41979854190458055 -2.492048691709701
12.317 -0.42229197677362784 -2.4948210290129147
12.318 -0.4247881853895239 -2.4975961853588555
12.319 -0.4272871705752185 -2.500374168561861
12.32 -0.4297889351614513 -2.503154986387451
12.321 -0.4322934819867038 -2.5059386465537
12.322000000000001 -0.43480081389715 -2.5087251567276576
12.323 -0.4373109337466063 -2.5115145245270374
12.324 -0.4398238443964805 -2.5143067575168923
12.325000000000001 -0.44233954871571973 -2.5171018632108697
12.326 -0.44485804958075764 -2.5198998490683366
12.327 -0.44737934987546063 -2.5227007224953697
12.328 -0.449903452491073 -2.5255044908419237
12.329 -0.45243036032616163 -2.5283111614029954
12.33 -0.45496007628655943 -2.531120741415745
12.331 -0.4574926032853081 -2.5339332380604325
12.332 -0.4600279442425997 -2.536748658457743
12.333 -0.4625661020857178 -2.539567009670124
12.334 -0.4651070797489776 -2.5423882986980724
12.335 -0.46765088017366513 -2.5452125324829433
12.336 -0.47019750630797563 -2.5480397179015792
12.337 -0.4727469611069509 -2.550869861770597
12.338000000000001 -0.4752992475324164 -2.5537029708405616
12.339 -0.4778543685529167 -2.556539051798992
12.34 -0.48041232714365084 -2.5593781112676646
12.341000000000001 -0.4829731262864064 -2.5622201558013864
12.342 -0.4855367689694928 -2.5650651918896563
12.343 -0.4881032581876742 -2.5679132259516866
12.344 -0.4906725969421008 -2.57076426434112
12.345 -0.49324478824024015 -2.5736183133386112
12.346 -0.49581983509580724 -2.5764753791583104
12.347 -0.4983977405286936 -2.5793354679394747
12.348 -0.5009785075648961 -2.5821985857533765
12.349 -0.5035621392364448 -2.585064738594831
12.35 -0.5061486385813293 -2.5879339323887303
12.351 -0.5087380086434258 -2.590806172982818
12.352 -0.5113302524724217 -2.5936814661521184
12.353 -0.5139253731237406 -2.5965598175939184
12.354000000000001 -0.5165233736584662 -2.5994412329310324
12.355 -0.519124257143265 -2.602325717706247
12.356 -0.5217280266503092 -2.6052132773879024
12.357000000000001 -0.5243346852571971 -2.608103917360762
12.358 -0.526944236046875 -2.6109976429355943
12.359 -0.5295566821075568 -2.6138944593364233
12.36 -0.5321720265326432 -2.616794371712971
12.361 -0.5347902724206397 -2.6196973851258543
12.362 -0.5374114228750754 -2.622603504560521
12.363 -0.5400354810044188 -2.62551273491142
12.364 -0.542662449921995 -2.628425080996441
12.365 -0.5452923327459004 -2.6313405475409177
12.366 -0.5479251325989181 -2.6342591391925207
12.367 -0.5505608526084314 -2.6371808605041864
12.368 -0.5531994959063374 -2.6401057159505674
12.369 -0.5558410656289593 -2.643033709909281
12.370000000000001 -0.5584855649169586 -2.6459648466789156
12.371 -0.5611329969152455 -2.6488991304591347
12.372 -0.5637833647728904 -2.651836565369135
12.373000000000001 -0.5664366716430319 -2.6547771554281416
12.374 -0.5690929206827875 -2.657720904573147
12.375 -0.5717521150531605 -2.6606678166394775
12.376 -0.5744142579189482 -2.6636178953796525
12.377 -0.5770793524486483 -2.666571144442149
12.378 -0.5797474018143656 -2.669527567392116
12.379 -0.5824184091917165 -2.672487167688302
12.38 -0.5850923777597345 -2.6754499487056385
12.381 -0.5877693107007738 -2.678415913710874
12.382 -0.5904492112004124 -2.68138506588493
12.383000000000001 -0.5931320824473554 -2.684357408301117
12.384 -0.5958179276333363 -2.6873329439425007
12.385 -0.5985067499530187 -2.6903116756864085
12.386000000000001 -0.6011985526038963 -2.6932936063160353
12.387 -0.6038933387861933 -2.696278738509053
12.388 -0.6065911117027637 -2.6992670748467362
12.389000000000001 -0.609291874558989 -2.7022586178043264
12.39 -0.6119956305626774 -2.7052533697580023
12.391 -0.6147023829239597 -2.7082513329786684
12.392 -0.6174121348551866 -2.7112525096340705
12.393 -0.6201248895708249 -2.714256901788775
12.394 -0.6228406502873514 -2.7172645113989247
12.395 -0.6255594202231494 -2.7202753403203177
12.396 -0.6282812025984006 -2.723289390295168
12.397 -0.6310060006349805 -2.7263066629674624
12.398 -0.633733817556349 -2.729327159863442
12.399000000000001 -0.6364646565874442 -2.732350882412058
12.4 -0.6391985209545724 -2.7353778319217397
12.401 -0.6419354138853 -2.738408009603389
12.402000000000001 -0.6446753386083424 -2.7414414165454595
12.403 -0.647418298353455 -2.744478053737805
12.404 -0.650164296351321 -2.747517922047079
12.405000000000001 -0.6529133358334399 -2.750561022239027
12.406 -0.6556654200320153 -2.7536073549565807
12.407 -0.6584205521798421 -2.7566569207385347
12.408 -0.6611787355101926 -2.7597097200017333
12.409 -0.6639399732567025 -2.7627657530558642
12.41 -0.6667042686532565 -2.7658250200889243
12.411 -0.6694716249338724 -2.768887521179411
12.412 -0.6722420453325855 -2.7719532562840694
12.413 -0.6750155330833324 -2.7750222252479806
12.414 -0.677792091419833 -2.778094427793762
12.415000000000001 -0.6805717235754741 -2.7811698635314777
12.416 -0.6833544327831901 -2.7842485319469077
12.417 -0.6861402222753447 -2.787330432412914
12.418000000000001 -0.6889290952836113 -2.7904155641763384
12.419 -0.691721055038854 -2.793503926370112
12.42 -0.6945161047710054 -2.796595518000706
12.421 -0.6973142477089476 -2.7996903379582276
12.422 -0.7001154870803886 -2.8027883850067514
12.423 -0.7029198261117422 -2.805889657791686
12.424 -0.7057272680280038 -2.808994154832218
12.425 -0.708537816052628 -2.812101874527224
12.426 -0.7113514734074048 -2.8152128151484086
12.427 -0.7141682433123355 -2.818326974846751
12.428 -0.7169881289855076 -2.8214443516436365
12.429 -0.71981113364297 -2.8245649434405475
12.43 -0.7226372604986068 -2.827688748006597
12.431000000000001 -0.7254665127640115 -2.8308157629911985
12.432 -0.7282988936483601 -2.8339459859100735
12.433 -0.7311344063582836 -2.8370794141575524
12.434000000000001 -0.7339730540977409 -2.8402160449947047
12.435 -0.73681484006789 -2.8433558755588075
12.436 -0.7396597674669594 -2.8464989028543526
12.437 -0.7425078394901192 -2.8496451237592733
12.438 -0.7453590593293515 -2.852794535019799
12.439 -0.7482134301733203 -2.8559471332531614
12.44 -0.7510709552072405 -2.8591029149447644
12.441 -0.7539316376127476 -2.86226187644981
12.442 -0.7567954805677659 -2.865424013990971
12.443 -0.7596624872463769 -2.868589323659523
12.444 -0.7625326608186866 -2.8717578014138123
12.445 -0.7654060044506933 -2.874929443079423
12.446 -0.768282521304154 -2.8781042443487603
12.447000000000001 -0.7711622145364511 -2.881282200779862
12.448 -0.7740450873004584 -2.884463307797736
12.449 -0.7769311427444067 -2.8876475606911836
12.450000000000001 -0.779820384011749 -2.890834954616212
12.451 -0.7827128142410255 -2.8940254845905615
12.452 -0.7856084365657281 -2.897219145500283
12.453 -0.788507254114164 -2.900415932090043
12.454 -0.7914092700093202 -2.903615838974304
12.455 -0.7943144873687258 -2.906818860623641
12.456 -0.7972229093043164 -2.9100249913792284
12.457 -0.8001345389222952 -2.913234225436345
12.458 -0.8030493793229965 -2.9164465568608673
12.459 -0.8059674336007466 -2.919661979572167
12.46 -0.8088887048437264 -2.9228804873588925
12.461 -0.8118131961338322 -2.9261020738635577
12.462 -0.8147409105465363 -2.92932673259602
12.463000000000001 -0.8176718511507485 -2.932554456920887
12.464 -0.8206060210086753 -2.935785240067634
12.465 -0.8235434231756813 -2.9390190751222254
12.466000000000001 -0.8264840607001476 -2.942255955032132
12.467 -0.8294279366233324 -2.9454958726038054
12.468 -0.832375053979229 -2.948738820501291
12.469 -0.8353254157944257 -2.951984791250549
12.47 -0.8382790250879638 -2.955233777231641
12.471 -0.8412358848711965 -2.9584857706878114
12.472 -0.8441959981476462 -2.961740763714944
12.473 -0.8471593679128634 -2.9649987482726563
12.474 -0.8501259971542833 -2.968259716171333
12.475 -0.8530958888510839 -2.971523659085805
12.476 -0.856069045974043 -2.974790568540867
12.477 -0.8590454714853949 -2.9780604359248413
12.478 -0.8620251683386874 -2.9813332524764786
12.479000000000001 -0.8650081394786382 -2.984609009296725
12.48 -0.8679943878409914 -2.9878876973374497
12.481 -0.8709839163523734 -2.9911693074113734
12.482000000000001 -0.8739767279301491 -2.9944538301830392
12.483 -0.8769728254822778 -2.9977412561760817
12.484 -0.8799722119071686 -3.0010315757667505
12.485 -0.8829748900935355 -3.0043247791892362
12.486 -0.8859808629202539 -3.007620856531282
12.487 -0.8889901332562146 -3.0109197977361957
12.488 -0.8920027039601793 -3.0142215926029436
12.489 -0.8950185778806361 -3.0175262307843567
12.49 -0.8980377578556531 -3.020833701788467
12.491 -0.9010602467127343 -3.024143994978711
12.492 -0.9040860472686733 -3.0274570995708663
12.493 -0.9071151623294084 -3.030773004638875
12.494 -0.9101475946898766 -3.034091699105851
12.495000000000001 -0.9131833471338686 -3.0374131717560133
12.496 -0.9162224224338821 -3.040737411219365
12.497 -0.9192648233509769 -3.0440644059900803
12.498000000000001 -0.9223105526346286 -3.047394144405404
12.499 -0.9253596130225827 -3.0507266146682244
12.5 -0.9284120072407092 -3.054061804823962
12.501 -0.9314677380028556 -3.0573997027833273
12.502 -0.9345268080107021 -3.060740296300047
12.503 -0.9375892199536151 -3.0640835729929026
12.504 -0.9406549765085008 -3.067429520323382
12.505 -0.9437240803396602 -3.0707781256186117
12.506 -0.946796534098642 -3.0741293760480324
12.507 -0.9498723404240976 -3.077483258646732
12.508000000000001 -0.952951501941635 -3.0808397602928057
12.509 -0.9560340212636724 -3.084198867728696
12.51 -0.9591199009892929 -3.087560567542347
12.511000000000001 -0.9622091437040985 -3.0909248461827548
12.512 -0.9653017519800646 -3.0942916899483106
12.513 -0.9683977283753942 -3.0976610849954915
12.514000000000001 -0.9714970754343725 -3.101033017332431
12.515 -0.9745997956872211 -3.10440747282388
12.516 -0.9777058916499535 -3.107784437188232
12.517 -0.9808153658242286 -3.1111638959989985
12.518 -0.9839282206972068 -3.1145458346846353
12.519 -0.9870444587414043 -3.1179302385288814
12.52 -0.9901640824145486 -3.121317092670133
12.521 -0.9932870941594334 -3.124706382102922
12.522 -0.9964134964037744 -3.128098091676549
12.523 -0.9995432915600649 -3.1314922060965964
12.524000000000001 -1.0026764820254315 -3.1348887099242866
12.525 -1.0058130701814898 -3.1382875875766345
12.526 -1.0089530583942012 -3.141688823327586
12.527000000000001 -1.0120964490137285 -3.1450924013069455
12.528 -1.0152432443742931 -3.1484983055013833
12.529 -1.0183934467940317 -3.1519065197545912
12.530000000000001 -1.0215470585748523 -3.1553170277672535
12.531 -1.0247040820022935 -3.1587298130974406
12.532 -1.0278645193453804 -3.162144859160903
12.533 -1.0310283728564822 -3.1655621492309938
12.534 -1.0341956447711715 -3.1689816664403745
12.535 -1.0373663373080815 -3.1724033937774374
12.536 -1.040540452668765 -3.1758273140937687
12.537 -1.043717993037553 -3.1792534100937853
12.538 -1.046898960581415 -3.182681664349138
12.539 -1.0500833574498163 -3.186112059281481
12.540000000000001 -1.0532711857745798 -3.1895445771832844
12.541 -1.0564624476697453 -3.192979200196344
12.542 -1.05965714523143 -3.196415910333222
12.543000000000001 -1.0628552805376899 -3.1998546894585234
12.544 -1.0660568556483794 -3.2032955193057586
12.545 -1.069261872605015 -3.2067383814644144
12.546 -1.0724703334306351 -3.2101832573900224
12.547 -1.0756822401296644 -3.2136301283981483
12.548 -1.0788975946877748 -3.217078975668496
12.549 -1.0821163990717493 -3.220529780243995
12.55 -1.0853386552293456 -3.223982523030342
12.551 -1.0885643650891599 -3.2274371847990904
12.552 -1.0917935305604913 -3.230893746184181
12.553 -1.0950261535332064 -3.2343521876873
12.554 -1.0982622358776049 -3.2378124896725864
12.555 -1.1015017794442852 -3.2412746323731763
12.556000000000001 -1.1047447860640103 -3.2447385958856167
12.557 -1.1079912575475752 -3.248204360176604
12.558 -1.1112411956856734 -3.2516719050766785
12.559000000000001 -1.1144946022487643 -3.255141210288292
12.56 -1.1177514789869432 -3.258612255378335
12.561 -1.121011827629807 -3.2620850197852955
12.562 -1.124275649886326 -3.2655594828173
12.563 -1.1275429474447123 -3.2690356236488283
12.564 -1.1308137219722914 -3.272513421332082
12.565 -1.1340879751153707 -3.275992854780251
12.566 -1.137365708499114 -3.2794739027905906
12.567 -1.1406469237274104 -3.2829565440188477
12.568 -1.1439316223827491 -3.286440757007964
12.569 -1.1472198060260916 -3.2899265201603725
12.57 -1.150511476196746 -3.293413811765669
12.571 -1.1538066344122404 -3.296902609975614
12.572000000000001 -1.157105282168199 -3.300392892830031
12.573 -1.160407420938217 -3.303884638230633
12.574 -1.163713052173737 -3.3073778239721157
12.575000000000001 -1.1670221773039262 -3.3108724277070816
12.576 -1.170334797735554 -3.3143684269878593
12.577 -1.173650914852869 -3.317865799221791
12.578 -1.1769705300174804 -3.3213645217200742
12.579 -1.1802936445682342 -3.3248645716485172
12.58 -1.183620259821097 -3.3283659260796603
12.581 -1.186950377069034 -3.3318685619396726
12.582 -1.1902839975818928 -3.3353724560667306
12.583 -1.1936211226062847 -3.338877585150074
12.584 -1.1969617533654684 -3.3423839257943686
12.585 -1.2003058910592328 -3.345891454457438
12.586 -1.203653536863783 -3.349400147512155
12.587 -1.2070046919316249 -3.352909981188225
12.588000000000001 -1.2103593573914517 -3.3564209316291542
12.589 -1.2137175343480302 -3.3599329748401443
12.59 -1.2170792238820893 -3.3634460867390117
12.591000000000001 -1.2204444270502077 -3.3669602431084926
12.592 -1.2238131448847034 -3.3704754196436815
12.593 -1.2271853783935243 -3.3739915919102477
12.594 -1.230561128560138 -3.3775087353815296
12.595 -1.2339403963434254 -3.3810268254094207
12.596 -1.237323182677571 -3.3845458372506063
12.597 -1.2407094884719574 -3.3880657460454193
12.598 -1.24409931461106 -3.391586526837042
12.599 -1.247492661954341 -3.3951081545575925
12.6 -1.2508895313361468 -3.398630604041788
12.601 -1.2542899235656029 -3.4021538500146113
12.602 -1.2576938394265134 -3.4056778671074643
12.603 -1.2611012796772585 -3.409202629841586
12.604000000000001 -1.2645122450506951 -3.412728112648193
12.605 -1.2679267362540556 -3.4162542898483506
12.606 -1.2713447539688512 -3.4197811356770433
12.607000000000001 -1.274766298850772 -3.42330862425893
12.608 -1.278191371529592 -3.4268367296360998
12.609 -1.2816199726090725 -3.430365425740782
12.61 -1.285052102666867 -3.4338946864261874
12.611 -1.2884877622544277 -3.4374244854350455
12.612 -1.2919269518969119 -3.4409547964361096
12.613 -1.2953696720930903 -3.444485592987336
12.614 -1.2988159233152565 -3.448016848575063
12.615 -1.3022657060091356 -3.4515485365778846
12.616 -1.305719020593796 -3.45508063030295
12.617 -1.309175867461562 -3.458613102954226
12.618 -1.3126362469779242 -3.462145927662108
12.619 -1.3161001594814572 -3.465679077462063
12.620000000000001 -1.319567605283731 -3.4692125253106396
12.621 -1.323038584669229 -3.47274624407826
12.622 -1.3265130978952646 -3.4762802065539073
12.623000000000001 -1.3299911451918986 -3.479814385443688
12.624 -1.33347272676186 -3.483348753377643
12.625 -1.3369578427804638 -3.4868832828983654
12.626 -1.340446493395534 -3.490417946481019
12.627 -1.3439386787273262 -3.493952716512901
12.628 -1.3474343988684494 -3.4974875653134467
12.629 -1.3509336538837913 -3.5010224651218858
12.63 -1.3544364438104441 -3.504557388107493
12.631 -1.3579427686576309 -3.508092306362422
12.632 -1.3614526284066335 -3.5116271919117916
12.633000000000001 -1.3649660230107212 -3.5151620167060673
12.634 -1.368482952395081 -3.5186967526297157
12.635 -1.3720034164567485 -3.522231371495634
12.636000000000001 -1.3755274150645402 -3.525765845052913
12.637 -1.3790549480589873 -3.529300144981188
12.638 -1.3825860152522695 -3.5328342428983746
12.639000000000001 -1.386120616428151 -3.5363681103553954
12.64 -1.3896587513419174 -3.5399017188446513
12.641 -1.3932004197203138 -3.543435039791865
12.642 -1.3967456212614837 -3.546968044568377
12.643 -1.4002943556349094 -3.5505007044809442
12.644 -1.4038466224813535 -3.554032990782266
12.645 -1.4074024214128016 -3.557564874667577
12.646 -1.410961752012406 -3.56109632727302
12.647 -1.4145246138344316 -3.5646273196881753
12.648 -1.4180910064042003 -3.5681578229383253
12.649000000000001 -1.4216609292180404 -3.57168780801047
12.65 -1.4252343817432345 -3.5752172458255504
12.651 -1.4288113634179689 -3.5787461072708697
12.652000000000001 -1.4323918736512855 -3.582274363170142
12.653 -1.4359759118230335 -3.5858019843143234
12.654 -1.439563477283823 -3.5893289414344003
12.655000000000001 -1.443154569354981 -3.5928552052315514
12.656 -1.446749187328505 -3.5963807463480095
12.657 -1.4503473304670227 -3.5999055354001985
12.658 -1.4539489980037483 -3.6034295429461602
12.659 -1.4575541891424446 -3.606952739523152
12.66 -1.4611629030573816 -3.610475095610041
12.661 -1.4647751388933006 -3.6139965816693245
12.662 -1.4683908957653764 -3.6175171681069007
12.663 -1.4720101727591834 -3.6210368253140874
12.664 -1.4756329689306598 -3.624555523629312
12.665000000000001 -1.4792592833060774 -3.628073233379158
12.666 -1.4828891148820071 -3.63158992483775
12.667 -1.4865224626252922 -3.6351055682728473
12.668000000000001 -1.4901593254730163 -3.6386201339001008
12.669 -1.4937997023324783 -3.6421335919325584
12.67 -1.4974435920811642 -3.6456459125320824
12.671000000000001 -1.5010909935667236 -3.6491570658638333
12.672 -1.5047419056069449 -3.652667022040464
12.673 -1.5083963269897338 -3.6561757511834667
12.674 -1.5120542564730912 -3.6596832233625363
12.675 -1.515715692785095 -3.6631894086602315
12.676 -1.5193806346238792 -3.666694277108725
12.677 -1.5230490806576191 -3.670197798756634
12.678 -1.5267210295245142 -3.673699943604383
12.679 -1.5303964798327736 -3.6772006816702802
12.68 -1.5340754301606039 -3.680699982931443
12.681000000000001 -1.5377578790561952 -3.684197817377585
12.682 -1.5414438250377127 -3.6876941549694564
12.683 -1.545133266593286 -3.6911889656743195
12.684000000000001 -1.5488262021810018 -3.694682219440359
12.685 -1.5525226302288966 -3.698173886217495
12.686 -1.5562225491349526 -3.7016639359486643
12.687 -1.559925957267092 -3.705152338569775
12.688 -1.5636328529631764 -3.70863906402405
12.689 -1.5673432345310032 -3.7121240822404333
12.69 -1.5710571002483078 -3.7156073631646853
12.691 -1.574774448362763 -3.719088876727632
12.692 -1.5784952770919833 -3.722568592880213
12.693 -1.5822195846235279 -3.726046481561835
12.694 -1.5859473691149064 -3.729522512733301
12.695 -1.5896786286935853 -3.732996656347937
12.696 -1.5934133614569963 -3.7364688823829075
12.697000000000001 -1.5971515654725452 -3.739939160809343
12.698 -1.600893238777623 -3.743407461625694
12.699 -1.6046383793796177 -3.746873754828968
12.700000000000001 -1.6083869852559283 -3.750338010441613
12.701 -1.612139054353978 -3.753800198492399
12.702 -1.6158945845912318 -3.7572602890343973
12.703 -1.6196535738552127 -3.760718252131816
12.704 -1.6234160200035217 -3.764174057875149
12.705 -1.6271819208638563 -3.767627676367237
12.706 -1.630951274234033 -3.771079077744184
12.707 -1.63472407788201 -3.774528232151543
12.708 -1.63850032954591 -3.777975109774215
12.709 -1.6422800269340474 -3.781419680810534
12.71 -1.6460631677249535 -3.7848619154951364
12.711 -1.6498497495674058 -3.788301784086034
12.712 -1.6536397700804555 -3.7917392568735613
12.713000000000001 -1.6574332268534606 -3.79517430418005
12.714 -1.661230117446116 -3.798606896357154
12.715 -1.6650304393884878 -3.8020370037954843
12.716000000000001 -1.668834190181048 -3.80546459691637
12.717 -1.6726413672947096 -3.8088896461807744
12.718 -1.6764519681708654 -3.81231212208657
12.719 -1.6802659902214248 -3.8157319951698856
12.72 -1.684083430828856 -3.819149236011424
12.721 -1.6879042873462244 -3.822563815225923
12.722 -1.6917285570972385 -3.8259757034833517
12.723 -1.6955562373762907 -3.8293848714832204
12.724 -1.6993873254485046 -3.832791289986995
12.725 -1.703221818549781 -3.836194929788281
12.726 -1.7070597138868442 -3.839595761740643
12.727 -1.7109010086372942 -3.842993756741328
12.728 -1.7147456999496535 -3.8463888857387336
12.729000000000001 -1.7185937849434223 -3.8497811197388954
12.73 -1.722445260709128 -3.8531704297911733
12.731 -1.7263001243083829 -3.8565567870149295
12.732000000000001 -1.7301583727739365 -3.85994016256679
12.733 -1.734020003109735 -3.8633205276823217
12.734 -1.737885012290978 -3.866697853632706
12.735 -1.741753397264178 -3.870072111773292
12.736 -1.7456251549472215 -3.8734432734960116
12.737 -1.7495002822294305 -3.8768113102805577
12.738 -1.7533787759716262 -3.880176193644855
12.739 -1.7572606330061928 -3.8835378951970556
12.74 -1.7611458501371435 -3.8868963865879658
12.741 -1.7650344241401874 -3.89025163955767
12.742 -1.7689263517627976 -3.8936036258950173
12.743 -1.7728216297242814 -3.8969523174779304
12.744 -1.7767202547158494 -3.9002976862368275
12.745000000000001 -1.7806222234006892 -3.9036397041936843
12.746 -1.784527532414037 -3.906978343425437
12.747 -1.788436178363253 -3.9103135761011973
12.748000000000001 -1.7923481578278961 -3.913645374451613
12.749 -1.796263467359802 -3.916973710796317
12.75 -1.800182103483159 -3.9202985575251947
12.751 -1.8041040626945901 -3.9236198871132517
12.752 -1.8080293414632305 -3.926937672113169
12.753 -1.8119579362308107 -3.9302518851619355
12.754 -1.8158898434117396 -3.933562498979179
12.755 -1.8198250593931877 -3.936869486367474
12.756 -1.8237635805351724 -3.9401728202193387
12.757 -1.8277054031706437 -3.943472473507527
12.758000000000001 -1.8316505236055731 -3.9467684193018133
12.759 -1.835598938119041 -3.9500606307498534
12.76 -1.8395506429633268 -3.9533490811024685
12.761000000000001 -1.8435056343640002 -3.9566337436891774
12.762 -1.847463908520012 -3.959914591943183
12.763 -1.851425461603789 -3.96319159938324
12.764000000000001 -1.855390289761327 -3.96646473962776
12.765 -1.8593583891122873 -3.9697339863896266
12.766 -1.8633297557500919 -3.9729993134777395
12.767 -1.8673043857420224 -3.9762606948022468
12.768 -1.8712822751293177 -3.979518104367985
12.769 -1.8752634199272753 -3.982771516285898
12.77 -1.8792478161253503 -3.9860209047618653
12.771 -1.8832354596872591 -3.98926624411194
12.772 -1.8872263465510812 -3.9925075087463795
12.773 -1.8912204726293649 -3.995744673191717
12.774000000000001 -1.8952178338092305 -3.9989777120667527
12.775 -1.8992184259524785 -4.002206600111823
12.776 -1.903222244895695 -4.005431312159596
12.777000000000001 -1.9072292864503622 -4.00865182316698
12.778 -1.911239546402966 -4.01186810818665
12.779 -1.9152530205151068 -4.01508014239416
12.780000000000001 -1.9192697045236118 -4.01828790106722
12.781 -1.923289594140646 -4.021491359604338
12.782 -1.9273126850538271 -4.024690493511541
12.783 -1.9313389729263384 -4.027885278414874
12.784 -1.9353684533970452 -4.031075690052463
12.785 -1.9394011220806109 -4.034261704281132
12.786 -1.9434369745676143 -4.037443297076151
12.787 -1.947476006424668 -4.040620444528348
12.788 -1.9515182131945366 -4.043793122853547
12.789 -1.9555635903962594 -4.0469613083818174
12.790000000000001 -1.9596121335252683 -4.050124977571085
12.791 -1.9636638380535123 -4.053284106996105
12.792 -1.967718699429579 -4.056438673360416
12.793000000000001 -1.9717767130788195 -4.059588653486385
12.794 -1.9758378744034724 -4.062734024326966
12.795 -1.9799021787827895 -4.065874762956156
12.796000000000001 -1.9839696215731628 -4.069010846579652
12.797 -1.9880401981082516 -4.072142252526489
12.798 -1.9921139036991102 -4.075268958258424
12.799 -1.9961907336343183 -4.078390941363662
12.8 -2.0002706831801103 -4.081508179562607
12.801 -2.004353747580505 -4.08462065070626
12.802 -2.0084399220574394 -4.087728332777409
12.803 -2.0125292018108993 -4.090831203892362
12.804 -2.016621582019054 -4.093929242300597
12.805 -2.0207170578383886 -4.097022426385727
12.806000000000001 -2.0248156244038413 -4.10011073466829
12.807 -2.028917276828936 -4.103194145801281
12.808 -2.0330220102059213 -4.106272638580284
12.809000000000001 -2.0371298196059064 -4.109346191930588
12.81 -2.041240700078999 -4.112414784924807
12.811 -2.0453546466544448 -4.1154783967648925
12.812 -2.0494716543407665 -4.1185370068032086
12.813 -2.0535917181259027 -4.121590594520448
12.814 -2.057714832977351 -4.12463913955269
12.815 -2.0618409938423077 -4.127682621661315
12.816 -2.0659701956478105 -4.130721020768714
12.817 -2.070102433300882 -4.133754316921625
12.818 -2.074237701688673 -4.136782490328974
12.819 -2.0783759956786056 -4.139805521327188
12.82 -2.0825173101185213 -4.142823390413848
12.821 -2.086661639836822 -4.145836078217129
12.822000000000001 -2.090808979642621 -4.1488435655276605
12.823 -2.0949593243258846 -4.151845833265263
12.824 -2.0991126686575856 -4.154842862518264
12.825000000000001 -2.103269007389846 -4.157834634499868
12.826 -2.1074283352560887 -4.160821130597144
12.827 -2.1115906469711856 -4.163802332322632
12.828 -2.115755937231608 -4.166778221359984
12.829 -2.119924200715576 -4.169748779526002
12.83 -2.12409543208321 -4.172713988803821
12.831 -2.128269625976684 -4.175673831314635
12.832 -2.132446777020373 -4.178628289343734
12.833 -2.1366268798210113 -4.1815773453202
12.834 -2.1408099289678395 -4.184520981831939
12.835 -2.1449959190327643 -4.187459181618868
12.836 -2.1491848445705073 -4.190391927573392
12.837 -2.1533767001187623 -4.193319202747586
12.838000000000001 -2.15757148019835 -4.196240990341351
12.839 -2.161769179313372 -4.19915727371952
12.84 -2.1659697919513694 -4.202068036392437
12.841000000000001 -2.1701733125834757 -4.204973262038921
12.842 -2.1743797356645773 -4.207872934481968
12.843 -2.1785890556334677 -4.210767037714468
12.844 -2.182801266913006 -4.2136555558763344
12.845 -2.1870163639102764 -4.216538473274575
12.846 -2.1912343410167443 -4.2194157743669205
12.847 -2.1954551926084167 -4.222287443777965
12.848 -2.1996789130460006 -4.225153466283279
12.849 -2.203905496675062 -4.228013826826562
12.85 -2.2081349378261885 -4.2308685105037585
12.851 -2.2123672308151447 -4.233717502577508
12.852 -2.2166023699430375 -4.236560788466667
12.853 -2.2208403494964744 -4.239398353753816
12.854000000000001 -2.225081163747724 -4.242230184180987
12.855 -2.229324806954881 -4.245056265653581
12.856 -2.2335712733620228 -4.247876584236485
12.857000000000001 -2.2378205571993757 -4.250691126159964
12.858 -2.2420726526834747 -4.2534998778122945
12.859 -2.246327554017327 -4.256302825749964
12.86 -2.2505852553905754 -4.259099956685537
12.861 -2.2548457509796593 -4.261891257502452
12.862 -2.25910903494798 -4.264676715238328
12.863 -2.263375101446063 -4.267456317105523
12.864 -2.267643944611721 -4.270230050466286
12.865 -2.2719155585702193 -4.272997902862755
12.866 -2.2761899374344385 -4.275759861983309
12.867 -2.2804670753050393 -4.278515915700187
12.868 -2.284746966270626 -4.281266052028812
12.869 -2.2890296044079115 -4.284010259170509
12.870000000000001 -2.2933149837818823 -4.286748525471065
12.871 -2.297603098445962 -4.289480839459231
12.872 -2.3018939424421783 -4.2922071898128085
12.873000000000001 -2.3061875098013243 -4.294927565387221
12.874 -2.310483794543128 -4.2976419551945835
12.875 -2.314782790676412 -4.300350348415301
12.876 -2.319084492199265 -4.303052734397379
12.877 -2.3233888930992013 -4.3057491026465575
12.878 -2.32769598735333 -4.308439442845364
12.879 -2.332005768928518 -4.311123744827532
12.88 -2.336318231781557 -4.313801998608367
12.881 -2.3406333698593267 -4.316474194350278
12.882 -2.3449511770989635 -4.319140322401714
12.883000000000001 -2.349271647428023 -4.321800373253674
12.884 -2.3535947747646464 -4.324454337586914
12.885 -2.3579205530177263 -4.327102206222604
12.886000000000001 -2.3622489760870713 -4.329743970171956
12.887 -2.3665800378635717 -4.3323796205877
12.888 -2.3709137322293645 -4.3350091488102205
12.889000000000001 -2.3752500530579996 -4.337632546323939
12.89 -2.379588994214603 -4.340249804798645
12.891 -2.3839305495560446 -4.342860916049713
12.892 -2.3882747129311 -4.345465872075221
12.893 -2.392621478180618 -4.348064665023051
12.894 -2.3969708391376834 -4.35065728721792
12.895 -2.4013227896277844 -4.353243731139161
12.896 -2.4056773234689737 -4.355823989438981
12.897 -2.4100344344720344 -4.3583980549272585
12.898 -2.4143941164406453 -4.360965920582444
12.899000000000001 -2.418756363171544 -4.363527579545043
12.9 -2.423121168454691 -4.366083025118825
12.901 -2.4274885260734327 -4.368632250774389
12.902000000000001 -2.4318584298046657 -4.371175250140641
12.903 -2.4362308734190004 -4.373712017015639
12.904 -2.440605850680924 -4.37624254535527
12.905000000000001 -2.444983355348963 -4.3787668292821404
12.906 -2.449363381175846 -4.381284863078701
12.907 -2.4537459219086677 -4.383796641192533
12.908 -2.458130971289048 -4.38630215822981
12.909 -2.4625185230532978 -4.388801408963176
12.91 -2.466908570932578 -4.3912943883216125
12.911 -2.4713011086530625 -4.393781091401158
12.912 -2.475696129936098 -4.396261513453024
12.913 -2.4800936284983663 -4.398735649894889
12.914 -2.4844935980520453 -4.401203496300455
12.915000000000001 -2.4888960323049663 -4.403665048405635
12.916 -2.4933009249607787 -4.406120302107755
12.917 -2.497708269719105 -4.408569253457956
12.918000000000001 -2.5021180602757047 -4.411011898676779
12.919 -2.5065302903226288 -4.413448234128686
12.92 -2.510944953548382 -4.415878256356823
12.921000000000001 -2.5153620436380795 -4.418301962037191
12.922 -2.519781554273606 -4.420719348033241
12.923 -2.5242034791337713 -4.42313041133293
12.924 -2.5286278118944696 -4.425535149116649
12.925 -2.533054546228835 -4.427933558684224
12.926 -2.5374836758073998 -4.430325637529818
12.927 -2.541915194298248 -4.432711383265861
12.928 -2.546349095367173 -4.435090793695766
12.929 -2.550785372677831 -4.437463866745651
12.93 -2.5552240198918983 -4.439830600524455
12.931000000000001 -2.559665030669223 -4.4421909932713985
12.932 -2.5641083986679805 -4.444545043399015
12.933 -2.5685541175448265 -4.446892749457036
12.934000000000001 -2.57300218095505 -4.449234110161006
12.935 -2.5774525825527252 -4.451569124368387
12.936 -2.581905315990866 -4.453897791096534
12.937 -2.5863603749215733 -4.456220109507537
12.938 -2.590817752996191 -4.458536078920404
12.939 -2.5952774438654527 -4.460845698798554
12.94 -2.5997394411796333 -4.463148968760729
12.941 -2.604203738588699 -4.465445888570079
12.942 -2.6086703297424565 -4.4677364581432455
12.943 -2.6131392082906992 -4.470020677540284
12.944 -2.617610367883358 -4.472298546973993
12.945 -2.6220838021706476 -4.474570066799304
12.946 -2.6265595048032133 -4.476835237522888
12.947000000000001 -2.631037469432278 -4.479094059792254
12.948 -2.6355176897097867 -4.4813465344057075
12.949 -2.640000159288553 -4.483592662301545
12.950000000000001 -2.6444848718224034 -4.485832444566739
12.951 -2.648971820966321 -4.488065882428628
12.952 -2.65346100037659 -4.490292977260155
12.953 -2.657952403710937 -4.492513730575072
12.954 -2.6624460246286747 -4.494728144031126
12.955 -2.6669418567908427 -4.496936219424756
12.956 -2.67143989386035 -4.499137958696692
12.957 -2.675940129502113 -4.5013333639231865
12.958 -2.6804425573831976 -4.503522437326489
12.959 -2.684947171172958 -4.505705181258778
12.96 -2.6894539645431736 -4.507881598221946
12.961 -2.693962931168189 -4.510051690842104
12.962 -2.698474064725051 -4.512215461897183
12.963000000000001 -2.702987358893644 -4.51437291428542
12.964 -2.7075028073568266 -4.516524051057195
12.965 -2.7120204038005675 -4.5186688753819295
12.966000000000001 -2.716540141914079 -4.520807390577762
12.967 -2.721062015389952 -4.522939600084067
12.968 -2.725586017924289 -4.525065507483533
12.969 -2.730112143216837 -4.527185116482444
12.97 -2.7346403849711183 -4.529298430925839
12.971 -2.739170736894563 -4.531405454784168
12.972 -2.7437031926986375 -4.533506192160987
12.973 -2.748237746098978 -4.53560064728961
12.974 -2.752774390815516 -4.537688824528397
12.975 -2.7573131205726087 -4.539770728370324
12.976 -2.7618539290991646 -4.541846363426792
12.977 -2.7663968101287733 -4.543915734446672
12.978 -2.7709417573998296 -4.545978846291863
12.979000000000001 -2.7754887646556603 -4.548035703963616
12.98 -2.7800378256446474 -4.550086312572613
12.981 -2.7845889341203534 -4.552130677368166
12.982000000000001 -2.7891420838416434 -4.554168803707722
12.983 -2.793697268572809 -4.556200697085396
12.984 -2.798254482083689 -4.558226363101802
12.985 -2.802813718149791 -4.560245807493675
12.986 -2.807374970552411 -4.562259036101377
12.987 -2.8119382330787537 -4.5642660549010206
12.988 -2.8165034995220495 -4.566266869970173
12.989 -2.821070763681674 -4.568261487520631
12.99 -2.8256400193632656 -4.570249913864582
12.991 -2.8302112603788396 -4.572232155445694
12.992 -2.834784480546906 -4.57420821880855
12.993 -2.8393596736925826 -4.576178110624731
12.994 -2.84393683364771 -4.578141837668757
12.995000000000001 -2.8485159542509653 -4.580099406836217
12.996 -2.853097029347972 -4.582050825128588
12.997 -2.8576800527914146 -4.583996099663303
12.998000000000001 -2.862265018441147 -4.585935237663672
12.999 -2.8668519201643043 -4.587868246467304
13.0 -2.8714407518354106 -4.589795133515467
13.001 -2.876031507336488 -4.591715906362815
13.002 -2.880624180557164 -4.5936305726652495
13.003 -2.885218765394778 -4.5955391401912165
13.004 -2.889815255754488 -4.5974416168081325
13.005 -2.894413645549374 -4.599338010494624
13.006 -2.899013928700545 -4.6012283293266965
13.007 -2.9036160991372384 -4.60311258148949
13.008000000000001 -2.9082201507969265 -4.604990775264556
13.009 -2.9128260776254162 -4.606862919040029
13.01 -2.91743387357695 -4.60872902129957
13.011000000000001 -2.9220435326143055 -4.610589090631494
13.012 -2.926655048708897 -4.612443135717738
13.013 -2.9312684158408717 -4.6142911653431185
13.014000000000001 -2.9358836279992078 -4.616133188385523
13.015 -2.9405006791818113 -4.617969213821649
13.016 -2.9451195633956115 -4.619799250723117
13.017 -2.949740274656657 -4.6216233082543425
13.018 -2.9543628069902077 -4.623441395677217
13.019 -2.958987154430831 -4.625253522341177
13.02 -2.963613311022492 -4.627059697694197
13.021 -2.968241270818645 -4.62885993126781
13.022 -2.9728710278823276 -4.630654232692383
13.023 -2.9775025762862457 -4.632442611678534
13.024000000000001 -2.982135910112865 -4.634225078034773
13.025 -2.9867710234545 -4.636001641648292
13.026 -2.9914079104133995 -4.637772312501639
13.027000000000001 -2.996046565101834 -4.639537100655602
13.028 -3.0006869816421804 -4.64129601626282
13.029 -3.0053291541670077 -4.64304906955457
13.030000000000001 -3.009973076819161 -4.64479627085021
13.031 -3.0146187437518424 -4.646537630547651
13.032 -3.0192661491286965 -4.648273159129741
13.033 -3.023915287123888 -4.6500028671578155
13.034 -3.028566151922185 -4.651726765274219
13.035 -3.0332187377190367 -4.6534448642003685
13.036 -3.0378730387206523 -4.655157174735295
13.037 -3.042529049144079 -4.656863707755947
13.038 -3.0471867632172795 -4.6585644742154395
13.039 -3.051846175179208 -4.660259485142305
13.040000000000001 -3.0565072792798826 -4.661948751640268
13.041 -3.0611700697804642 -4.663632284886644
13.042 -3.0658345409533263 -4.665310096131222
13.043000000000001 -3.0705006870821285 -4.666982196697176
13.044 -3.075168502461889 -4.668648597977353
13.045 -3.079837981399055 -4.670309311436386
13.046000000000001 -3.084509118211571 -4.671964348607176
13.047 -3.0891819072289515 -4.673613721092612
13.048 -3.093856342792345 -4.6752574405615235
13.049 -3.0985324192546044 -4.676895518752248
13.05 -3.1032101309803526 -4.678527967465473
13.051 -3.1078894723460473 -4.680154798571911
13.052 -3.1125704377400463 -4.681776024000799
13.053 -3.1172530215626724 -4.683391655751104
13.054 -3.121937218226274 -4.68500170587793
13.055 -3.12662302215529 -4.686606186504232
13.056000000000001 -3.1313104277863086 -4.688205109808514
13.057 -3.13599942956813 -4.689798488033257
13.058 -3.1406900219618237 -4.691386333477599
13.059000000000001 -3.145382199440789 -4.69296865849996
13.06 -3.150075956490812 -4.694545475516343
13.061 -3.154771287610123 -4.69611679699829
13.062 -3.159468187309452 -4.6976826354745596
13.063 -3.164166650112084 -4.6992430035271076
13.064 -3.168866670553914 -4.700797913793189
13.065 -3.1735682431835017 -4.7023473789625125
13.066 -3.1782713625621204 -4.703891411777183
13.067 -3.1829760232638127 -4.70543002503096
13.068 -3.18768221987544 -4.706963231567807
13.069 -3.192389946996733 -4.708491044282015
13.07 -3.19709919924034 -4.710013476116008
13.071 -3.2018099712318766 -4.711530540060897
13.072000000000001 -3.2065222576099726 -4.713042249155065
13.073 -3.2112360530263198 -4.7145486164821495
13.074 -3.215951352145717 -4.716049655173441
13.075000000000001 -3.220668149646115 -4.717545378402241
13.076 -3.2253864402186614 -4.719035799388616
13.077 -3.230106218567744 -4.720520931392821
13.078 -3.2348274794110337 -4.722000787719987
13.079 -3.239550217479525 -4.723475381714229
13.08 -3.244274427517579 -4.724944726762268
13.081 -3.2490001042829615 -4.726408836288975
13.082 -3.2537272425468844 -4.72786772375925
13.083 -3.258455837094042 -4.729321402675275
13.084 -3.263185882722651 -4.730769886577202
13.085 -3.267917374244484 -4.732213189041136
13.086 -3.2726503064849104 -4.733651323678909
13.087 -3.277384674282927 -4.7350843041377315
13.088000000000001 -3.282120472491195 -4.736512144097718
13.089 -3.286857695976074 -4.737934857273925
13.09 -3.291596339617652 -4.739352457411474
13.091000000000001 -3.296336398309781 -4.740764958290278
13.092 -3.3010778669601053 -4.742172373717168
13.093 -3.3058207404900943 -4.743574717533352
13.094 -3.31056501383507 -4.74497200360493
13.095 -3.315310681944237 -4.74636424583061
13.096 -3.320057739780711 -4.747751458132971
13.097 -3.3248061823215456 -4.749133654464849
13.098 -3.3295560045577575 -4.7505108488023104
13.099 -3.334307201494355 -4.751883055149197
13.1 -3.3390597681503604 -4.753250287531802
13.101 -3.3438136995588357 -4.754612560002062
13.102 -3.348568990766905 -4.7559698866333795
13.103 -3.3533256368357787 -4.7573222815225735
13.104000000000001 -3.3580836328407724 -4.758669758787236
13.105 -3.3628429738713317 -4.760012332566019
13.106 -3.36760365503105 -4.761350017017543
13.107000000000001 -3.372365671437689 -4.762682826319317
13.108 -3.3771290182231968 -4.764010774668172
13.109 -3.3818936905337273 -4.765333876277204
13.11 -3.386659683529657 -4.766652145378445
13.111 -3.3914269923856013 -4.7679655962180005
13.112 -3.39619561229043 -4.769274243059759
13.113 -3.400965538447284 -4.77057810017987
13.114 -3.4057367660735878 -4.7718771818715044
13.115 -3.4105092904010648 -4.77317150243762
13.116 -3.415283106675749 -4.774461076197791
13.117 -3.4200582101579986 -4.775745917479082
13.118 -3.4248345961225053 -4.777026040624334
13.119 -3.429612259858308 -4.778301459982133
13.120000000000001 -3.4343911966688005 -4.77957218991542
13.121 -3.4391714018717425 -4.780838244791791
13.122 -3.4439528707992664 -4.782099638991225
13.123000000000001 -3.448735598797888 -4.783356386897541
13.124 -3.4535195812285107 -4.784608502905164
13.125 -3.4583048134664347 -4.785856001411101
13.126 -3.463091290901361 -4.787098896821603
13.127 -3.4678790089373988 -4.788337203544065
13.128 -3.472667962993067 -4.789570935993853
13.129 -3.4774581485013005 -4.79080010858612
13.13 -3.4822495609094526 -4.792024735742347
13.131 -3.4870421956792983 -4.7932448318830545
13.132 -3.4918360482870336 -4.794460411433065
13.133000000000001 -3.4966311142232795 -4.795671488815591
13.134 -3.501427388993082 -4.796878078456097
13.135 -3.5062248681159094 -4.798080194778017
13.136000000000001 -3.511023547125656 -4.799277852204654
13.137 -3.5158234215706368 -4.800471065157151
13.138 -3.5206244870135865 -4.801659848054174
13.139000000000001 -3.525426739031658 -4.802844215311749
13.14 -3.5302301732164176 -4.8040241813415845
13.141 -3.535034785173842 -4.805199760551995
13.142 -3.5398405705243126 -4.806370967345147
13.143 -3.5446475249026115 -4.807537816119114
13.144 -3.549455643957914 -4.808700321264211
13.145 -3.5542649233537844 -4.8098584971656075
13.146 -3.5590753587681667 -4.8110123581994495
13.147 -3.5638869458933784 -4.812161918735395
13.148 -3.5686996804361013 -4.813307193133176
13.149000000000001 -3.573513558117373 -4.814448195744394
13.15 -3.5783285746725775 -4.815584940910073
13.151 -3.5831447258514344 -4.816717442961368
13.152000000000001 -3.5879620074179894 -4.817845716218012
13.153 -3.592780415150602 -4.8189697749888305
13.154 -3.597599944841935 -4.820089633569492
13.155000000000001 -3.6024205922989396 -4.821205306244435
13.156 -3.607242353342845 -4.822316807282881
13.157 -3.6120652238091435 -4.8234241509425395
13.158 -3.6168891995475763 -4.824527351464147
13.159 -3.6217142764221197 -4.825626423076148
13.16 -3.6265404503109693 -4.826721379988814
13.161 -3.631367717106524 -4.8278122363989455
13.162 -3.6361960727153706 -4.828899006484258
13.163 -3.641025513058265 -4.829981704407642
13.164 -3.645856034070117 -4.83106034431224
13.165000000000001 -3.650687631699971 -4.832134940324635
13.166 -3.6555203019109883 -4.833205506551563
13.167 -3.6603540406804274 -4.834272057081013
13.168000000000001 -3.6651888439996245 -4.835334605981216
13.169 -3.6700247078739743 -4.836393167299618
13.17 -3.6748616283229087 -4.837447755063669
13.171000000000001 -3.6796996013798755 -4.838498383278485
13.172 -3.684538623092318 -4.8395450659285215
13.173 -3.689378689521652 -4.840587816974598
13.174 -3.694219796743242 -4.841626650356187
13.175 -3.699061940846382 -4.84266157998792
13.176 -3.7039051179342684 -4.843692619762204
13.177 -3.7087493241239757 -4.844719783545578
13.178 -3.7135945555464356 -4.845743085181513
13.179 -3.718440808346408 -4.846762538486428
13.18 -3.7232880786824594 -4.847778157253118
13.181000000000001 -3.728136362726933 -4.848789955245889
13.182 -3.732985656665925 -4.849797946205059
13.183 -3.7378359566992567 -4.850802143840981
13.184000000000001 -3.742687259040448 -4.851802561839605
13.185 -3.7475395599166883 -4.852799213855632
13.186 -3.7523928555688104 -4.8537921135187325
13.187 -3.7572471422512597 -4.854781274426352
13.188 -3.7621024162320666 -4.855766710149877
13.189 -3.7669586737928165 -4.85674843422805
13.19 -3.771815911228619 -4.857726460171963
13.191 -3.776674124848079 -4.858700801460187
13.192 -3.781533310973265 -4.859671471541731
13.193 -3.7863934659396787 -4.860638483833217
13.194 -3.7912545860962235 -4.861601851720164
13.195 -3.7961166678051703 -4.862561588555335
13.196 -3.800979707442128 -4.8635177076593665
13.197000000000001 -3.8058437013960082 -4.864470222319372
13.198 -3.8107086460689947 -4.865419145789695
13.199 -3.8155745378765076 -4.866364491290054
13.200000000000001 -3.8204413732471694 -4.867306272007063
13.201 -3.8253091486227726 -4.868244501091453
13.202 -3.830177860458243 -4.869179191660595
13.203 -3.835047505221605 -4.8701103567947825
13.204 -3.8399180793939474 -4.871038009540558
13.205 -3.844789579469386 -4.8719621629063505
13.206 -3.849662001955027 -4.872882829866454
13.207 -3.8545353433709333 -4.873800023355953
13.208 -3.8594096002500837 -4.874713756275441
13.209 -3.8642847691383384 -4.8756240414853735
13.21 -3.8691608465944003 -4.87653089181104
13.211 -3.8740378291897777 -4.877434320037181
13.212 -3.878915713508745 -4.878334338912112
13.213000000000001 -3.883794496148305 -4.879230961143772
13.214 -3.8886741737181487 -4.880124199402036
13.215 -3.893554742840618 -4.8810140663167845
13.216000000000001 -3.898436200150664 -4.881900574478165
13.217 -3.9033185422958083 -4.882783736436591
13.218 -3.908201765936103 -4.883663564701549
13.219 -3.913085867744089 -4.884540071742327
13.22 -3.9179708444047563 -4.885413269986843
13.221 -3.9228566926155013 -4.886283171821844
13.222 -3.927743409086087 -4.887149789592633
13.223 -3.9326309905386014 -4.888013135602147
13.224 -3.937519433707413 -4.888873222111878
13.225 -3.942408735339131 -4.889730061339951
13.226 -3.9472988921925616 -4.890583665462705
13.227 -3.952189901038666 -4.891434046612547
13.228 -3.9570817586605167 -4.892281216879382
13.229000000000001 -3.961974461853252 -4.893125188308895
13.23 -3.9668680074240372 -4.893965972903537
13.231 -3.971762392192015 -4.894803582621121
13.232000000000001 -3.9766576129882654 -4.895638029375593
13.233 -3.98155366665576 -4.8964693250359845
13.234 -3.9864505500493164 -4.897297481426618
13.235 -3.9913482600355548 -4.898122510326758
13.236 -3.9962467934928507 -4.898944423470238
13.237 -4.001146147311292 -4.89976323254538
13.238 -4.006046318392632 -4.900578949194806
13.239 -4.010947303650242 -4.901391585014772
13.24 -4.015849100009067 -4.902201151555916
13.241 -4.0207517044055825 -4.903007660321425
13.242 -4.02565511378774 -4.903811122769067
13.243 -4.030559325114925 -4.904611550308198
13.244 -4.035464335357912 -4.9054089543026596
13.245000000000001 -4.040370141498814 -4.906203346067326
13.246 -4.045276740531034 -4.906994736871134
13.247 -4.050184129459222 -4.907783137933733
13.248000000000001 -4.0550923052992225 -4.908568560428335
13.249 -4.06000126507803 -4.909351015478622
13.25 -4.064911005833739 -4.910130514161165
13.251 -4.069821524615493 -4.910907067503083
13.252 -4.074732818483444 -4.911680686483498
13.253 -4.079644884508691 -4.912451382032149
13.254 -4.0845577197732466 -4.913219165030157
13.255 -4.089471321369973 -4.913984046309034
13.256 -4.094385686402543 -4.914746036651261
13.257 -4.099300811985387 -4.915505146789478
13.258000000000001 -4.104216695243641 -4.916261387406784
13.259 -4.1091333333131015 -4.917014769136381
13.26 -4.1140507233401715 -4.917765302561337
13.261000000000001 -4.118968862481814 -4.9185129982146965
13.262 -4.1238877479054965 -4.919257866579028
13.263 -4.1288073767891476 -4.919999918086534
13.264000000000001 -4.1337277463211 -4.920739163118736
13.265 -4.138648853700045 -4.921475612006375
13.266 -4.143570696134977 -4.922209275029462
13.267 -4.148493270845146 -4.9229401624166576
13.268 -4.153416575060004 -4.92366828434593
13.269 -4.158340606019157 -4.924393650943436
13.27 -4.16326536097231 -4.925116272284442
13.271 -4.168190837179218 -4.925836158392282
13.272 -4.173117031909634 -4.926553319238906
13.273 -4.1780439424432565 -4.927267764744416
13.274000000000001 -4.1829715660696785 -4.9279795047770145
13.275 -4.187899900088335 -4.928688549153076
13.276 -4.192828941808452 -4.92939490763669
13.277000000000001 -4.197758688548992 -4.9300985899400045
13.278 -4.202689137638605 -4.930799605722702
13.279 -4.207620286415573 -4.93149796459221
13.280000000000001 -4.212552132227762 -4.93219367610347
13.281 -4.217484672432563 -4.932886749758857
13.282 -4.2224179043968455 -4.9335771950081355
13.283 -4.2273518254969025 -4.934265021248345
13.284 -4.232286433118395 -4.93495023782374
13.285 -4.237221724656305 -4.935632854025676
13.286 -4.242157697514878 -4.936312879092612
13.287 -4.24709434910757 -4.936990322209905
13.288 -4.252031676857 -4.937665192509954
13.289 -4.256969678194889 -4.93833749907183
13.290000000000001 -4.2619083505620114 -4.939007250921616
13.291 -4.266847691408142 -4.939674457031856
13.292 -4.271787698192 -4.94033912632205
13.293000000000001 -4.276728368381199 -4.9410012676580175
13.294 -4.281669699452189 -4.9416608898524315
13.295 -4.2866116888902095 -4.9423180016642165
13.296000000000001 -4.29155433418923 -4.942972611798976
13.297 -4.296497632851899 -4.943624728908596
13.298 -4.301441582389492 -4.944274361591423
13.299 -4.306386180321852 -4.944921518392126
13.3 -4.311331424177344 -4.945566207801673
13.301 -4.316277311492795 -4.946208438257345
13.302 -4.321223839813441 -4.946848218142624
13.303 -4.326171006692878 -4.9474855557872575
13.304 -4.3311188096930024 -4.948120459467156
13.305 -4.336067246383961 -4.94875293740442
13.306000000000001 -4.341016314344095 -4.949382997767293
13.307 -4.345966011159888 -4.950010648670164
13.308 -4.350916334425908 -4.950635898173526
13.309000000000001 -4.355867281744759 -4.951258754284
13.31 -4.360818850727025 -4.951879224954285
13.311 -4.365771038991215 -4.952497318083184
13.312000000000001 -4.3707238441637095 -4.953113041515575
13.313 -4.375677263878708 -4.953726403042421
13.314 -4.380631295778173 -4.954337410400769
13.315 -4.3855859375117765 -4.954946071273742
13.316 -4.390541186736849 -4.955552393290555
13.317 -4.395497041118322 -4.956156384026514
13.318 -4.400453498328673 -4.956758051003026
13.319 -4.405410556047879 -4.957357401687616
13.32 -4.410368211963353 -4.957954443493926
13.321 -4.415326463769896 -4.958549183781753
13.322000000000001 -4.420285309169643 -4.959141629857036
13.323 -4.425244745872007 -4.959731788971915
13.324 -4.430204771593628 -4.960319668324701
13.325000000000001 -4.4351653840583145 -4.960905275059977
13.326 -4.440126580996995 -4.961488616268511
13.327 -4.44508836014766 -4.962069698987439
13.328 -4.450050719255314 -4.962648530200102
13.329 -4.4550136560719125 -4.963225116836307
13.33 -4.4599771683563185 -4.963799465772105
13.331 -4.464941253874242 -4.964371583830103
13.332 -4.4699059103981895 -4.964941477779225
13.333 -4.474871135707411 -4.96550915433501
13.334 -4.479836927587843 -4.966074620159446
13.335 -4.484803283832058 -4.966637881861151
13.336 -4.489770202239212 -4.967198945995374
13.337 -4.494737680614987 -4.967757819063989
13.338000000000001 -4.499705716771542 -4.968314507515705
13.339 -4.504674308527458 -4.968869017745854
13.34 -4.5096434537076835 -4.969421356096807
13.341000000000001 -4.514613150143484 -4.969971528857595
13.342 -4.519583395672388 -4.970519542264448
13.343 -4.524554188138132 -4.971065402500341
13.344 -4.529525525390611 -4.971609115695605
13.345 -4.534497405285822 -4.972150687927419
13.346 -4.5394698256858135 -4.972690125220428
13.347 -4.544442784458633 -4.973227433546321
13.348 -4.549416279478273 -4.973762618824307
13.349 -4.554390308624619 -4.9742956869208586
13.35 -4.559364869783395 -4.974826643650029
13.351 -4.564339960846115 -4.975355494773389
13.352 -4.569315579710027 -4.975882246000088
13.353 -4.574291724278064 -4.976406902987129
13.354000000000001 -4.579268392458787 -4.97692947133907
13.355 -4.584245582166338 -4.9774499566086545
13.356 -4.589223291320385 -4.977968364296148
13.357000000000001 -4.59420151784607 -4.978484699850408
13.358 -4.599180259673957 -4.978998968667709
13.359 -4.6041595147399805 -4.979511176093371
13.36 -4.6091392809853975 -4.980021327420069
13.361 -4.614119556356729 -4.980529427889826
13.362 -4.619100338805713 -4.981035482692228
13.363 -4.62408162628925 -4.9815394969662545
13.364 -4.629063416769356 -4.982041475798818
13.365 -4.634045708213108 -4.98254142422623
13.366 -4.639028498592593 -4.98303934723311
13.367 -4.644011785884856 -4.983535249753498
13.368 -4.648995568071852 -4.984029136670103
13.369 -4.6539798431403945 -4.984521012815099
13.370000000000001 -4.658964609082101 -4.985010882969723
13.371 -4.663949863893348 -4.985498751864629
13.372 -4.668935605575213 -4.98598462418006
13.373000000000001 -4.673921832133433 -4.986468504545569
13.374 -4.678908541578348 -4.986950397540782
13.375 -4.683895731924851 -4.987430307694645
13.376 -4.68888340119234 -4.987908239486565
13.377 -4.693871547404669 -4.988384197345369
13.378 -4.698860168590093 -4.988858185650644
13.379 -4.703849262781223 -4.989330208731595
13.38 -4.708838828014977 -4.9898002708684155
13.381 -4.713828862332522 -4.990268376291181
13.382 -4.718819363779237 -4.99073452918115
13.383000000000001 -4.723810330404653 -4.991198733669744
13.384 -4.728801760262412 -4.991660993839738
13.385 -4.733793651410211 -4.992121313724445
13.386000000000001 -4.738786001909755 -4.992579697308607
13.387 -4.743778809826714 -4.993036148527902
13.388 -4.748772073230665 -4.993490671269579
13.389000000000001 -4.75376579019505 -4.9939432693721555
13.39 -4.758759958797125 -4.9943939466259195
13.391 -4.763754577117911 -4.994842706772708
13.392 -4.76874964324215 -4.99528955350638
13.393 -4.77374515525825 -4.99573449047262
13.394 -4.778741111258242 -4.996177521269377
13.395 -4.7837375093377315 -4.996618649446697
13.396 -4.788734347595851 -4.99705787850716
13.397 -4.79373162413521 -4.997495211905725
13.398 -4.798729337061852 -4.997930653050143
13.399000000000001 -4.803727484485202 -4.998364205300779
13.4 -4.808726064518022 -4.998795871971176
13.401 -4.813725075276366 -4.999225656327631
13.402000000000001 -4.81872451487953 -4.999653561590006
13.403 -4.823724381450004 -5.000079590931129
13.404 -4.828724673113432 -5.00050374747773
13.405000000000001 -4.833725387998558 -5.0009260343097415
13.406 -4.8387265242371855 -5.001346454461303
13.407 -4.843728079964128 -5.001765010920071
13.408 -4.848730053317163 -5.002181706628149
13.409 -4.853732442436987 -5.002596544481519
13.41 -4.858735245467171 -5.003009527330802
13.411 -4.8637384605541145 -5.003420657980863
13.412 -4.868742085846995 -5.003829939191571
13.413 -4.873746119497733 -5.0042373736771415
13.414 -4.878750559660936 -5.004642964107285
13.415000000000001 -4.883755404493863 -5.005046713106261
13.416 -4.888760652156371 -5.00544862325419
13.417 -4.893766300810876 -5.005848697085916
13.418000000000001 -4.898772348622308 -5.006246937092648
13.419 -4.9037787937580655 -5.006643345720499
13.42 -4.90878563438797 -5.007037925372179
13.421000000000001 -4.913792868684224 -5.0074306784059095
13.422 -4.918800494821367 -5.0078216071363855
13.423 -4.923808510976231 -5.008210713834619
13.424 -4.928816915327899 -5.008598000727907
13.425 -4.9338257060576565 -5.008983470000694
13.426 -4.938834881348953 -5.009367123793505
13.427 -4.943844439387358 -5.009748964204839
13.428 -4.948854378360517 -5.0101289932891095
13.429 -4.953864696458109 -5.010507213059493
13.43 -4.958875391871806 -5.010883625485035
13.431000000000001 -4.963886462795226 -5.011258232494045
13.432 -4.9688979074238935 -5.011631035971094
13.433 -4.9739097239552 -5.012002037760001
13.434000000000001 -4.978921910588357 -5.012371239661748
13.435 -4.983934465524359 -5.01273864343625
13.436 -4.988947386965935 -5.013104250801492
13.437000000000001 -4.993960673117516 -5.013468063434254
13.438 -4.998974322185186 -5.013830082970114
13.439 -5.003988332376645 -5.0141903110034525
13.44 -5.009002701901168 -5.014548749088018
13.441 -5.014017428969562 -5.014905398736579
13.442 -5.019032511794127 -5.015260261421631
13.443 -5.024047948588616 -5.015613338575
13.444 -5.029063737568193 -5.015964631588706
13.445 -5.034079876949394 -5.016314141814288
13.446 -5.039096364950087 -5.016661870563881
13.447000000000001 -5.044113199789431 -5.017007819109544
13.448 -5.049130379687838 -5.017351988684076
13.449 -5.054147902866935 -5.017694380480901
13.450000000000001 -5.059165767549521 -5.0180349956541095
13.451 -5.064183971959529 -5.018373835319085
13.452 -5.069202514321989 -5.0187109005520885
13.453 -5.074221392862989 -5.01904619239101
13.454 -5.079240605809633 -5.019379711835051
13.455 -5.084260151390007 -5.019711459845338
13.456 -5.089280027833139 -5.0200414373446405
13.457 -5.094300233368959 -5.020369645218038
13.458 -5.099320766228267 -5.020696084312571
13.459 -5.104341624642687 -5.021020755438101
13.46 -5.1093628068446355 -5.021343659366498
13.461 -5.114384311067284 -5.02166479683313
13.462 -5.119406135544519 -5.021984168535522
13.463000000000001 -5.124428278510908 -5.0223017751351735
13.464 -5.129450738201657 -5.022617617256014
13.465 -5.134473512852585 -5.022931695486341
13.466000000000001 -5.139496600700075 -5.0232440103773195
13.467 -5.144519999981046 -5.023554562444593
13.468 -5.149543708932914 -5.023863352167475
13.469 -5.154567725793554 -5.024170379989632
13.47 -5.159592048801272 -5.024475646319067
13.471 -5.164616676194761 -5.024779151528462
13.472 -5.1696416062130695 -5.025080895955089
13.473 -5.174666837095564 -5.0253808799014035
13.474 -5.179692367081899 -5.025679103634777
13.475 -5.184718194411978 -5.025975567387919
13.476 -5.18974431732592 -5.026270271359305
13.477 -5.194770734064026 -5.026563215712489
13.478 -5.19979744286674 -5.026854400577801
13.479000000000001 -5.204824441974624 -5.027143826050537
13.48 -5.209851729628316 -5.027431492193307
13.481 -5.2148793040685 -5.027717399034178
13.482000000000001 -5.219907163535872 -5.028001546568686
13.483 -5.224935306271105 -5.0282839347583845
13.484 -5.22996373051482 -5.0285645635324725
13.485 -5.234992434507548 -5.028843432786822
13.486 -5.240021416489703 -5.029120542385014
13.487 -5.245050674701543 -5.029395892157846
13.488 -5.250080207383141 -5.029669481904259
13.489 -5.255110012774355 -5.029941311390607
13.49 -5.260140089114793 -5.030211380351927
13.491 -5.265170434643779 -5.03047968849096
13.492 -5.270201047600328 -5.030746235479485
13.493 -5.2752319262231095 -5.031011020957572
13.494 -5.280263068750417 -5.0312740445342286
13.495000000000001 -5.285294473420138 -5.031535305787869
13.496 -5.290326138469724 -5.031794804265385
13.497 -5.295358062136156 -5.032052539484245
13.498000000000001 -5.3003902426559195 -5.032308510930167
13.499 -5.305422678264969 -5.03256271806015
13.5 -5.310455367198701 -5.032815160299784
13.501 -5.315488307691925 -5.033065837046216
13.502 -5.320521497978828 -5.033314747665711
13.503 -5.325554936292955 -5.033561891496323
13.504 -5.33058862086717 -5.033807267845753
13.505 -5.335622549933631 -5.034050875993832
13.506 -5.340656721723762 -5.034292715190318
13.507 -5.345691134468223 -5.0345327846576655
13.508000000000001 -5.35072578639688 -5.034771083588505
13.509 -5.35576067573878 -5.035007611148603
13.51 -5.36079580072212 -5.035242366474245
13.511000000000001 -5.3658311595742205 -5.035475348675448
13.512 -5.370866750521498 -5.03570655683275
13.513 -5.375902571789435 -5.035935990001169
13.514000000000001 -5.3809386216025565 -5.03616364720651
13.515 -5.385974898184399 -5.0363895274493125
13.516 -5.391011399757486 -5.036613629701627
13.517 -5.396048124543299 -5.036835952910159
13.518 -5.401085070762255 -5.037056495994111
13.519 -5.406122236633677 -5.037275257847004
13.52 -5.411159620375766 -5.03749223733613
13.521 -5.4161972202055795 -5.0377074333025265
13.522 -5.421235034339002 -5.0379208445622865
13.523 -5.426273060990722 -5.038132469905038
13.524000000000001 -5.431311298374205 -5.038342308096104
13.525 -5.43634974470167 -5.038550357874673
13.526 -5.44138839818406 -5.03875661795623
13.527000000000001 -5.446427257031024 -5.038961087030076
13.528 -5.451466319450887 -5.039163763762692
13.529 -5.456505583650627 -5.039364646794535
13.530000000000001 -5.4615450478358545 -5.0395637347435205
13.531 -5.466584710210781 -5.039761026202291
13.532 -5.471624568978202 -5.039956519741017
13.533 -5.476664622339469 -5.040150213905152
13.534 -5.481704868494472 -5.0403421072180885
13.535 -5.486745305641605 -5.040532198178842
13.536 -5.491785931977758 -5.040720485264798
13.537 -5.4968267456982804 -5.040906966929359
13.538 -5.501867744996969 -5.041091641604763
13.539 -5.5069089280660375 -5.041274507699455
13.540000000000001 -5.511950293096099 -5.041455563601635
13.541 -5.516991838276144 -5.041634807675302
13.542 -5.522033561793514 -5.041812238265459
13.543000000000001 -5.527075461833889 -5.041987853692739
13.544 -5.532117536581255 -5.042161652259385
13.545 -5.5371597842178915 -5.042333632243851
13.546000000000001 -5.542202202924346 -5.042503791906127
13.547 -5.547244790879415 -5.042672129483502
13.548 -5.552287546260122 -5.042838643194451
13.549 -5.557330467241701 -5.0430033312359805
13.55 -5.562373551997569 -5.043166191785698
13.551 -5.567416798699314 -5.043327223001443
13.552 -5.572460205516671 -5.043486423020556
13.553 -5.577503770617502 -5.043643789962545
13.554 -5.58254749216778 -5.043799321925463
13.555 -5.587591368331567 -5.043953016991083
13.556000000000001 -5.592635397270994 -5.044104873219356
13.557 -5.5976795771462475 -5.044254888654663
13.558 -5.602723906115545 -5.044403061320142
13.559000000000001 -5.607768382335121 -5.044549389223368
13.56 -5.612813003959206 -5.04469387035157
13.561 -5.617857769140011 -5.044836502676279
13.562000000000001 -5.622902676027708 -5.044977284149837
13.563 -5.627947722770416 -5.045116212708342
13.564 -5.632992907514177 -5.045253286270214
13.565 -5.638038228402946 -5.0453885027370715
13.566 -5.643083683578571 -5.045521859993953
13.567 -5.648129271180776 -5.0456533559091845
13.568 -5.653174989347144 -5.045782988334946
13.569 -5.658220836213104 -5.045910755107437
13.57 -5.663266809911914 -5.0460366540465635
13.571 -5.668312908574641 -5.046160682957419
13.572000000000001 -5.6733591303301525 -5.04628283962841
13.573 -5.678405473305095 -5.046403121834348
13.574 -5.683451935623884 -5.046521527333169
13.575000000000001 -5.688498515408684 -5.046638053870043
13.576 -5.693545210779397 -5.04675269917342
13.577 -5.698592019853647 -5.046865460959652
13.578 -5.703638940746768 -5.046976336928551
13.579 -5.708685971571787 -5.047085324768609
13.58 -5.713733110439409 -5.047192422151801
13.581 -5.71878035545801 -5.047297626739444
13.582 -5.723827704733616 -5.04740093617705
13.583 -5.728875156369895 -5.0475023480990036
13.584 -5.733922708468141 -5.047601860125623
13.585 -5.738970359127262 -5.0476994698653215
13.586 -5.74401810644377 -5.047795174913684
13.587 -5.749065948511765 -5.047888972854352
13.588000000000001 -5.754113883422925 -5.04798086125904
13.589 -5.759161909266495 -5.048070837687395
13.59 -5.76421002412927 -5.048158899688155
13.591000000000001 -5.7692582260955945 -5.048245044797987
13.592 -5.774306513247338 -5.048329270543387
13.593 -5.779354883663895 -5.048411574438966
13.594 -5.784403335422167 -5.048491953989958
13.595 -5.789451866596556 -5.048570406689761
13.596 -5.794500475258954 -5.0486469300232
13.597 -5.799549159478731 -5.048721521463389
13.598 -5.804597917322727 -5.048794178475688
13.599 -5.809646746855241 -5.048864898513806
13.6 -5.814695646138021 -5.048933679024447
13.601 -5.819744613230257 -5.04900051744307
13.602 -5.8247936461885725 -5.049065411198312
13.603 -5.829842743067013 -5.049128357708542
13.604000000000001 -5.834891901917038 -5.049189354385104
13.605 -5.8399411207875165 -5.04924839863024
13.606 -5.844990397724714 -5.049305487839045
13.607000000000001 -5.850039730772287 -5.049360619398269
13.608 -5.855089117971277 -5.049413790688014
13.609 -5.860138557360099 -5.049464999080133
13.61 -5.865188046974539 -5.049514241940976
13.611 -5.870237584847746 -5.04956151662816
13.612 -5.875287169010222 -5.049606820495387
13.613 -5.88033679748982 -5.049650150887056
13.614 -5.885386468311734 -5.04969150514477
13.615 -5.890436179498495 -5.049730880601132
13.616 -5.89548592906997 -5.049768274586237
13.617 -5.900535715043347 -5.049803684422066
13.618 -5.905585535433136 -5.049837107427968
13.619 -5.9106353882511655 -5.049868540916368
13.620000000000001 -5.91568527150657 -5.049897982196913
13.621 -5.920735183205794 -5.049925428573104
13.622 -5.925785121352585 -5.049950877346228
13.623000000000001 -5.930835083947987 -5.0499743258116165
13.624 -5.9358850689903395 -5.049995771263061
13.625 -5.940935074475272 -5.050015210989052
13.626 -5.945985098395702 -5.0500326422764905
13.627 -5.951035138741833 -5.050048062408106
13.628 -5.956085193501151 -5.050061468665004
13.629 -5.961135260658418 -5.050072858325038
13.63 -5.966185338195677 -5.050082228664507
13.631 -5.971235424092244 -5.050089576957323
13.632 -5.976285516324708 -5.050094900476123
13.633000000000001 -5.981335612866931 -5.050098196491658
13.634 -5.986385711690044 -5.050099462274075
13.635 -5.991435810762449 -5.050098695091854
13.636000000000001 -5.996485908049816 -5.05009589221373
13.637 -6.001536001515081 -5.050091050906825
13.638 -6.006586089118452 -5.050084168439593
13.639000000000001 -6.011636168817399 -5.050075242078719
13.64 -6.016686238566666 -5.050064269093383
13.641 -6.02173629631826 -5.050051246750828
13.642 -6.026786340021459 -5.050036172322105
13.643 -6.031836367622813 -5.050019043076011
13.644 -6.036886377066141 -5.049999856286231
13.645 -6.041936366292535 -5.049978609224654
13.646 -6.04698633324036 -5.049955299168071
13.647 -6.052036275845262 -5.049929923392962
13.648 -6.0570861920401615 -5.049902479179943
13.649000000000001 -6.062136079755262 -5.049872963811312
13.65 -6.067185936918049 -5.049841374572557
13.651 -6.072235761453299 -5.049807708752682
13.652000000000001 -6.077285551283076 -5.049771963643287
13.653 -6.0823353043267385 -5.04973413654104
13.654 -6.087385018500944 -5.049694224744762
13.655000000000001 -6.09243469171965 -5.049652225559782
13.656 -6.097484321894123 -5.049608136293408
13.657 -6.102533906932938 -5.049561954260293
13.658 -6.107583444741986 -5.0495136767778614
13.659 -6.112632933224482 -5.049463301170742
13.66 -6.1176823702809635 -5.049410824767664
13.661 -6.122731753809304 -5.049356244904402
13.662 -6.127781081704714 -5.049299558922091
13.663 -6.132830351859748 -5.049240764168689
13.664 -6.137879562164312 -5.049179857998756
13.665000000000001 -6.14292871050567 -5.049116837773792
13.666 -6.147977794768452 -5.049051700862588
13.667 -6.15302681283466 -5.048984444641431
13.668000000000001 -6.1580757625836755 -5.04891506649465
13.669 -6.16312464189227 -5.048843563814092
13.67 -6.168173448634609 -5.048769934000957
13.671000000000001 -6.173222180682266 -5.0486941744638605
13.672 -6.178270835904224 -5.048616282621686
13.673 -6.1833194121668935 -5.048536255901332
13.674 -6.188367907334114 -5.048454091740331
13.675 -6.193416319267169 -5.048369787584934
13.676 -6.198464645824792 -5.048283340892626
13.677 -6.20351288486318 -5.048194749130084
13.678 -6.208561034236002 -5.04810400977595
13.679 -6.21360909179441 -5.048011120318443
13.68 -6.218657055387052 -5.047916078258538
13.681000000000001 -6.2237049228600805 -5.047818881107267
13.682 -6.228752692057166 -5.047719526388961
13.683 -6.233800360819511 -5.047618011638738
13.684000000000001 -6.238847926985855 -5.047514334405463
13.685 -6.243895388392498 -5.047408492249579
13.686 -6.248942742873303 -5.047300482745637
13.687000000000001 -6.2539899882597165 -5.047190303480523
13.688 -6.259037122380778 -5.047077952055798
13.689 -6.264084143063134 -5.046963426086061
13.69 -6.269131048131055 -5.046846723200859
13.691 -6.274177835406449 -5.046727841043976
13.692 -6.279224502708871 -5.0466067772740315
13.693 -6.2842710478555475 -5.046483529565259
13.694 -6.289317468661383 -5.046358095606643
13.695 -6.294363762938981 -5.046230473103953
13.696 -6.299409928498657 -5.046100659778044
13.697000000000001 -6.304455963148459 -5.045968653367155
13.698 -6.309501864694177 -5.045834451625542
13.699 -6.314547630939367 -5.045698052325001
13.700000000000001 -6.319593259685365 -5.045559453254521
13.701 -6.324638748731304 -5.045418652220793
13.702 -6.329684095874133 -5.0452756470486815
13.703 -6.334729298908635 -5.045130435581103
13.704 -6.339774355627447 -5.044983015680142
13.705 -6.3448192638210745 -5.044833385226143
13.706 -6.3498640212779165 -5.044681542119832
13.707 -6.354908625784278 -5.044527484280194
13.708 -6.359953075124397 -5.044371209647861
13.709 -6.364997367080462 -5.0442127161819
13.71 -6.370041499432628 -5.044052001864021
13.711 -6.3750854699590445 -5.043889064694878
13.712 -6.380129276435872 -5.043723902698416
13.713000000000001 -6.385172916637305 -5.043556513918307
13.714 -6.390216388335594 -5.0433868964220805
13.715 -6.395259689301066 -5.043215048297683
13.716000000000001 -6.400302817302151 -5.04304096765768
13.717 -6.4053457701053995 -5.042864652635601
13.718 -6.4103885454755085 -5.042686101390439
13.719 -6.415431141175345 -5.042505312102614
13.72 -6.420473554965971 -5.042322282978988
13.721 -6.425515784606665 -5.042137012248239
13.722 -6.430557827854946 -5.041949498166477
13.723 -6.435599682466604 -5.041759739012002
13.724 -6.4406413461957195 -5.041567733091584
13.725 -6.445682816794691 -5.041373478734631
13.726 -6.450724092014261 -5.041176974299816
13.727 -6.455765169603544 -5.040978218169257
13.728 -6.460806047310049 -5.040777208754718
13.729000000000001 -6.465846722879712 -5.040573944492768
13.73 -6.470887194056917 -5.040368423849367
13.731 -6.47592745858453 -5.04016064531726
13.732000000000001 -6.480967514203923 -5.039950607417822
13.733 -6.486007358655002 -5.039738308701529
13.734 -6.491046989676242 -5.039523747746669
13.735 -6.496086405004709 -5.039306923162739
13.736 -6.501125602376091 -5.039087833586646
13.737 -6.506164579524732 -5.038866477688171
13.738 -6.511203334183659 -5.038642854164509
13.739 -6.51624186408461 -5.038416961747004
13.74 -6.521280166958073 -5.038188799194845
13.741 -6.52631824053331 -5.0379583653021935
13.742 -6.531356082538392 -5.037725658892029
13.743 -6.53639369070023 -5.037490678822667
13.744 -6.54143106274461 -5.03725342398226
13.745000000000001 -6.546468196396223 -5.037013893295116
13.746 -6.5515050893787 -5.036772085715934
13.747 -6.556541739414644 -5.036528000236392
13.748000000000001 -6.561578144225667 -5.036281635879602
13.749 -6.566614301532422 -5.036032991705844
13.75 -6.5716502090546385 -5.035782066808457
13.751 -6.576685864511158 -5.035528860317739
13.752 -6.58172126561997 -5.035273371398762
13.753 -6.586756410098249 -5.035015599253611
13.754 -6.591791295662386 -5.0347555431204984
13.755 -6.5968259200280315 -5.034493202274965
13.756 -6.601860280910129 -5.03422857602994
13.757 -6.606894376022956 -5.033961663735987
13.758000000000001 -6.611928203080158 -5.033692464782374
13.759 -6.616961759794787 -5.033420978596359
13.76 -6.621995043879346 -5.033147204645005
13.761000000000001 -6.627028053045822 -5.032871142434098
13.762 -6.632060785005729 -5.032592791509939
13.763 -6.637093237470148 -5.032312151458531
13.764000000000001 -6.642125408149764 -5.032029221907198
13.765 -6.647157294754912 -5.0317440025235936
13.766 -6.652188894995614 -5.031456493017851
13.767 -6.657220206581624 -5.031166693140915
13.768 -6.662251227222469 -5.030874602687262
13.769 -6.667281954627489 -5.030580221493021
13.77 -6.672312386505884 -5.030283549438512
13.771 -6.677342520566756 -5.029984586446905
13.772 -6.682372354519152 -5.029683332485901
13.773 -6.687401886072108 -5.029379787567407
13.774000000000001 -6.6924311129346945 -5.0290739517483045
13.775 -6.697460032816064 -5.02876582513094
13.776 -6.702488643425491 -5.02845540786306
13.777000000000001 -6.707516942472423 -5.028142700139137
13.778 -6.712544927666523 -5.027827702199547
13.779 -6.717572596717722 -5.027510414332642
13.780000000000001 -6.722599947336258 -5.02719083687317
13.781 -6.727626977232733 -5.0268689702050535
13.782 -6.7326536841181515 -5.02654481475922
13.783 -6.7376800657039775 -5.02621837101694
13.784 -6.74270611970218 -5.025889639507034
13.785 -6.74773184382528 -5.025558620809838
13.786 -6.752757235786405 -5.025225315554086
13.787 -6.757782293299339 -5.024889724420636
13.788 -6.762807014078568 -5.024551848140187
13.789 -6.767831395839337 -5.024211687495792
13.790000000000001 -6.772855436297698 -5.023869243321915
13.791 -6.777879133170568 -5.023524516505655
13.792 -6.782902484175773 -5.023177507987067
13.793000000000001 -6.787925487032108 -5.02282821875911
13.794 -6.792948139459387 -5.0224766498691675
13.795 -6.797970439178499 -5.022122802418027
13.796000000000001 -6.802992383911462 -5.021766677562127
13.797 -6.808013971381476 -5.021408276512031
13.798 -6.81303519931298 -5.021047600534991
13.799 -6.818056065431708 -5.020684650953285
13.8 -6.823076567464747 -5.020319429146696
13.801 -6.828096703140589 -5.01995193655132
13.802 -6.833116470189193 -5.019582174661119
13.803 -6.83813586634204 -5.019210145028036
13.804 -6.843154889332193 -5.018835849261999
13.805 -6.848173536894354 -5.018459289032711
13.806000000000001 -6.853191806764922 -5.018080466068086
13.807 -6.858209696682059 -5.017699382157262
13.808 -6.863227204385741 -5.017316039148214
13.809000000000001 -6.868244327617827 -5.016930438951383
13.81 -6.873261064122112 -5.0165425835367685
13.811 -6.878277411644397 -5.016152474937895
13.812000000000001 -6.883293367932546 -5.015760115248924
13.813 -6.888308930736546 -5.015365506628206
13.814 -6.893324097808576 -5.014968651296107
13.815 -6.898338866903068 -5.014569551537768
13.816 -6.903353235776771 -5.014168209701595
13.817 -6.9083672021888125 -5.013764628201613
13.818 -6.913380763900769 -5.013358809516135
13.819 -6.9183939186767285 -5.012950756190084
13.82 -6.9234066642833545 -5.0125404708335735
13.821 -6.928418998489955 -5.012127956124554
13.822000000000001 -6.933430919068552 -5.011713214806713
13.823 -6.938442423793942 -5.011296249693169
13.824 -6.943453510443769 -5.010877063663199
13.825000000000001 -6.948464176798592 -5.0104556596668965
13.826 -6.953474420641953 -5.010032040721275
13.827 -6.958484239760449 -5.009606209915375
13.828 -6.963493631943797 -5.009178170406005
13.829 -6.9685025949849075 -5.008747925422983
13.83 -6.973511126679959 -5.008315478265172
13.831 -6.978519224828462 -5.007880832305039
13.832 -6.983526887233335 -5.0074439909855055
13.833 -6.988534111700979 -5.007004957823814
13.834 -6.993540896041345 -5.006563736408938
13.835 -6.998547238068014 -5.006120330404899
13.836 -7.003553135598264 -5.005674743548787
13.837 -7.008558586453151 -5.005226979653451
13.838000000000001 -7.013563588457578 -5.0047770426061655
13.839 -7.018568139440376 -5.0043249363705975
13.84 -7.023572237234377 -5.003870664986298
13.841000000000001 -7.02857587967649 -5.003414232569827
13.842 -7.03357906460778 -5.002955643315056
13.843 -7.038581789873546 -5.002494901493484
13.844 -7.043584053323395 -5.00203201145539
13.845 -7.048585852811326 -5.001566977629297
13.846 -7.053587186195805 -5.001099804523926
13.847 -7.058588051339847 -5.000630496726924
13.848 -7.063588446111096 -5.000159058907531
13.849 -7.068588368381903 -4.999685495814624
13.85 -7.073587816029411 -4.999209812279985
13.851 -7.078586786935635 -4.9987320132158874
13.852 -7.083585278987544 -4.998252103618627
13.853 -7.088583290077144 -4.99777008856611
13.854000000000001 -7.093580818101562 -4.997285973221148
13.855 -7.098577860963127 -4.99679976282936
13.856 -7.10357441656946 -4.99631146272224
13.857000000000001 -7.108570482833552 -4.995821078315174
13.858 -7.113566057673855 -4.995328615110423
13.859 -7.118561139014365 -4.994834078695288
13.86 -7.12355572478471 -4.994337474744865
13.861 -7.1285498129202365 -4.993838809020492
13.862 -7.133543401362094 -4.993338087372186
13.863 -7.138536488057329 -4.99283531573744
13.864 -7.143529070958968 -4.992330500143312
13.865 -7.14852114802611 -4.9918236467055195
13.866 -7.153512717224015 -4.991314761630313
13.867 -7.158503776524194 -4.990803851213712
13.868 -7.163494323904499 -4.990290921843271
13.869 -7.168484357349215 -4.989775979997446
13.870000000000001 -7.173473874849154 -4.989259032247181
13.871 -7.178462874401744 -4.98874008525545
13.872 -7.183451354011119 -4.9882191457787615
13.873000000000001 -7.188439311688222 -4.987696220666668
13.874 -7.193426745450888 -4.987171316863332
13.875 -7.198413653323947 -4.986644441407067
13.876 -7.203400033339312 -4.98611560143171
13.877 -7.208385883536079 -4.985584804166474
13.878 -7.213371201960621 -4.985052056936988
13.879 -7.218355986666686 -4.984517367165423
13.88 -7.223340235715491 -4.983980742371361
13.881 -7.228323947175823 -4.9834421901719805
13.882 -7.2333071191241345 -4.982901718282888
13.883000000000001 -7.238289749644644 -4.982359334518456
13.884 -7.243271836829432 -4.981815046792323
13.885 -7.248253378778546 -4.981268863118153
13.886000000000001 -7.253234373600094 -4.980720791609754
13.887 -7.258214819410349 -4.980170840482088
13.888 -7.26319471433385 -4.9796190180512845
13.889000000000001 -7.268174056503504 -4.97906533273563
13.89 -7.273152844060687 -4.978509793055671
13.891 -7.278131075155345 -4.977952407635083
13.892 -7.283108747946104 -4.977393185200885
13.893 -7.288085860600365 -4.976832134584218
13.894 -7.293062411294414 -4.9762692647206155
13.895 -7.2980383982135235 -4.975704584650743
13.896 -7.303013819552062 -4.97513810352071
13.897 -7.307988673513594 -4.974569830582705
13.898 -7.312962958310993 -4.973999775195505
13.899000000000001 -7.317936672166542 -4.973427946824812
13.9 -7.322909813312046 -4.972854355044113
13.901 -7.327882379988934 -4.972279009534665
13.902000000000001 -7.332854370448374 -4.971701920086624
13.903 -7.337825782951377 -4.971123096598863
13.904 -7.342796615768908 -4.970542549080174
13.905000000000001 -7.347766867181995 -4.969960287649079
13.906 -7.352736535481841 -4.969376322534945
13.907 -7.357705618969934 -4.9687906640779635
13.908 -7.362674115958157 -4.968203322730028
13.909 -7.367642024768901 -4.967614309054967
13.91 -7.372609343735177 -4.967023633729174
13.911 -7.37757607120073 -4.966431307542037
13.912 -7.382542205520151 -4.965837341396419
13.913 -7.38750774505899 -4.965241746309172
13.914 -7.3924726881938705 -4.964644533411573
13.915000000000001 -7.397437033312606 -4.96404571394984
13.916 -7.4024007788143145 -4.9634452992855715
13.917 -7.407363923109531 -4.962843300896249
13.918000000000001 -7.412326464620329 -4.9622397303756705
13.919 -7.417288401780432 -4.961634599434459
13.92 -7.422249733035334 -4.961027919900479
13.921000000000001 -7.427210456842416 -4.960419703719338
13.922 -7.432170571671062 -4.95980996295482
13.923 -7.437130076002781 -4.959198709789337
13.924 -7.442088968331323 -4.958585956524417
13.925 -7.447047247162799 -4.9579717155810865
13.926 -7.452004911015802 -4.957355999500398
13.927 -7.456961958421525 -4.956738820943789
13.928 -7.461918387923885 -4.956120192693594
13.929 -7.46687419807964 -4.955500127653424
13.93 -7.471829387458512 -4.954878638848638
13.931000000000001 -7.476783954643311 -4.95425573942674
13.932 -7.481737898230056 -4.95363144265784
13.933 -7.486691216828097 -4.953005761935025
13.934000000000001 -7.491643909060239 -4.952378710774838
13.935 -7.496595973562864 -4.951750302817638
13.936 -7.501547408986058 -4.9511205518280335
13.937000000000001 -7.506498213993734 -4.950489471695307
13.938 -7.511448387263757 -4.949857076433747
13.939 -7.516397927488066 -4.949223380183176
13.94 -7.521346833372808 -4.94858839720914
13.941 -7.526295103638455 -4.947952141903593
13.942 -7.531242737019935 -4.9473146287848735
13.943 -7.536189732266757 -4.946675872498611
13.944 -7.5411360881431415 -4.946035887817464
13.945 -7.546081803428144 -4.9453946896422325
13.946 -7.551026876915785 -4.944752293001381
13.947000000000001 -7.555971307415177 -4.944108713052334
13.948 -7.560915093750657 -4.943463965080826
13.949 -7.565858234761909 -4.9428180645023
13.950000000000001 -7.5708007293041 -4.942171026861194
13.951 -7.575742576248004 -4.9415228678323375
13.952 -7.5806837744801365 -4.940873603220253
13.953 -7.585624322902883 -4.940223248960452
13.954 -7.590564220434628 -4.93957182111892
13.955 -7.59550346600989 -4.938919335893122
13.956 -7.600442058579449 -4.938265809611768
13.957 -7.6053799971104805 -4.937611258735544
13.958 -7.610317280586686 -4.936955699857138
13.959 -7.615253908008426 -4.936299149701597
13.96 -7.620189878392853 -4.935641625126847
13.961 -7.625125190774043 -4.9349831431234
13.962 -7.6300598442031315 -4.934323720815566
13.963000000000001 -7.634993837748442 -4.933663375460471
13.964 -7.639927170495623 -4.933002124449813
13.965 -7.644859841547783 -4.93233998530846
13.966000000000001 -7.64979185002562 -4.931676975696474
13.967 -7.654723195067562 -4.931013113407548
13.968 -7.659653875829896 -4.930348416370991
13.969 -7.664583891486908 -4.929682902650301
13.97 -7.669513241231013 -4.929016590445014
13.971 -7.6744419242728945 -4.928349498089247
13.972 -7.679369939841638 -4.927681644053666
13.973 -7.684297287184865 -4.927013046943851
13.974 -7.689223965568875 -4.92634372550237
13.975 -7.694149974278775 -4.925673698607087
13.976 -7.6990753126186195 -4.9250029852731485
13.977 -7.703999979911545 -4.924331604651492
13.978 -7.708923975499909 -4.92365957603052
13.979000000000001 -7.713847298745425 -4.922986918834816
13.98 -7.7187699490293005 -4.922313652626716
13.981 -7.723691925752371 -4.9216397971050965
13.982000000000001 -7.728613228335243 -4.920965372106633
13.983 -7.733533856218427 -4.920290397605152
13.984 -7.7384538088624755 -4.919614893712079
13.985 -7.743373085748122 -4.918938880676673
13.986 -7.748291686376419 -4.918262378885498
13.987 -7.753209610268873 -4.917585408863681
13.988 -7.758126856967585 -4.916907991273233
13.989 -7.763043426035387 -4.916230146915432
13.99 -7.767959317055982 -4.915551896728058
13.991 -7.772874529634078 -4.914873261788752
13.992 -7.777789063395531 -4.914194263311325
13.993 -7.782702917987481 -4.913514922649781
13.994 -7.787616093078489 -4.9128352612942905
13.995000000000001 -7.792528588358676 -4.912155300875137
13.996 -7.797440403539864 -4.9114750631589965
13.997 -7.802351538355708 -4.9107945700523645
13.998000000000001 -7.807261992561839 -4.9101138435984675
13.999 -7.812171765936004 -4.90943290597986
14.0 -7.817080858278196 -4.9087517795162245
14.001 -7.821989269410801 -4.908070486666043
14.002 -7.82689699917873 -4.907389050025198
14.003 -7.83180404744956 -4.906707492327924
14.004 -7.836710414113671 -4.9060258364459735
14.005 -7.841616099084384 -4.905344105388946
14.006 -7.846521102298098 -4.904662322304198
14.007 -7.851425423714428 -4.903980510476237
14.008000000000001 -7.856329063316341 -4.903298693327493
14.009 -7.861232021110298 -4.902616894416982
14.01 -7.866134297126385 -4.901935137441492
14.011000000000001 -7.871035891418454 -4.901253446234152
14.012 -7.875936804064259 -4.900571844765287
14.013 -7.880837035165593 -4.89989035714142
14.014000000000001 -7.885736584848422 -4.8992090076058945
14.015 -7.890635453263024 -4.898527820537615
14.016 -7.895533640584126 -4.897846820452123
14.017 -7.900431147011034 -4.897166031999915
14.018 -7.905327972767777 -4.896485479967709
14.019 -7.910224118103236 -4.895805189276584
14.02 -7.91511958329128 -4.895125184983451
14.021 -7.920014368630903 -4.894445492278868
14.022 -7.924908474446357 -4.8937661364887255
14.023 -7.929801901087286 -4.893087143071898
14.024000000000001 -7.93469464892886 -4.89240853762203
14.025 -7.9395867183719115 -4.891730345865028
14.026 -7.944478109843063 -4.891052593660742
14.027000000000001 -7.949368823794861 -4.890375307000969
14.028 -7.954258860705916 -4.8896985120101135
14.029 -7.959148221081024 -4.889022234944346
14.030000000000001 -7.9640369054513025 -4.88834650219118
14.031 -7.968924914374327 -4.8876713402692955
14.032 -7.9738122484342515 -4.886996775827842
14.033 -7.978698908241948 -4.886322835646115
14.034 -7.98358489443513 -4.885649546633184
14.035 -7.9884702076784855 -4.884976935827022
14.036 -7.993354848663806 -4.884305030394654
14.037 -7.998238818110113 -4.883633857630844
14.038 -8.003122116763787 -4.8829634449585475
14.039 -8.008004745398694 -4.882293819927113
14.040000000000001 -8.012886704816314 -4.881625010213242
14.041 -8.017767995845865 -4.880957043618755
14.042 -8.022648619344434 -4.8802899480716855
14.043000000000001 -8.02752857619709 -4.87962375162416
14.044 -8.032407867317024 -4.878958482452907
14.045 -8.037286493645663 -4.8782941688579715
14.046000000000001 -8.042164456152793 -4.877630839262328
14.047 -8.04704175583669 -4.876968522211194
14.048 -8.051918393724229 -4.8763072463710815
14.049 -8.056794370871017 -4.875647040529924
14.05 -8.061669688361507 -4.874987933594834
14.051 -8.066544347309117 -4.874329954593251
14.052 -8.071418348856355 -4.873673132670478
14.053 -8.076291694174932 -4.873017497090181
14.054 -8.08116438446588 -4.872363077232877
14.055 -8.086036420959674 -4.8717099025952155
14.056000000000001 -8.090907804916338 -4.871058002789837
14.057 -8.095778537625566 -4.8704074075431025
14.058 -8.10064862040684 -4.869758146696341
14.059000000000001 -8.105518054609536 -4.869110250202365
14.06 -8.110386841613042 -4.868463748127461
14.061 -8.115254982826864 -4.867818670647596
14.062000000000001 -8.120122479690739 -4.867175048050453
14.063 -8.12498933367475 -4.866532910731048
14.064 -8.129855546279426 -4.865892289194936
14.065 -8.13472111903586 -4.865253214052675
14.066 -8.139586053505802 -4.864615716023265
14.067 -8.144450351281778 -4.863979825929104
14.068 -8.149314013987187 -4.863345574698451
14.069 -8.154177043276407 -4.862712993361579
14.07 -8.159039440834901 -4.862082113051633
14.071 -8.163901208379311 -4.8614529650025196
14.072000000000001 -8.168762347657568 -4.860825580548166
14.073 -8.173622860448981 -4.860199991121274
14.074 -8.178482748564344 -4.859576228252371
14.075000000000001 -8.183342013846028 -4.8589543235682635
14.076 -8.188200658168078 -4.85833430879146
14.077 -8.193058683436313 -4.857716215737959
14.078000000000001 -8.197916091588409 -4.857100076317674
14.079 -8.202772884594001 -4.85648592253101
14.08 -8.207629064454768 -4.855873786469942
14.081 -8.212484633204525 -4.8552637003145005
14.082 -8.217339592909314 -4.854655696333607
14.083 -8.222193945667486 -4.854049806881544
14.084 -8.227047693609792 -4.8534460643991615
14.085 -8.231900838899461 -4.8528445014095825
14.086 -8.236753383732292 -4.852245150519768
14.087 -8.241605330336728 -4.851648044416706
14.088000000000001 -8.246456680973939 -4.851053215867724
14.089 -8.251307437937902 -4.850460697717741
14.09 -8.256157603555478 -4.849870522888808
14.091000000000001 -8.261007180186485 -4.849282724378264
14.092 -8.26585617022378 -4.848697335256502
14.093 -8.27070457609332 -4.84811438866782
14.094 -8.275552400254249 -4.847533917824006
14.095 -8.28039964519895 -4.8469559560110556
14.096 -8.285246313453131 -4.846380536575681
14.097 -8.290092407575878 -4.845807692938638
14.098 -8.294937930159728 -4.8452374585761095
14.099 -8.299782883830732 -4.844669867036342
14.1 -8.30462727124851 -4.844104951918811
14.101 -8.309471095106321 -4.84354274689253
14.102 -8.314314358131114 -4.842983285673482
14.103 -8.319157063083585 -4.842426602044773
14.104000000000001 -8.32399921275824 -4.841872729831498
14.105 -8.328840809983442 -4.841321702924424
14.106 -8.333681857621457 -4.84077355525069
14.107000000000001 -8.338522358568515 -4.840228320800959
14.108 -8.34336231575485 -4.839686033597991
14.109 -8.348201732144755 -4.839146727723886
14.11 -8.35304061073661 -4.838610437291293
14.111 -8.357878954562942 -4.838077196464578
14.112 -8.362716766690452 -4.837547039439217
14.113 -8.367554050220065 -4.837020000455416
14.114 -8.372390808286953 -4.836496113781609
14.115 -8.377227044060584 -4.835975413727485
14.116 -8.382062760744743 -4.835457934626099
14.117 -8.386897961577569 -4.834943710848507
14.118 -8.39173264983158 -4.834432776784508
14.119 -8.396566828813702 -4.833925166858282
14.120000000000001 -8.401400501865293 -4.833420915508139
14.121 -8.406233672362163 -4.832920057202702
14.122 -8.411066343714594 -4.832422626421193
14.123000000000001 -8.415898519367365 -4.831928657667136
14.124 -8.420730202799758 -4.8314381854524715
14.125 -8.425561397525577 -4.830951244307695
14.126 -8.430392107093162 -4.8304678687673155
14.127 -8.43522233508539 -4.829988093381118
14.128 -8.440052085119689 -4.829511952697048
14.129 -8.44488136084804 -4.829039481274152
14.13 -8.449710165956983 -4.828570713665866
14.131 -8.454538504167612 -4.828105684431372
14.132 -8.459366379235574 -4.82764442811936
14.133000000000001 -8.464193794951067 -4.827186979280347
14.134 -8.469020755138832 -4.82673337244913
14.135 -8.47384726365814 -4.826283642157497
14.136000000000001 -8.47867332440279 -4.8258378229170855
14.137 -8.483498941301082 -4.825395949231133
14.138 -8.488324118315813 -4.824958055578596
14.139000000000001 -8.493148859444245 -4.824524176423817
14.14 -8.497973168718097 -4.82409434620414
14.141 -8.50279705020351 -4.823668599333119
14.142 -8.507620508001025 -4.82324697019868
14.143 -8.512443546245557 -4.822829493152089
14.144 -8.517266169106355 -4.82241620252121
14.145 -8.522088380786975 -4.822007132586885
14.146 -8.526910185525244 -4.821602317603072
14.147 -8.531731587593212 -4.821201791772443
14.148 -8.536552591297115 -4.820805589264
14.149000000000001 -8.54137320097733 -4.820413744191181
14.15 -8.546193421008335 -4.820026290626419
14.151 -8.55101325579864 -4.81964326258481
14.152000000000001 -8.555832709790751 -4.819264694030934
14.153 -8.560651787461111 -4.8188906188696174
14.154 -8.565470493320033 -4.818521070947136
14.155000000000001 -8.570288831911649 -4.818156084047569
14.156 -8.575106807813837 -4.817795691886259
14.157 -8.579924425638165 -4.817439928116955
14.158 -8.584741690029807 -4.817088826312101
14.159 -8.589558605667488 -4.816742419982736
14.16 -8.59437517726339 -4.816400742547507
14.161 -8.599191409563083 -4.816063827365254
14.162 -8.60400730734545 -4.815731707685581
14.163 -8.608822875422588 -4.815404416705622
14.164 -8.613638118639733 -4.815081987494738
14.165000000000001 -8.618453041875163 -4.814764453073769
14.166 -8.623267650040109 -4.814451846324297
14.167 -8.628081948078657 -4.814144200074197
14.168000000000001 -8.632895940967648 -4.813841547008154
14.169 -8.637709633716577 -4.813543919748764
14.17 -8.642523031367487 -4.813251350770747
14.171000000000001 -8.647336138994861 -4.812963872478876
14.172 -8.652148961705514 -4.812681517127491
14.173 -8.656961504638472 -4.812404316889228
14.174 -8.661773772964859 -4.812132303786832
14.175 -8.666585771887773 -4.811865509747911
14.176 -8.671397506642165 -4.811603966550969
14.177 -8.676208982494716 -4.81134770586551
14.178 -8.681020204743696 -4.8110967592145775
14.179 -8.685831178718837 -4.810851157995818
14.18 -8.6906419097812 -4.810610933463848
14.181000000000001 -8.695452403323028 -4.8103761167321775
14.182 -8.700262664767603 -4.810146738774386
14.183 -8.705072699569111 -4.80992283040602
14.184000000000001 -8.70988251321248 -4.809704422306183
14.185 -8.714692111213234 -4.809491544982331
14.186 -8.719501499117326 -4.80928422880212
14.187000000000001 -8.724310682500999 -4.809082503955382
14.188 -8.729119666970604 -4.808886400481441
14.189 -8.733928458162444 -4.808695948242467
14.19 -8.7387370617426 -4.808511176934498
14.191 -8.743545483406768 -4.808332116079429
14.192 -8.748353728880065 -4.808158795016157
14.193 -8.753161803916871 -4.807991242912696
14.194 -8.757969714300627 -4.807829488738199
14.195 -8.76277746584366 -4.8076735612928845
14.196 -8.767585064386994 -4.807523489162057
14.197000000000001 -8.772392515800153 -4.8073793007651755
14.198 -8.77719982598096 -4.807241024290559
14.199 -8.782007000855351 -4.807108687762125
14.200000000000001 -8.786814046377163 -4.806982318957919
14.201 -8.791620968527925 -4.80686194549342
14.202 -8.796427773316653 -4.80674759472118
14.203000000000001 -8.801234466779636 -4.806639293835614
14.204 -8.806041054980218 -4.806537069750852
14.205 -8.810847544008576 -4.806440949222673
14.206 -8.815653939981498 -4.806350958718494
14.207 -8.820460249042158 -4.806267124535475
14.208 -8.825266477359882 -4.806189472686142
14.209 -8.830072631129914 -4.8061180289909835
14.21 -8.834878716573177 -4.806052818995437
14.211 -8.83968473993604 -4.805993868029889
14.212 -8.844490707490058 -4.805941201156292
14.213000000000001 -8.84929662553174 -4.805894843205142
14.214 -8.854102500382286 -4.805854818736183
14.215 -8.858908338387339 -4.805821152068086
14.216000000000001 -8.863714145916722 -4.805793867246382
14.217 -8.868519929364174 -4.805772988059925
14.218 -8.873325695147091 -4.805758538029596
14.219 -8.878131449706249 -4.805750540398019
14.22 -8.882937199505536 -4.805749018148198
14.221 -8.887742951031674 -4.805753993963506
14.222 -8.892548710793944 -4.805765490271717
14.223 -8.897354485323893 -4.805783529187533
14.224 -8.902160281175057 -4.805808132565576
14.225 -8.906966104922663 -4.805839321940362
14.226 -8.911771963163341 -4.805877118577067
14.227 -8.916577862514822 -4.805921543419161
14.228 -8.921383809615639 -4.805972617124998
14.229000000000001 -8.926189811124827 -4.806030360034364
14.23 -8.930995873721606 -4.806094792185598
14.231 -8.935802004105078 -4.80616593329965
14.232000000000001 -8.940608208993908 -4.806243802782617
14.233 -8.945414495126007 -4.806328419719555
14.234 -8.95022086925821 -4.806419802873556
14.235 -8.955027338165948 -4.806517970678394
14.236 -8.959833908642926 -4.806622941240751
14.237 -8.964640587500783 -4.806734732328878
14.238 -8.969447381568763 -4.806853361378545
14.239 -8.97425429769337 -4.80697884548161
14.24 -8.979061342738033 -4.807111201386259
14.241 -8.983868523582752 -4.807250445494145
14.242 -8.988675847123755 -4.8073965938549
14.243 -8.99348332027314 -4.807549662164203
14.244 -8.998290949958527 -4.807709665759548
14.245000000000001 -9.003098743122687 -4.80787661961804
14.246 -9.007906706723185 -4.808050538351943
14.247 -9.01271484773202 -4.808231436203705
14.248000000000001 -9.017523173135247 -4.808419327049797
14.249 -9.022331689932605 -4.808614224384334
14.25 -9.027140405137144 -4.80881614133344
14.251 -9.031949325774846 -4.809025090630077
14.252 -9.036758458884236 -4.809241084636726
14.253 -9.041567811516005 -4.80946413531325
14.254 -9.046377390732612 -4.809694254243951
14.255 -9.051187203607899 -4.809931452604324
14.256 -9.05599725722669 -4.810175741183994
14.257 -9.060807558684392 -4.810427130366121
14.258000000000001 -9.065618115086597 -4.810685630130569
14.259 -9.070428933548676 -4.810951250053279
14.26 -9.075240021195366 -4.811223999295058
14.261000000000001 -9.080051385160361 -4.811503886612044
14.262 -9.0848630325859 -4.811790920330942
14.263 -9.089674970622344 -4.812085108375846
14.264000000000001 -9.094487206427761 -4.812386458230816
14.265 -9.099299747167496 -4.812694976971748
14.266 -9.104112600013751 -4.813010671229065
14.267 -9.108925772145149 -4.813333547219442
14.268 -9.113739270746303 -4.813663610707375
14.269 -9.11855310300738 -4.814000867035238
14.27 -9.123367276123668 -4.814345321096107
14.271 -9.12818179729512 -4.814696977342152
14.272 -9.132996673725927 -4.815055839782302
14.273 -9.13781191262406 -4.815421911970779
14.274000000000001 -9.142627521200819 -4.815795197018632
14.275 -9.147443506670387 -4.816175697572127
14.276 -9.152259876249369 -4.816563415832825
14.277000000000001 -9.157076637156333 -4.816958353525357
14.278 -9.161893796611352 -4.817360511938746
14.279 -9.166711361835539 -4.817769891854688
14.280000000000001 -9.17152934005058 -4.818186493645546
14.281 -9.176347738478261 -4.818610317141622
14.282 -9.181166564340009 -4.819041361781166
14.283 -9.1859858248564 -4.819479626437295
14.284 -9.190805527246699 -4.8199251096021944
14.285 -9.195625678728364 -4.820377809187066
14.286 -9.200446286516579 -4.820837722718887
14.287 -9.205267357823763 -4.821304847145032
14.288 -9.210088899859082 -4.821779179011973
14.289 -9.214910919827966 -4.822260714300072
14.290000000000001 -9.219733424931611 -4.8227494485608124
14.291 -9.224556422366488 -4.823245376798772
14.292 -9.22937991932385 -4.823748493565429
14.293000000000001 -9.23420392298923 -4.8242587928728415
14.294 -9.239028440541945 -4.824776268276244
14.295 -9.243853479154588 -4.8253009127731215
14.296000000000001 -9.248679045992528 -4.825832718920362
14.297 -9.253505148213405 -4.826371678695344
14.298 -9.258331792966617 -4.826917783643804
14.299 -9.26315898739281 -4.827471024714921
14.3 -9.267986738623373 -4.828031392440106
14.301 -9.272815053779908 -4.828598876726795
14.302 -9.277643939973737 -4.8291734670908815
14.303 -9.282473404305358 -4.829755152385612
14.304 -9.287303453863952 -4.830343921103635
14.305 -9.292134095726835 -4.83093976104524
14.306000000000001 -9.29696533695896 -4.831542659661136
14.307 -9.30179718461237 -4.832152603703342
14.308 -9.30662964572569 -4.832769579565441
14.309000000000001 -9.31146272732359 -4.833393572950768
14.31 -9.316296436416255 -4.834024569184338
14.311 -9.321130779998857 -4.834662552924318
14.312000000000001 -9.325965765051023 -4.8353075084107475
14.313 -9.330801398536304 -4.835959419253044
14.314 -9.335637687401631 -4.836618268611452
14.315 -9.340474638576788 -4.837284039026198
14.316 -9.345312258973877 -4.837956712582982
14.317 -9.350150555486769 -4.838636270747081
14.318 -9.35498953499057 -4.839322694521933
14.319 -9.359829204341086 -4.840015964295252
14.32 -9.364669570374268 -4.8407160599836185
14.321 -9.369510639905686 -4.841422960893928
14.322000000000001 -9.37435241972997 -4.842136645850631
14.323 -9.37919491662028 -4.842857093080155
14.324 -9.38403813732775 -4.843584280306543
14.325000000000001 -9.388882088580946 -4.844318184675609
14.326 -9.39372677708532 -4.8450587828082865
14.327 -9.398572209522662 -4.845806050765593
14.328000000000001 -9.403418392550558 -4.846559964063398
14.329 -9.40826533280183 -4.847320497675947
14.33 -9.413113036883999 -4.848087626012736
14.331 -9.417961511378726 -4.848861322959283
14.332 -9.422810762841271 -4.849641561815486
14.333 -9.427660797799941 -4.850428315376297
14.334 -9.432511622755534 -4.8512215558365845
14.335 -9.437363244180798 -4.852021254891305
14.336 -9.442215668519871 -4.85282738363941
14.337 -9.447068902187741 -4.853639912665469
14.338000000000001 -9.451922951569687 -4.854458811976601
14.339 -9.456777823020731 -4.855284051051808
14.34 -9.46163352286509 -4.856115598797933
14.341000000000001 -9.466490057395623 -4.856953423595652
14.342 -9.47134743287328 -4.8577974932478085
14.343 -9.476205655526558 -4.858647775041636
14.344 -9.481064731550944 -4.859504235673524
14.345 -9.485924667108376 -4.860366841338796
14.346 -9.490785468326681 -4.861235557635368
14.347 -9.495647141299038 -4.862110349659252
14.348 -9.500509692083426 -4.862991181918301
14.349 -9.505373126702079 -4.863878018409216
14.35 -9.510237451140933 -4.864770822553004
14.351 -9.515102671349096 -4.865669557251861
14.352 -9.519968793238283 -4.866574184837719
14.353 -9.52483582268229 -4.867484667128125
14.354000000000001 -9.52970376551644 -4.8684009653640326
14.355 -9.534572627537045 -4.8693230402855425
14.356 -9.539442414500868 -4.870250852046066
14.357000000000001 -9.54431313212458 -4.871184360311845
14.358 -9.549184786084219 -4.872123524154483
14.359 -9.554057382014658 -4.873068302168408
14.36 -9.558930925509067 -4.874018652354231
14.361 -9.563805422118376 -4.874974532232957
14.362 -9.568680877350747 -4.875935898743022
14.363 -9.573557296671037 -4.876902708341251
14.364 -9.57843468550027 -4.877874916903229
14.365 -9.58331304921511 -4.878852479832174
14.366 -9.588192393147333 -4.879835351947745
14.367 -9.5930727225833 -4.880823487604434
14.368 -9.597954042763435 -4.881816840572941
14.369 -9.602836358881708 -4.882815364169046
14.370000000000001 -9.607719676085107 -4.883819011118411
14.371 -9.612603999473128 -4.884827733708445
14.372 -9.617489334097254 -4.88584148362817
14.373000000000001 -9.622375684960446 -4.886860212143442
14.374 -9.627263057016629 -4.88788386991474
14.375 -9.632151455170185 -4.888912407197976
14.376 -9.637040884275445 -4.8899457736327605
14.377 -9.641931349136183 -4.890983918469727
14.378 -9.64682285450512 -4.892026790349757
14.379 -9.651715405083417 -4.893074337510757
14.38 -9.656609005520188 -4.894126507621111
14.381 -9.661503660411993 -4.895183247907423
14.382 -9.66639937430236 -4.89624450507447
14.383000000000001 -9.671296151681286 -4.8973102253572
14.384 -9.676193996984757 -4.898380354498935
14.385 -9.681092914594261 -4.899454837761917
14.386000000000001 -9.68599290883631 -4.900533619931439
14.387 -9.690893983981963 -4.901616645317422
14.388 -9.695796144246353 -4.902703857751485
14.389000000000001 -9.700699393788213 -4.903795200607104
14.39 -9.705603736709408 -4.904890616778015
14.391 -9.710509177054476 -4.905990048707562
14.392 -9.715415718810158 -4.907093438368854
14.393 -9.720323365904951 -4.908200727287999
14.394 -9.725232122208642 -4.909311856528637
14.395 -9.730141991531863 -4.9104267667177846
14.396 -9.735052977625644 -4.911545398018667
14.397 -9.739965084180968 -4.912667690176759
14.398 -9.744878314828327 -4.913793582467625
14.399000000000001 -9.749792673137295 -4.914923013770684
14.4 -9.754708162616085 -4.916055922489983
14.401 -9.759624786711122 -4.917192246650539
14.402000000000001 -9.764542548806626 -4.918331923806908
14.403 -9.769461452224176 -4.91947489113449
14.404 -9.77438150022231 -4.920621085366897
14.405000000000001 -9.779302695996098 -4.921770442835992
14.406 -9.784225042676741 -4.922922899473772
14.407 -9.789148543331162 -4.924078390790836
14.408 -9.794073200961607 -4.925236851922137
14.409 -9.79899901850525 -4.926398217589874
14.41 -9.803925998833794 -4.927562422133237
14.411 -9.808854144753097 -4.928729399513658
14.412 -9.81378345900277 -4.929899083289514
14.413 -9.818713944255821 -4.931071406676871
14.414 -9.823645603118257 -4.932246302475518
14.415000000000001 -9.82857843812873 -4.933423703172713
14.416 -9.833512451758171 -4.934603540827322
14.417 -9.838447646409419 -4.93578574721232
14.418000000000001 -9.843384024416881 -4.936970253677819
14.419 -9.848321588046165 -4.938156991284851
14.42 -9.85326033949375 -4.939345890707536
14.421000000000001 -9.85820028088663 -4.9405368823059534
14.422 -9.863141414281989 -4.941729896099254
14.423 -9.868083741666865 -4.942924861773982
14.424 -9.873027264957825 -4.944121708701741
14.425 -9.877971986000642 -4.94532036592677
14.426 -9.88291790656998 -4.946520762188652
14.427 -9.88786502836909 -4.947722825907638
14.428 -9.89281335302949 -4.948926485218129
14.429 -9.89776288211068 -4.950131667931728
14.43 -9.902713617099838 -4.951338301601419
14.431000000000001 -9.907665559411532 -4.952546313453559
14.432 -9.912618710387438 -4.95375563047584
14.433 -9.917573071296058 -4.954966179335094
14.434000000000001 -9.922528643332448 -4.9561778864733235
14.435 -9.927485427617954 -4.957390678022946
14.436 -9.932443425199944 -4.958604479898636
14.437000000000001 -9.937402637051553 -4.959819217720295
14.438 -9.942363064071435 -4.96103481690439
14.439 -9.947324707083512 -4.962251202573479
14.44 -9.95228756683674 -4.963468299669601
14.441 -9.95725164400487 -4.964686032846616
14.442 -9.962216939186225 -4.9659043265862435
14.443 -9.967183452903475 -4.967123105104221
14.444 -9.972151185603417 -4.968342292441843
14.445 -9.977120137656772 -4.969561812400786
14.446 -9.982090309357973 -4.97078158860568
14.447000000000001 -9.987061700924972 -4.972001544467766
14.448 -9.99203431249904 -4.973221603217079
14.449 -9.997008144144587 -4.974441687902474
14.450000000000001 -10.001983195848977 -4.975661721379721
14.451 -10.006959467522357 -4.976881626358613
14.452 -10.011936958997481 -4.97810132534793
14.453000000000001 -10.016915670029558 -4.979320740742897
14.454 -10.021895600296084 -4.980539794727593
14.455 -10.026876749396703 -4.98175840940833
14.456 -10.03185911685305 -4.982976506667238
14.457 -10.036842702108629 -4.984194008351181
14.458 -10.04182750452866 -4.985410836060791
14.459 -10.046813523399978 -4.986626911406188
14.46 -10.051800757930893 -4.987842155741567
14.461 -10.056789207251091 -4.989056490454335
14.462 -10.061778870411514 -4.990269836682841
14.463000000000001 -10.066769746384276 -4.991482115618044
14.464 -10.071761834062553 -4.992693248204707
14.465 -10.07675513226051 -4.993903155461339
14.466000000000001 -10.081749639713205 -4.995111758169678
14.467 -10.086745355076525 -4.996318977199711
14.468 -10.09174227692711 -4.9975247331933685
14.469 -10.0967404037623 -4.998728946897499
14.47 -10.10173973400007 -4.999931538843106
14.471 -10.106740265978983 -5.00113242967715
14.472 -10.111741997958154 -5.002331539847147
14.473 -10.116744928117203 -5.00352878992382
14.474 -10.121749054556233 -5.004724100298864
14.475 -10.1267543752958 -5.005917391490242
14.476 -10.131760888276904 -5.007108583866567
14.477 -10.13676859136097 -5.008297597905294
14.478 -10.141777482329855 -5.0094843539913505
14.479000000000001 -10.146787558885832 -5.01066877258257
14.48 -10.151798818651619 -5.011850774104916
14.481 -10.156811259170382 -5.0130302790245755
14.482000000000001 -10.161824877905763 -5.01420720783055
14.483 -10.166839672241903 -5.015381481030178
14.484 -10.171855639483478 -5.016553019194625
14.485 -10.176872776855747 -5.017721742905469
14.486 -10.181891081504588 -5.018887572830521
14.487 -10.186910550496567 -5.020050429667212
14.488 -10.19193118081898 -5.021210234188887
14.489 -10.19695296937994 -5.022366907250198
14.49 -10.201975913008434 -5.023520369747409
14.491 -10.207000008454417 -5.024670542713757
14.492 -10.212025252388887 -5.0258173472093555
14.493 -10.217051641403986 -5.026960704453994
14.494 -10.22207917201309 -5.0281005357114585
14.495000000000001 -10.22710784065093 -5.029236762407846
14.496 -10.232137643673688 -5.030369306033861
14.497 -10.237168577359126 -5.031498088248951
14.498000000000001 -10.242200637906707 -5.032623030802771
14.499 -10.247233821437725 -5.033744055604372
14.5 -10.252268123995446 -5.034861084692604
14.501 -10.257303541545252 -5.0359740402509034
14.502 -10.262340069974785 -5.037082844628969
14.503 -10.267377705094114 -5.038187420319969
14.504 -10.272416442635889 -5.039287689992419
14.505 -10.27745627825551 -5.040383576492398
14.506 -10.28249720753131 -5.041475002823309
14.507 -10.28753922596473 -5.042561892205732
14.508000000000001 -10.292582328980506 -5.0436441680118085
14.509 -10.29762651192687 -5.044721753849689
14.51 -10.302671770075742 -5.045794573497596
14.511000000000001 -10.307718098622939 -5.046862550967678
14.512 -10.312765492688387 -5.0479256104677575
14.513 -10.31781394731634 -5.048983676445392
14.514000000000001 -10.322863457475606 -5.050036673553867
14.515 -10.32791401805977 -5.0510845267070055
14.516 -10.332965623887437 -5.052127161021176
14.517 -10.338018269702474 -5.053164501906765
14.518 -10.343071950174252 -5.054196474962695
14.519 -10.348126659897908 -5.055223006117202
14.52 -10.353182393394595 -5.056244021485536
14.521 -10.35823914511176 -5.0572594475232435
14.522 -10.363296909423402 -5.058269210892586
14.523 -10.36835568063036 -5.05927323860359
14.524000000000001 -10.373415452960588 -5.060271457878023
14.525 -10.378476220569446 -5.061263796310982
14.526 -10.383537977539993 -5.062250181702517
14.527000000000001 -10.38860071788329 -5.063230542257877
14.528 -10.393664435538705 -5.064204806376981
14.529 -10.398729124374219 -5.065172902892392
14.530000000000001 -10.403794778186741 -5.0661347608346174
14.531 -10.408861390702441 -5.067090309678385
14.532 -10.413928955577061 -5.068039479109577
14.533 -10.41899746639626 -5.068982199264738
14.534 -10.424066916675944 -5.0699184005084
14.535 -10.42913729986261 -5.0708480136584235
14.536 -10.434208609333702 -5.071770969780276
14.537 -10.439280838397947 -5.072687200390061
14.538 -10.444353980295732 -5.0735966372825905
14.539 -10.449428028199456 -5.074499212682969
14.540000000000001 -10.4545029752139 -5.075394859140459
14.541 -10.459578814376606 -5.076283509613725
14.542 -10.464655538658242 -5.077165097416063
14.543000000000001 -10.469733140963003 -5.078039556267113
14.544 -10.474811614128981 -5.078906820259524
14.545 -10.479890950928572 -5.079766823898669
14.546000000000001 -10.484971144068867 -5.080619502065259
14.547 -10.490052186192052 -5.0814647900795515
14.548 -10.495134069875819 -5.082302623624484
14.549 -10.500216787633775 -5.083132938852222
14.55 -10.505300331915858 -5.083955672270229
14.551 -10.51038469510876 -5.084770760872698
14.552 -10.515469869536343 -5.085578142022924
14.553 -10.520555847460079 -5.08637775355924
14.554 -10.525642621079477 -5.087169533727379
14.555 -10.530730182532519 -5.087953421224826
14.556000000000001 -10.535818523896108 -5.088729355196256
14.557 -10.540907637186505 -5.08949727521491
14.558 -10.54599751435979 -5.090257121339467
14.559000000000001 -10.551088147312305 -5.091008834037895
14.56 -10.556179527881117 -5.091752354297208
14.561 -10.561271647844476 -5.092487623496917
14.562000000000001 -10.56636449892229 -5.093214583562786
14.563 -10.571458072776583 -5.093933176809033
14.564 -10.576552361011974 -5.094643346107572
14.565 -10.581647355176148 -5.095345034730284
14.566 -10.586743046760349 -5.09603818650025
14.567 -10.591839427199847 -5.09672274566824
14.568 -10.596936487874434 -5.0973986570204834
14.569 -10.60203422010892 -5.0980658658005
14.57 -10.60713261517361 -5.098724317766551
14.571 -10.612231664284824 -5.0993739591767
14.572000000000001 -10.617331358605377 -5.100014736770801
14.573 -10.622431689245092 -5.100646597828025
14.574 -10.62753264726131 -5.101269490093801
14.575000000000001 -10.63263422365939 -5.101883361868997
14.576 -10.637736409393225 -5.102488161925131
14.577 -10.64283919536577 -5.103083839593164
14.578000000000001 -10.647942572429537 -5.1036703446804665
14.579 -10.653046531387137 -5.10424762756368
14.58 -10.658151062991791 -5.104815639091982
14.581 -10.663256157947865 -5.105374330703491
14.582 -10.668361806911394 -5.105923654295911
14.583 -10.673468000490614 -5.106463562377773
14.584 -10.678574729246497 -5.106994007913166
14.585 -10.683681983693289 -5.1075149444780745
14.586 -10.688789754299046 -5.108026326126794
14.587 -10.693898031486174 -5.1085281074991284
14.588000000000001 -10.69900680563198 -5.109020243755418
14.589 -10.704116067069203 -5.109502690606678
14.59 -10.709225806086575 -5.109975404326113
14.591000000000001 -10.714336012929365 -5.110438341707861
14.592 -10.719446677799933 -5.11089146013975
14.593 -10.724557790858274 -5.11133471751171
14.594 -10.729669342222582 -5.111768072331755
14.595 -10.734781321969805 -5.112191483592802
14.596 -10.739893720136202 -5.112604910927971
14.597 -10.745006526717901 -5.113008314444418
14.598 -10.750119731671466 -5.113401654897492
14.599 -10.755233324914453 -5.113784893527402
14.6 -10.760347296325978 -5.114157992206955
14.601 -10.765461635747284 -5.114520913319731
14.602 -10.770576332982303 -5.114873619856828
14.603 -10.775691377798227 -5.115216075356353
14.604000000000001 -10.780806759926078 -5.1155482439300854
14.605 -10.785922469061276 -5.115870090268902
14.606 -10.791038494864212 -5.116181579619795
14.607000000000001 -10.796154826960821 -5.116482677822086
14.608 -10.80127145494315 -5.1167733512660725
14.609 -10.806388368369936 -5.117053566938733
14.61 -10.811505556767182 -5.11732329238292
14.611 -10.816623009628724 -5.1175824957294616
14.612 -10.821740716416821 -5.117831145680866
14.613 -10.826858666562714 -5.118069211511493
14.614 -10.831976849467218 -5.118296663087366
14.615 -10.837095254501287 -5.118513470827357
14.616 -10.842213871006606 -5.118719605761287
14.617 -10.847332688296152 -5.118915039456955
14.618 -10.852451695654786 -5.119099744104894
14.619 -10.85757088233982 -5.119273692426988
14.620000000000001 -10.862690237581608 -5.119436857772191
14.621 -10.867809750584108 -5.11958921401442
14.622 -10.87292941052548 -5.119730735667869
14.623000000000001 -10.878049206558643 -5.11986139775419
14.624 -10.883169127811874 -5.119981175949761
14.625 -10.888289163389366 -5.120090046425676
14.626 -10.893409302371825 -5.120187986022448
14.627 -10.898529533817031 -5.120274972056278
14.628 -10.903649846760421 -5.120350982528208
14.629 -10.90877023021567 -5.120415995903006
14.63 -10.913890673175256 -5.120469991334899
14.631 -10.919011164611051 -5.120512948441954
14.632 -10.92413169347488 -5.120544847519619
14.633000000000001 -10.9292522486991 -5.120565669345959
14.634 -10.93437281919718 -5.1205753953493485
14.635 -10.939493393864263 -5.120574007465769
14.636000000000001 -10.944613961577746 -5.120561488252817
14.637 -10.949734511197844 -5.120537820801559
14.638 -10.954855031568165 -5.120502988797803
14.639000000000001 -10.959975511516275 -5.120456976475223
14.64 -10.965095939854267 -5.120399768653131
14.641 -10.970216305379326 -5.1203313506973585
14.642 -10.975336596874294 -5.120251708557598
14.643 -10.980456803108238 -5.12016082872858
14.644 -10.985576912837002 -5.120058698282076
14.645 -10.990696914803785 -5.119945304837525
14.646 -10.995816797739684 -5.119820636584518
14.647 -11.00093655036426 -5.119684682260435
14.648 -11.006056161386095 -5.119537431166318
14.649000000000001 -11.011175619503344 -5.119378873152064
14.65 -11.016294913404293 -5.119208998620862
14.651 -11.021414031767906 -5.119027798534108
14.652000000000001 -11.026532963264374 -5.118835264386234
14.653 -11.031651696555674 -5.1186313882402565
14.654 -11.036770220296098 -5.118416162682442
14.655000000000001 -11.041888523132814 -5.118189580864876
14.656 -11.047006593706397 -5.117951636457129
14.657 -11.05212442065138 -5.117702323694433
14.658 -11.05724199259678 -5.117441637323008
14.659 -11.062359298166642 -5.117169572650141
14.66 -11.067476325980577 -5.116886125492139
14.661 -11.072593064654285 -5.116591292218259
14.662 -11.077709502800092 -5.116285069707388
14.663 -11.082825629027473 -5.115967455382179
14.664 -11.087941431943582 -5.115638447173866
14.665000000000001 -11.09305690015377 -5.115298043547959
14.666 -11.09817202226211 -5.114946243481409
14.667 -11.10328678687191 -5.114583046473389
14.668000000000001 -11.108401182586238 -5.114208452530812
14.669 -11.113515198008422 -5.113822462184352
14.67 -11.118628821742574 -5.113425076456163
14.671000000000001 -11.123742042394086 -5.11301629689708
14.672 -11.128854848570146 -5.112596125537043
14.673 -11.133967228880234 -5.112164564937578
14.674 -11.139079171936626 -5.111721618120641
14.675 -11.144190666354884 -5.1112672886488415
14.676 -11.14930170075436 -5.110801580531694
14.677 -11.154412263758683 -5.110324498310932
14.678 -11.159522343996246 -5.1098360469799315
14.679 -11.164631930100693 -5.109336232046697
14.68 -11.169741010711407 -5.108825059474152
14.681000000000001 -11.174849574473981 -5.108302535727201
14.682 -11.179957610040704 -5.107768667725064
14.683 -11.185065106071026 -5.107223462879179
14.684000000000001 -11.190172051232034 -5.106666929051434
14.685 -11.195278434198924 -5.106099074586231
14.686 -11.200384243655455 -5.105519908278395
14.687000000000001 -11.205489468294417 -5.10492943939175
14.688 -11.21059409681809 -5.104327677640581
14.689 -11.215698117938697 -5.103714633195396
14.69 -11.220801520378856 -5.103090316677232
14.691 -11.225904292872027 -5.102454739151946
14.692 -11.231006424162961 -5.101807912130966
14.693 -11.23610790300814 -5.101149847564293
14.694 -11.24120871817621 -5.100480557839685
14.695 -11.24630885844843 -5.099800055778432
14.696 -11.251408312619084 -5.099108354630624
14.697000000000001 -11.256507069495932 -5.098405468074469
14.698 -11.26160511790061 -5.097691410208979
14.699 -11.266702446669075 -5.096966195557896
14.700000000000001 -11.271799044652008 -5.096229839049612
14.701 -11.276894900715233 -5.095482356044708
14.702 -11.281990003740123 -5.0947237622849775
14.703000000000001 -11.28708434262402 -5.093954073951926
14.704 -11.292177906280621 -5.09317330758969
14.705 -11.297270683640388 -5.092381480182908
14.706 -11.30236266365095 -5.0915786090668425
14.707 -11.30745383527748 -5.09076471201014
14.708 -11.312544187503097 -5.089939807130427
14.709 -11.317633709329247 -5.089103912961906
14.71 -11.322722389776086 -5.088257048389212
14.711 -11.327810217882854 -5.087399232700452
14.712 -11.332897182708253 -5.0865304855304485
14.713000000000001 -11.337983273330817 -5.0856508269042235
14.714 -11.343068478849277 -5.0847602771966605
14.715 -11.348152788382926 -5.083858857150829
14.716000000000001 -11.353236191071975 -5.0829465878672355
14.717 -11.358318676077912 -5.082023490793549
14.718 -11.363400232583853 -5.081089587737633
14.719000000000001 -11.368480849794885 -5.080144900839767
14.72 -11.373560516938417 -5.079189452597787
14.721 -11.378639223264514 -5.0782232658298145
14.722 -11.38371695804624 -5.077246363708051
14.723 -11.388793710579979 -5.076258769713729
14.724 -11.393869470185777 -5.075260507676583
14.725 -11.398944226207657 -5.074251601727412
14.726 -11.404017968013942 -5.0732320763363505
14.727 -11.409090684997576 -5.072201956269265
14.728 -11.414162366576427 -5.0711612666194155
14.729000000000001 -11.41923300219361 -5.0701100327748145
14.73 -11.424302581317782 -5.069048280433439
14.731 -11.429371093443441 -5.067976035592115
14.732000000000001 -11.434438528091233 -5.066893324536025
14.733 -11.43950487480824 -5.065800173856613
14.734 -11.444570123168267 -5.0646966104103415
14.735 -11.449634262772134 -5.0635826613649355
14.736 -11.454697283247949 -5.062458354137864
14.737 -11.459759174251394 -5.061323716452202
14.738 -11.464819925465992 -5.060178776273373
14.739 -11.469879526603384 -5.059023561862704
14.74 -11.474937967403585 -5.057858101718669
14.741 -11.479995237635258 -5.056682424626554
14.742 -11.485051327095961 -5.05549655959954
14.743 -11.490106225612408 -5.054300535931149
14.744 -11.495159923040715 -5.053094383136361
14.745000000000001 -11.500212409266648 -5.051878130999307
14.746 -11.505263674205866 -5.050651809520837
14.747 -11.510313707804158 -5.049415448960696
14.748000000000001 -11.515362500037678 -5.048169079789196
14.749 -11.520410040913177 -5.046912732727854
14.75 -11.525456320468228 -5.045646438698395
14.751 -11.530501328771447 -5.044370228870144
14.752 -11.535545055922713 -5.043084134600853
14.753 -11.540587492053385 -5.041788187490496
14.754 -11.545628627326517 -5.040482419318406
14.755 -11.550668451937051 -5.039166862099369
14.756 -11.555706956112036 -5.037841548020419
14.757 -11.560744130110818 -5.03650650949259
14.758000000000001 -11.56577996422524 -5.035161779097969
14.759 -11.57081444877983 -5.033807389626917
14.76 -11.575847574131993 -5.032443374041803
14.761000000000001 -11.580879330672195 -5.031069765497701
14.762 -11.585909708824138 -5.029686597320075
14.763 -11.590938699044944 -5.0282939030153075
14.764000000000001 -11.595966291825322 -5.026891716255711
14.765 -11.60099247768974 -5.025480070885015
14.766 -11.606017247196586 -5.0240590009059645
14.767 -11.611040590938341 -5.022628540485131
14.768 -11.61606249954172 -5.021188723940599
14.769 -11.621082963667835 -5.019739585747365
14.77 -11.626101974012348 -5.018281160523759
14.771 -11.631119521305614 -5.016813483037287
14.772 -11.63613559631282 -5.015336588192707
14.773 -11.641150189834136 -5.01385051103569
14.774000000000001 -11.646163292704834 -5.012355286742168
14.775 -11.651174895795435 -5.010850950620644
14.776 -11.656184990011827 -5.009337538105922
14.777000000000001 -11.661193566295394 -5.00781508475168
14.778 -11.66620061562314 -5.00628362623946
14.779 -11.671206129007796 -5.004743198354195
14.780000000000001 -11.676210097497947 -5.003193837006662
14.781 -11.681212512178133 -5.001635578202509
14.782 -11.68621336416896 -5.0000684580650505
14.783 -11.691212644627202 -4.998492512808323
14.784 -11.6962103447459 -4.996907778752273
14.785 -11.701206455754459 -4.995314292306931
14.786 -11.706200968918743 -4.993712089974332
14.787 -11.71119387554116 -4.99210120834594
14.788 -11.716185166960749 -4.99048168409455
14.789 -11.721174834553267 -4.9888535539758285
14.790000000000001 -11.726162869731262 -4.987216854823005
14.791 -11.731149263944154 -4.985571623540337
14.792 -11.736134008678304 -4.9839178971084435
14.793000000000001 -11.741117095457081 -4.982255712568081
14.794 -11.746098515840934 -4.980585107032137
14.795 -11.751078261427452 -4.978906117665615
14.796000000000001 -11.756056323851418 -4.977218781700351
14.797 -11.761032694784873 -4.975523136413315
14.798 -11.766007365937165 -4.973819219139946
14.799 -11.770980329054995 -4.972107067259599
14.8 -11.775951575922468 -4.970386718196387
14.801 -11.780921098361137 -4.968658209418781
14.802 -11.785888888230039 -4.9669215784292975
14.803 -11.790854937425731 -4.965176862770825
14.804 -11.79581923788233 -4.963424100013227
14.805 -11.800781781571542 -4.961663327759891
14.806000000000001 -11.805742560502683 -4.959894583637368
14.807 -11.810701566722706 -4.958117905296961
14.808 -11.815658792316231 -4.956333330408516
14.809000000000001 -11.820614229405555 -4.954540896661171
14.81 -11.825567870150667 -4.952740641754696
14.811 -11.83051970674927 -4.950932603404708
14.812000000000001 -11.835469731436776 -4.949116819329543
14.813 -11.840417936486325 -4.947293327259163
14.814 -11.845364314208785 -4.945462164919003
14.815 -11.850308856952754 -4.943623370042232
14.816 -11.855251557104555 -4.941776980349159
14.817 -11.860192407088233 -4.93992303356598
14.818 -11.865131399365552 -4.9380615673964865
14.819 -11.870068526435977 -4.936192619547525
14.82 -11.87500378083667 -4.934316227697471
14.821 -11.879937155142464 -4.932432429521728
14.822000000000001 -11.884868641965857 -4.930541262661734
14.823 -11.889798233956983 -4.928642764752777
14.824 -11.894725923803588 -4.926736973386929
14.825000000000001 -11.899651704231006 -4.924823926149787
14.826 -11.904575568002134 -4.922903660573884
14.827 -11.909497507917395 -4.920976214183259
14.828000000000001 -11.914417516814707 -4.919041624443
14.829 -11.919335587569444 -4.917099928803776
14.83 -11.924251713094401 -4.9151511646538415
14.831 -11.929165886339753 -4.913195369360296
14.832 -11.934078100293004 -4.911232580225659
14.833 -11.93898834797895 -4.909262834522389
14.834 -11.94389662245963 -4.9072861694582866
14.835 -11.948802916834264 -4.905302622202416
14.836 -11.953707224239212 -4.903312229857568
14.837 -11.958609537847911 -4.901315029480107
14.838000000000001 -11.963509850870826 -4.899311058058662
14.839 -11.96840815655538 -4.897300352528422
14.84 -11.973304448185896 -4.895282949754207
14.841000000000001 -11.978198719083531 -4.893258886541276
14.842 -11.983090962606214 -4.8912281996217395
14.843 -11.98798117214857 -4.889190925663031
14.844000000000001 -11.992869341141855 -4.887147101254342
14.845 -11.99775546305388 -4.88509676291854
14.846 -12.002639531388937 -4.883039947092301
14.847 -12.007521539687719 -4.880976690145976
14.848 -12.012401481527245 -4.8789070283559575
14.849 -12.017279350520777 -4.876830997931399
14.85 -12.022155140317732 -4.8747486349807305
14.851 -12.027028844603604 -4.8726599755437485
14.852 -12.031900457099873 -4.8705650555536355
14.853 -12.036769971563917 -4.868463910872326
14.854000000000001 -12.04163738178892 -4.8663565772511985
14.855 -12.04650268160378 -4.864243090366025
14.856 -12.051365864873013 -4.862123485779449
14.857000000000001 -12.05622692549666 -4.859997798973155
14.858 -12.061085857410184 -4.857866065314871
14.859 -12.065942654584372 -4.855728320084347
14.86 -12.070797311025235 -4.853584598447461
14.861 -12.0756498207739 -4.851434935475618
14.862 -12.080500177906515 -4.8492793661250815
14.863 -12.085348376534125 -4.847117925253779
14.864 -12.090194410802578 -4.844950647600219
14.865 -12.095038274892413 -4.842777567803018
14.866 -12.099879963018742 -4.84059872037689
14.867 -12.104719469431142 -4.838414139734043
14.868 -12.10955678841354 -4.836223860159676
14.869 -12.114391914284095 -4.8340279158336354
14.870000000000001 -12.119224841395077 -4.831826340805321
14.871 -12.124055564132755 -4.829619169016167
14.872 -12.12888407691727 -4.827406434274532
14.873000000000001 -12.133710374202522 -4.825188170276798
14.874 -12.138534450476032 -4.822964410585748
14.875 -12.143356300258828 -4.820735188646452
14.876 -12.148175918105322 -4.818500537770873
14.877 -12.152993298603167 -4.816260491147301
14.878 -12.157808436373145 -4.814015081832214
14.879 -12.162621326069026 -4.811764342751108
14.88 -12.167431962377442 -4.809508306700501
14.881 -12.172240340017751 -4.807247006338272
14.882 -12.17704645374191 -4.804980474195223
14.883000000000001 -12.181850298334329 -4.802708742658145
14.884 -12.186651868611742 -4.800431843986331
14.885 -12.19145115942307 -4.798149810291528
14.886000000000001 -12.196248165649282 -4.795862673556554
14.887 -12.201042882203254 -4.793570465614238
14.888 -12.205835304029627 -4.79127321816616
14.889000000000001 -12.210625426104672 -4.788970962762305
14.89 -12.21541324343614 -4.7866637308185656
14.891 -12.220198751063123 -4.7843515535984205
14.892 -12.224981944055905 -4.78203446222782
14.893 -12.229762817515825 -4.779712487679822
14.894 -12.234541366575119 -4.777385660787061
14.895 -12.239317586396782 -4.775054012227962
14.896 -12.244091472174414 -4.772717572538671
14.897 -12.248863019132076 -4.770376372099114
14.898 -12.253632222524134 -4.7680304411458225
14.899000000000001 -12.258399077635113 -4.765679809756459
14.9 -12.263163579779544 -4.7633245078651
14.901 -12.26792572430181 -4.76096456524395
14.902000000000001 -12.272685506575996 -4.758600011520948
14.903 -12.277442922005731 -4.756230876160633
14.904 -12.282197966024038 -4.753857188481323
14.905000000000001 -12.286950634093172 -4.7514789776373
14.906 -12.291700921704471 -4.749096272634364
14.907 -12.2964488243782 -4.7467091023138215
14.908 -12.30119433766338 -4.744317495366634
14.909 -12.305937457137652 -4.7419214803182435
14.91 -12.3106781784071 -4.739521085542411
14.911 -12.315416497106098 -4.737116339246652
14.912 -12.320152408897153 -4.734707269484849
14.913 -12.324885909470742 -4.7322939041445995
14.914 -12.329616994545153 -4.7298762709577185
14.915000000000001 -12.334345659866322 -4.727454397489866
14.916 -12.33907190120767 -4.725028311148763
14.917 -12.343795714369948 -4.722598039176195
14.918000000000001 -12.34851709518106 -4.720163608654134
14.919 -12.353236039495917 -4.7177250464986145
14.92 -12.35795254319626 -4.715282379464175
14.921000000000001 -12.362666602190508 -4.712835634139324
14.922 -12.367378212413579 -4.710384836950221
14.923 -12.372087369826739 -4.70793001415581
14.924 -12.37679407041743 -4.7054711918525065
14.925 -12.381498310199108 -4.703008395968796
14.926 -12.386200085211074 -4.700541652269851
14.927 -12.39089939151831 -4.698070986352378
14.928 -12.395596225211314 -4.695596423649513
14.929 -12.400290582405933 -4.69311798942495
14.93 -12.404982459243193 -4.690635708778924
14.931000000000001 -12.409671851889138 -4.688149606641138
14.932 -12.414358756534659 -4.685659707778065
14.933 -12.419043169395328 -4.6831660367849075
14.934000000000001 -12.42372508671123 -4.680668618093394
14.935 -12.428404504746794 -4.678167475963721
14.936 -12.433081419790634 -4.675662634492256
14.937000000000001 -12.437755828155366 -4.673154117603853
14.938 -12.442427726177456 -4.6706419490588384
14.939 -12.447097110217038 -4.668126152446553
14.94 -12.45176397665776 -4.665606751190897
14.941 -12.456428321906603 -4.663083768545385
14.942 -12.46109014239372 -4.660557227597491
14.943 -12.465749434572267 -4.658027151264605
14.944 -12.470406194918235 -4.6554935622977895
14.945 -12.475060419930278 -4.652956483278298
14.946 -12.479712106129552 -4.650415936620838
14.947000000000001 -12.484361250059541 -4.647871944570676
14.948 -12.48900784828589 -4.645324529206325
14.949 -12.49365189739624 -4.642773712437157
14.950000000000001 -12.498293394000058 -4.640219516006112
14.951 -12.502932334728465 -4.637661961486717
14.952 -12.50756871623408 -4.63510107028683
14.953000000000001 -12.512202535190838 -4.632536863644643
14.954 -12.516833788293834 -4.629969362633396
14.955 -12.52146247225915 -4.6273985881565425
14.956 -12.526088583823691 -4.624824560953373
14.957 -12.530712119745013 -4.622247301593149
14.958 -12.535333076801162 -4.619666830482031
14.959 -12.539951451790506 -4.617083167855961
14.96 -12.544567241531563 -4.614496333788609
14.961 -12.549180442862847 -4.611906348183656
14.962 -12.553791052642687 -4.609313230783096
14.963000000000001 -12.558399067749077 -4.6067170011594225
14.964 -12.563004485079496 -4.604117678723965
14.965 -12.567607301550755 -4.601515282719117
14.966000000000001 -12.572207514098823 -4.598909832226646
14.967 -12.57680511967867 -4.596301346160108
14.968 -12.581400115264099 -4.593689843272839
14.969000000000001 -12.58599249784758 -4.591075342150891
14.97 -12.59058226444009 -4.588457861220607
14.971 -12.595169412070954 -4.58583741874168
14.972 -12.599753937787668 -4.58321403281498
14.973 -12.604335838655755 -4.580587721375402
14.974 -12.608915111758591 -4.577958502199684
14.975 -12.613491754197241 -4.575326392899622
14.976 -12.61806576309031 -4.572691410929337
14.977 -12.622637135573774 -4.570053573579135
14.978 -12.627205868800814 -4.56741289798227
14.979000000000001 -12.631771959941673 -4.564769401109261
14.98 -12.636335406183479 -4.562123099774242
14.981 -12.640896204730096 -4.559474010629769
14.982000000000001 -12.645454352801965 -4.556822150172674
14.983 -12.650009847635937 -4.5541675347394905
14.984 -12.654562686485129 -4.551510180511631
14.985 -12.659112866618756 -4.548850103511561
14.986 -12.663660385321979 -4.546187319607302
14.987 -12.668205239895748 -4.54352184450929
14.988 -12.67274742765665 -4.540853693774295
14.989 -12.677286945936746 -4.538182882802676
14.99 -12.681823792083422 -4.53550942684229
14.991 -12.686357963459239 -4.53283334098553
14.992 -12.690889457441765 -4.530154640173498
14.993 -12.69541827142344 -4.527473339193054
14.994 -12.699944402811415 -4.524789452680681
14.995000000000001 -12.704467849027397 -4.522102995120085
14.996 -12.708988607507505 -4.5194139808455756
14.997 -12.713506675702119 -4.5167224240399815
14.998000000000001 -12.718022051075721 -4.514028338737954
14.999 -12.722534731106757 -4.511331738823915
15.0 -12.727044713287484 -4.508632638035279
15.001 -12.731551995123821 -4.505931049960672
15.002 -12.736056574135203 -4.503226988042801
15.003 -12.740558447854434 -4.50052046557713
15.004 -12.74505761382754 -4.497811495714225
15.005 -12.749554069613628 -4.495100091459004
15.006 -12.754047812784735 -4.492386265672755
15.007 -12.758538840925688 -4.4896700310724
15.008000000000001 -12.76302715163396 -4.48695140023272
15.009 -12.767512742519527 -4.4842303855855254
15.01 -12.771995611204726 -4.481506999421697
15.011000000000001 -12.776475755324116 -4.478781253890947
15.012 -12.780953172524331 -4.476053161003056
15.013 -12.785427860463953 -4.473322732628457
15.014000000000001 -12.789899816813358 -4.470589980498839
15.015 -12.79436903925459 -4.467854916208218
15.016 -12.798835525481215 -4.465117551213222
15.017 -12.803299273198185 -4.462377896834393
15.018 -12.807760280121713 -4.459635964256356
15.019 -12.812218543979121 -4.456891764529161
15.02 -12.81667406250872 -4.454145308568584
15.021 -12.821126833459665 -4.451396607157205
15.022 -12.825576854591832 -4.448645670945063
15.023 -12.830024123675676 -4.445892510450482
15.024000000000001 -12.83446863849211 -4.443137136060838
15.025 -12.838910396832368 -4.44037955803346
15.026 -12.843349396497874 -4.437619786496225
15.027000000000001 -12.84778563530012 -4.434857831448712
15.028 -12.852219111060528 -4.432093702762567
15.029 -12.856649821610333 -4.4293274101828715
15.030000000000001 -12.861077764790451 -4.426558963328373
15.031 -12.865502938451353 -4.423788371692934
15.032 -12.869925340452943 -4.421015644645777
15.033 -12.874344968664431 -4.41824079143288
15.034 -12.878761820964213 -4.415463821177385
15.035 -12.883175895239745 -4.412684742880694
15.036 -12.88758718938743 -4.409903565423363
15.037 -12.891995701312483 -4.407120297565627
15.038 -12.896401428928826 -4.404334947948928
15.039 -12.90080437015896 -4.40154752509585
15.040000000000001 -12.90520452293385 -4.398758037412131
15.041 -12.909601885192812 -4.395966493186325
15.042 -12.913996454883389 -4.3931729005919165
15.043000000000001 -12.918388229961241 -4.390377267687054
15.044 -12.922777208390029 -4.387579602416486
15.045 -12.927163388141304 -4.3847799126115845
15.046000000000001 -12.931546767194389 -4.381978205991944
15.047 -12.935927343536274 -4.379174490165817
15.048 -12.940305115161504 -4.376368772631231
15.049 -12.944680080072061 -4.373561060777029
15.05 -12.949052236277268 -4.370751361883341
15.051 -12.953421581793668 -4.367939683123245
15.052 -12.95778811464493 -4.365126031562749
15.053 -12.962151832861734 -4.362310414162801
15.054 -12.966512734481666 -4.359492837779122
15.055 -12.97087081754912 -4.356673309164221
15.056000000000001 -12.975226080115188 -4.353851834967309
15.057 -12.979578520237563 -4.351028421736245
15.058 -12.983928135980433 -4.348203075917544
15.059000000000001 -12.988274925414382 -4.3453758038582
15.06 -12.992618886616295 -4.342546611805871
15.061 -12.996960017669254 -4.339715505910528
15.062000000000001 -13.00129831666244 -4.336882492224828
15.063 -13.005633781691044 -4.334047576705575
15.064 -13.009966410856158 -4.3312107652143235
15.065 -13.014296202264697 -4.328372063518601
15.066 -13.018623154029294 -4.325531477292754
15.067 -13.022947264268206 -4.322689012118978
15.068 -13.027268531105234 -4.319844673488332
15.069 -13.03158695266962 -4.316998466801614
15.07 -13.035902527095963 -4.314150397370581
15.071 -13.040215252524131 -4.311300470418606
15.072000000000001 -13.04452512709917 -4.308448691082088
15.073 -13.048832148971222 -4.30559506441103
15.074 -13.053136316295433 -4.3027395953704195
15.075000000000001 -13.057437627231874 -4.299882288840956
15.076 -13.061736079945453 -4.297023149620237
15.077 -13.066031672605838 -4.294162182423685
15.078000000000001 -13.070324403387371 -4.29129939188558
15.079 -13.074614270468986 -4.288434782560113
15.08 -13.078901272034134 -4.285568358922341
15.081 -13.0831854062707 -4.282700125369317
15.082 -13.087466671370926 -4.279830086220946
15.083 -13.091745065531342 -4.276958245721266
15.084 -13.096020586952681 -4.274084608039171
15.085 -13.100293233839805 -4.2712091772697764
15.086 -13.10456300440164 -4.268331957435135
15.087 -13.108829896851097 -4.26545295248557
15.088000000000001 -13.113093909404997 -4.262572166300468
15.089 -13.11735504028401 -4.2596896026895275
15.09 -13.121613287712583 -4.256805265393641
15.091000000000001 -13.125868649918864 -4.253919158086092
15.092 -13.130121125134647 -4.251031284373462
15.093 -13.134370711595295 -4.248141647796822
15.094000000000001 -13.138617407539684 -4.245250251832686
15.095 -13.142861211210132 -4.242357099894131
15.096 -13.14710212085234 -4.239462195331841
15.097 -13.151340134715328 -4.23656554143515
15.098 -13.155575251051376 -4.233667141433156
15.099 -13.159807468115964 -4.230766998495731
15.1 -13.164036784167715 -4.227865115734654
15.101 -13.168263197468328 -4.224961496204622
15.102 -13.172486706282534 -4.222056142904386
15.103 -13.176707308878036 -4.219149058777775
15.104000000000001 -13.180925003525454 -4.216240246714804
15.105 -13.185139788498267 -4.213329709552776
15.106 -13.189351662072768 -4.2104174500772915
15.107000000000001 -13.193560622528015 -4.207503471023448
15.108 -13.19776666814577 -4.204587775076796
15.109 -13.201969797210458 -4.2016703648745635
15.11 -13.206170008009119 -4.1987512430066305
15.111 -13.210367298831358 -4.19583041201671
15.112 -13.214561667969305 -4.192907874403388
15.113 -13.21875311371756 -4.189983632621268
15.114 -13.22294163437316 -4.187057689082011
15.115 -13.227127228235537 -4.184130046155524
15.116 -13.231309893606465 -4.181200706170971
15.117 -13.235489628790031 -4.17826967141794
15.118 -13.239666432092593 -4.175336944147547
15.119 -13.243840301822738 -4.172402526573511
15.120000000000001 -13.248011236291255 -4.169466420873319
15.121 -13.252179233811084 -4.166528629189277
15.122 -13.2563442926973 -4.163589153629701
15.123000000000001 -13.26050641126706 -4.1606479962699465
15.124 -13.264665587839591 -4.157705159153617
15.125 -13.26882182073614 -4.154760644293635
15.126 -13.272975108279953 -4.151814453673384
15.127 -13.27712544879625 -4.148866589247802
15.128 -13.281272840612187 -4.145917052944556
15.129 -13.28541728205684 -4.142965846665139
15.13 -13.28955877146117 -4.140012972286017
15.131 -13.293697307158002 -4.137058431659764
15.132 -13.297832887482006 -4.134102226616185
15.133000000000001 -13.301965510769667 -4.131144358963449
15.134 -13.30609517535927 -4.128184830489233
15.135 -13.310221879590875 -4.125223642961914
15.136000000000001 -13.314345621806309 -4.1222607981315935
15.137 -13.318466400349134 -4.11929629773139
15.138 -13.322584213564635 -4.116330143478427
15.139000000000001 -13.326699059799815 -4.1133623370751495
15.14 -13.330810937403365 -4.110392880210278
15.141 -13.334919844725665 -4.107421774560205
15.142 -13.339025780118757 -4.104449021789882
15.143 -13.343128741936352 -4.101474623554195
15.144 -13.347228728533809 -4.098498581498969
15.145 -13.351325738268123 -4.095520897262249
15.146 -13.355419769497932 -4.092541572475329
15.147 -13.359510820583495 -4.089560608764035
15.148 -13.363598889886699 -4.086578007749848
15.149000000000001 -13.367683975771053 -4.083593771051018
15.15 -13.371766076601679 -4.0806079002838125
15.151 -13.375845190745315 -4.077620397063611
15.152000000000001 -13.379921316570318 -4.074631263006176
15.153 -13.383994452446657 -4.071640499728683
15.154 -13.388064596745927 -4.068648108851059
15.155000000000001 -13.392131747841335 -4.065654091996969
15.156 -13.396195904107719 -4.0626584507952535
15.157 -13.40025706392155 -4.059661186880765
15.158 -13.404315225660937 -4.05666230189595
15.159 -13.408370387705634 -4.053661797491599
15.16 -13.412422548437053 -4.050659675328472
15.161 -13.416471706238271 -4.047655937078092
15.162 -13.420517859494042 -4.044650584424244
15.163 -13.42456100659081 -4.04164361906391
15.164 -13.428601145916728 -4.03863504270872
15.165000000000001 -13.432638275861661 -4.035624857085841
15.166 -13.436672394817213 -4.032613063939508
15.167 -13.440703501176746 -4.029599665031899
15.168000000000001 -13.444731593335385 -4.026584662144621
15.169 -13.448756669690054 -4.023568057079659
15.17 -13.452778728639487 -4.020549851660807
15.171000000000001 -13.456797768584254 -4.017530047734638
15.172 -13.460813787926782 -4.0145086471719384
15.173 -13.464826785071383 -4.011485651868746
15.174 -13.468836758424278 -4.0084610637476406
15.175 -13.472843706393624 -4.005434884758926
15.176 -13.476847627389542 -4.002407116881848
15.177 -13.480848519824152 -3.9993777621258393
15.178 -13.484846382111591 -3.996346822531651
15.179 -13.488841212668062 -3.9933143001726874
15.18 -13.49283300991185 -3.9902801971560913
15.181000000000001 -13.49682177226337 -3.9872445156241114
15.182 -13.500807498145198 -3.9842072577551617
15.183 -13.504790185982102 -3.9811684257652145
15.184000000000001 -13.508769834201091 -3.9781280219088555
15.185 -13.512746441231446 -3.9750860484806725
15.186 -13.51672000550476 -3.9720425078163193
15.187000000000001 -13.52069052545499 -3.9689974022939416
15.188 -13.524657999518485 -3.9659507343351628
15.189 -13.528622426134044 -3.9629025064065893
15.19 -13.532583803742954 -3.95985272102078
15.191 -13.536542130789037 -3.9568013807377067
15.192 -13.540497405718702 -3.9537484881658314
15.193 -13.544449626980988 -3.9506940459634126
15.194 -13.54839879302762 -3.9476380568397884
15.195 -13.552344902313054 -3.94458052355646
15.196 -13.556287953294543 -3.9415214489285937
15.197000000000001 -13.560227944432174 -3.938460835825927
15.198 -13.56416487418894 -3.9353986871743976
15.199 -13.568098741030779 -3.932335005956998
15.200000000000001 -13.572029543426646 -3.9292697952153977
15.201 -13.575957279848572 -3.926203058050845
15.202 -13.579881948771712 -3.923134797625732
15.203000000000001 -13.58380354867442 -3.9200650171645846
15.204 -13.5877220780383 -3.916993719955521
15.205 -13.591637535348289 -3.9139209093513383
15.206 -13.595549919092694 -3.9108465887709127
15.207 -13.599459227763283 -3.907770761700327
15.208 -13.603365459855345 -3.90469343169426
15.209 -13.607268613867758 -3.9016146023771046
15.21 -13.611168688303056 -3.8985342774443748
15.211 -13.615065681667511 -3.89545246066381
15.212 -13.618959592471194 -3.8923691558768345
15.213000000000001 -13.622850419228056 -3.8892843669995507
15.214 -13.626738160456005 -3.8861980980243507
15.215 -13.630622814676977 -3.8831103530208053
15.216000000000001 -13.634504380417019 -3.880021136137267
15.217 -13.638382856206363 -3.8769304516018908
15.218 -13.642258240579514 -3.8738383037240443
15.219000000000001 -13.646130532075325 -3.8707446968955472
15.22 -13.649999729237086 -3.867649635591845
15.221 -13.653865830612599 -3.8645531243735145
15.222 -13.657728834754273 -3.8614551678871747
15.223 -13.66158874021921 -3.8583557708672194
15.224 -13.665445545569288 -3.855254938136548
15.225 -13.66929924937125 -3.852152674608471
15.226 -13.673149850196804 -3.8490489852872467
15.227 -13.676997346622704 -3.845943875270214
15.228 -13.68084173723085 -3.8428373497480837
15.229000000000001 -13.68468302060838 -3.839729414007321
15.23 -13.68852119534777 -3.836620073430224
15.231 -13.692356260046921 -3.8335093334974344
15.232000000000001 -13.69618821330927 -3.830397199788012
15.233 -13.700017053743878 -3.8272836779818364
15.234 -13.70384277996554 -3.8241687738598573
15.235 -13.707665390594881 -3.821052493306299
15.236 -13.711484884258466 -3.8179348423091404
15.237 -13.715301259588898 -3.814815826962018
15.238 -13.719114515224927 -3.811695453465092
15.239 -13.722924649811556 -3.808573728126526
15.24 -13.726731662000155 -3.805450657363738
15.241 -13.730535550448565 -3.80232624770459
15.242 -13.734336313821208 -3.799200505788817
15.243 -13.738133950789203 -3.7960734383691426
15.244 -13.741928460030483 -3.7929450523126964
15.245000000000001 -13.745719840229901 -3.789815354602189
15.246 -13.749508090079354 -3.7866843523372733
15.247 -13.753293208277894 -3.7835520527357285
15.248000000000001 -13.757075193531858 -3.7804184631348425
15.249 -13.760854044554971 -3.777283590992596
15.25 -13.764629760068486 -3.774147443888988
15.251 -13.768402338801291 -3.771010029527323
15.252 -13.772171779490046 -3.7678713557353736
15.253 -13.775938080879294 -3.7647314304669264
15.254 -13.7797012417216 -3.761590261802563
15.255 -13.783461260777676 -3.758447857951649
15.256 -13.7872181368165 -3.7553042272527164
15.257 -13.790971868615465 -3.7521593781757034
15.258000000000001 -13.794722454960489 -3.749013319322247
15.259 -13.798469894646168 -3.745866059427864
15.26 -13.802214186475894 -3.7427176073624393
15.261000000000001 -13.805955329262 -3.7395679721320385
15.262 -13.809693321825893 -3.7364171628799174
15.263 -13.813428162998195 -3.733265188887759
15.264000000000001 -13.817159851618873 -3.730112059577126
15.265 -13.820888386537392 -3.726957784510473
15.266 -13.824613766612849 -3.723802373392641
15.267 -13.828335990714118 -3.720645836071871
15.268 -13.832055057719991 -3.7174881825413286
15.269 -13.83577096651933 -3.714329422940025
15.27 -13.839483716011207 -3.7111695675544794
15.271 -13.843193305105057 -3.708008626819402
15.272 -13.846899732720823 -3.704846611319688
15.273 -13.850602997789109 -3.7016835317907337
15.274000000000001 -13.854303099251327 -3.698519399120723
15.275 -13.85800003605986 -3.6953542243507087
15.276 -13.861693807178204 -3.692188018677129
15.277000000000001 -13.865384411581136 -3.6890207934515518
15.278 -13.869071848254857 -3.685852560183666
15.279 -13.872756116197158 -3.6826833305403994
15.280000000000001 -13.876437214417578 -3.6795131163495944
15.281 -13.880115141937564 -3.676341929598458
15.282 -13.883789897790631 -3.6731697824377694
15.283 -13.887461481022529 -3.6699966871799505
15.284 -13.891129890691397 -3.666822656303472
15.285 -13.89479512586794 -3.66364770245089
15.286 -13.89845718563559 -3.660471838433041
15.287 -13.902116069090667 -3.657295077227542
15.288 -13.90577177534256 -3.6541174319822796
15.289 -13.909424303513886 -3.6509389160147165
15.290000000000001 -13.913073652740671 -3.647759542814518
15.291 -13.916719822172514 -3.6445793260437016
15.292 -13.920362810972762 -3.6413982795385067
15.293000000000001 -13.924002618318687 -3.6382164173100113
15.294 -13.927639243401657 -3.6350337535458612
15.295 -13.931272685427324 -3.6318503026107902
15.296000000000001 -13.934902943615786 -3.628666079048405
15.297 -13.93853001720178 -3.625481097581796
15.298 -13.942153905434854 -3.6222953731150263
15.299 -13.94577460757955 -3.619108920734196
15.3 -13.94939212291559 -3.615921755708242
15.301 -13.953006450738057 -3.6127338934908892
15.302 -13.956617590357578 -3.6095453497204475
15.303 -13.960225541100513 -3.60635614022257
15.304 -13.963830302309143 -3.603166281009569
15.305 -13.967431873341853 -3.599975788283343
15.306000000000001 -13.971030253573328 -3.5967846784345823
15.307 -13.974625442394734 -3.59359296804587
15.308 -13.978217439213921 -3.5904006738905294
15.309000000000001 -13.981806243455607 -3.587207812936096
15.31 -13.98539185456157 -3.5840144023429383
15.311 -13.988974271990854 -3.580820459467708
15.312000000000001 -13.99255349521995 -3.5776260018619537
15.313 -13.996129523743006 -3.574431047275765
15.314 -13.999702357072016 -3.5712356136559467
15.315 -14.003271994737018 -3.568039719150171
15.316 -14.006838436286301 -3.5648433821045717
15.317 -14.010401681286602 -3.5616466210684337
15.318 -14.013961729323304 -3.5584494547912615
15.319 -14.017518580000644 -3.555251902227975
15.32 -14.021072232941915 -3.5520539825353152
15.321 -14.024622687789671 -3.5488557150777265
15.322000000000001 -14.028169944205933 -3.54565711942324
15.323 -14.031714001872391 -3.5424582153494373
15.324 -14.03525486049062 -3.5392590228395586
15.325000000000001 -14.038792519782278 -3.536059562088015
15.326 -14.04232697948933 -3.532859853497038
15.327 -14.045858239374242 -3.5296599176814896
15.328000000000001 -14.049386299220204 -3.5264597754662037
15.329 -14.052911158831336 -3.5232594478901516
15.33 -14.056432818032903 -3.5200589562042652
15.331 -14.059951276671526 -3.5168583218751075
15.332 -14.063466534615408 -3.513657566583177
15.333 -14.066978591754532 -3.510456712226044
15.334 -14.070487448000893 -3.50725578091717
15.335 -14.073993103288704 -3.5040547949883822
15.336 -14.07749555757462 -3.500853776989343
15.337 -14.080994810837959 -3.4976527496894487
15.338000000000001 -14.084490863080914 -3.494451736077632
15.339 -14.087983714328777 -3.4912507593640867
15.34 -14.091473364630163 -3.4880498429799522
15.341000000000001 -14.09495981405723 -3.4848490105791647
15.342 -14.0984430627059 -3.4816482860383147
15.343 -14.101923110696086 -3.4784476934575896
15.344000000000001 -14.105399958171907 -3.475247257162278
15.345 -14.108873605301925 -3.472047001701238
15.346 -14.112344052279365 -3.4688469518513982
15.347 -14.115811299322338 -3.465647132612851
15.348 -14.119275346674073 -3.4624475692168346
15.349 -14.122736194603139 -3.4592482871172607
15.35 -14.126193843403676 -3.456049312001939
15.351 -14.129648293395626 -3.4528506697815082
15.352 -14.133099544924956 -3.449652386601901
15.353 -14.136547598363896 -3.4464544888336315
15.354000000000001 -14.139992454111159 -3.443257003082589
15.355 -14.143434112592178 -3.4400599561811678
15.356 -14.146872574259339 -3.436863375197648
15.357000000000001 -14.150307839592207 -3.4336672874281122
15.358 -14.153739909097764 -3.430471720405157
15.359 -14.157168783310638 -3.4272767018906873
15.36 -14.160594462793338 -3.4240822598831753
15.361 -14.164016948136485 -3.4208884226121823
15.362 -14.167436239959052 -3.417695218543779
15.363 -14.170852338908588 -3.414502676376694
15.364 -14.174265245661466 -3.4113108250461597
15.365 -14.177674960923106 -3.408119693721459
15.366 -14.18108148542822 -3.4049293118083535
15.367 -14.184484819941037 -3.401739708948167
15.368 -14.187884965255554 -3.398550915018028
15.369 -14.191281922195754 -3.3953629601326947
15.370000000000001 -14.194675691615862 -3.3921758746416955
15.371 -14.198066274400563 -3.3889896891339686
15.372 -14.201453671465256 -3.385804434432635
15.373000000000001 -14.20483788375628 -3.3826201416012522
15.374 -14.208218912251152 -3.3794368419375527
15.375 -14.21159675795881 -3.376254566980112
15.376 -14.21497142191985 -3.3730733485018947
15.377 -14.218342905206757 -3.3698932185167756
15.378 -14.22171120892415 -3.366714209273742
15.379 -14.225076334209017 -3.363536353261485
15.38 -14.22843828223095 -3.360359683205875
15.381 -14.231797054192391 -3.357184232070206
15.382 -14.23515265132886 -3.354010033056994
15.383000000000001 -14.238505074909199 -3.350837119604464
15.384 -14.24185432623581 -3.34766552539099
15.385 -14.245200406644887 -3.3444952843300952
15.386000000000001 -14.248543317506662 -3.341326430574813
15.387 -14.251883060225635 -3.3381589985140496
15.388 -14.255219636240815 -3.3349930227745097
15.389000000000001 -14.258553047025956 -3.331828538220102
15.39 -14.261883294089793 -3.3286655799500866
15.391 -14.265210378976281 -3.32550418330228
15.392 -14.268534303264827 -3.322344383847909
15.393 -14.271855068570533 -3.319186217397218
15.394 -14.275172676544422 -3.316029719992282
15.395 -14.278487128873682 -3.31287492791419
15.396 -14.281798427281895 -3.309721877674631
15.397 -14.285106573529278 -3.3065706060239823
15.398 -14.288411569412908 -3.303421149941265
15.399000000000001 -14.291713416766964 -3.3002735466451165
15.4 -14.295012117462955 -3.2971278335793137
15.401 -14.298307673409955 -3.2939840484290634
15.402000000000001 -14.301600086554833 -3.2908422291005976
15.403 -14.304889358882486 -3.2877024137432036
15.404 -14.30817549241607 -3.284564640723666
15.405000000000001 -14.311458489217227 -3.2814289486520054
15.406 -14.31473835138632 -3.2782953763537814
15.407 -14.318015081062654 -3.2751639628960625
15.408 -14.321288680424713 -3.272034747561477
15.409 -14.324559151690384 -3.268907769869332
15.41 -14.327826497117174 -3.2657830695579575
15.411 -14.331090719002452 -3.2626606865947485
15.412 -14.33435181968366 -3.2595406611697864
15.413 -14.337609801538541 -3.25642303369628
15.414 -14.34086466698537 -3.2533078448111814
15.415000000000001 -14.344116418483162 -3.2501951353703924
15.416 -14.347365058531903 -3.247084946453402
15.417 -14.350610589672764 -3.2439773193549892
15.418000000000001 -14.353853014488323 -3.240872295592758
15.419 -14.35709233560278 -3.2377699168961214
15.42 -14.360328555682182 -3.2346702252158392
15.421000000000001 -14.363561677434621 -3.2315732627121885
15.422 -14.366791703610463 -3.2284790717634437
15.423 -14.37001863700256 -3.225387694956272
15.424 -14.373242480446454 -3.2222991750910026
15.425 -14.37646323682059 -3.2192135551762253
15.426 -14.379680909046527 -3.2161308784279514
15.427 -14.382895500089148 -3.2130511882717636
15.428 -14.386107012956856 -3.2099745283339276
15.429 -14.389315450701789 -3.206900942450709
15.43 -14.392520816420015 -3.2038304746525146
15.431000000000001 -14.395723113251744 -3.200763169180813
15.432 -14.398922344381518 -3.1976990704637194
15.433 -14.40211851303841 -3.1946382231408537
15.434000000000001 -14.405311622496225 -3.1915806720326176
15.435 -14.408501676073692 -3.188526462168861
15.436 -14.411688677134661 -3.185475638756146
15.437000000000001 -14.414872629088288 -3.182428247207341
15.438 -14.418053535389234 -3.1793843331076133
15.439 -14.42123139953784 -3.1763439422460347
15.44 -14.424406225080324 -3.1733071205790733
15.441 -14.42757801560896 -3.1702739142629057
15.442 -14.430746774762257 -3.1672443696192785
15.443 -14.433912506225148 -3.1642185331625483
15.444 -14.43707521372916 -3.161196451570973
15.445 -14.440234901052591 -3.158178171710415
15.446 -14.443391572020685 -3.1551637406055657
15.447000000000001 -14.446545230505803 -3.15215320546608
15.448 -14.44969588042759 -3.1491466136540547
15.449 -14.452843525753147 -3.146144012713349
15.450000000000001 -14.455988170497195 -3.1431454503352296
15.451 -14.459129818722227 -3.1401509743877116
15.452 -14.46226847453868 -3.13716063288253
15.453000000000001 -14.465404142105088 -3.1341744740011483
15.454 -14.468536825628238 -3.1311925460667935
15.455 -14.471666529363318 -3.128214897563868
15.456 -14.474793257614074 -3.12524157711707
15.457 -14.47791701473295 -3.1222726335038486
15.458 -14.481037805121241 -3.1193081156386806
15.459 -14.484155633229223 -3.1163480725825887
15.46 -14.487270503556301 -3.113392553528528
15.461 -14.490382420651144 -3.110441607809596
15.462 -14.493491389111819 -3.107495284886317
15.463000000000001 -14.496597413585919 -3.1045536343528006
15.464 -14.499700498770691 -3.1016167059249677
15.465 -14.502800649413166 -3.0986845494468596
15.466000000000001 -14.50589787031027 -3.095757214877181
15.467 -14.508992166308955 -3.0928347522979536
15.468 -14.512083542306305 -3.0899172118984435
15.469000000000001 -14.515172003249656 -3.0870046439867536
15.47 -14.518257554136698 -3.0840970989690533
15.471 -14.521340200015585 -3.0811946273671174
15.472 -14.52441994598504 -3.0782972797912134
15.473 -14.527496797194448 -3.075405106963275
15.474 -14.530570758843963 -3.0725181596849493
15.475 -14.533641836184584 -3.069636488863121
15.476 -14.53671003451826 -3.0667601454794458
15.477 -14.539775359197966 -3.063889180609983
15.478 -14.542837815627792 -3.061023645402944
15.479000000000001 -14.545897409263015 -3.0581635910895413
15.48 -14.548954145610182 -3.055309068969216
15.481 -14.552008030227169 -3.0524601304145174
15.482000000000001 -14.55505906872326 -3.049616826861848
15.483 -14.558107266759208 -3.0467792098078093
15.484 -14.56115263004729 -3.0439473308126295
15.485000000000001 -14.56419516435137 -3.0411212414816062
15.486 -14.567234875486943 -3.0383009934817498
15.487 -14.57027176932119 -3.035486638512706
15.488 -14.573305851773023 -3.0326782283311693
15.489 -14.576337128813117 -3.029875814716515
15.49 -14.579365606463954 -3.0270794494972857
15.491 -14.582391290799851 -3.0242891845174684
15.492 -14.58541418794699 -3.0215050716593717
15.493 -14.588434304083439 -3.018727162816121
15.494 -14.59145164543917 -3.015955509906161
15.495000000000001 -14.59446621829608 -3.013190164854871
15.496 -14.597478028988 -3.0104311795986805
15.497 -14.60048708390069 -3.00767860607833
15.498000000000001 -14.603493389471858 -3.004932496231613
15.499 -14.606496952191144 -3.002192901993533
15.5 -14.609497778600117 -2.99945987528868
15.501 -14.612495875292268 -2.99673346802637
15.502 -14.615491248912985 -2.994013732098618
15.503 -14.618483906159534 -2.991300719373716
15.504 -14.621473853781039 -2.9885944816885535
15.505 -14.624461098578443 -2.985895070853099
15.506 -14.627445647404478 -2.983202538631454
15.507 -14.630427507163622 -2.980516936753008
15.508000000000001 -14.633406684812057 -2.9778383168916127
15.509 -14.63638318735761 -2.9751667306763223
15.51 -14.639357021859714 -2.972502229670092
15.511000000000001 -14.64232819542933 -2.9698448653825267
15.512 -14.645296715228893 -2.9671946892450483
15.513 -14.648262588472235 -2.9645517526278278
15.514000000000001 -14.651225822424518 -2.961916106809556
15.515 -14.654186424402145 -2.9592878030014425
15.516 -14.65714440177268 -2.9566668923077035
15.517 -14.66009976195475 -2.9540534257598448
15.518 -14.66305251241796 -2.9514474542681013
15.519 -14.666002660682775 -2.9488490286596036
15.52 -14.668950214320427 -2.946258199632539
15.521 -14.671895180952799 -2.943675017785702
15.522 -14.674837568252302 -2.941099533585549
15.523 -14.677777383941757 -2.938531797378943
15.524000000000001 -14.680714635794265 -2.9359718593788027
15.525 -14.683649331633069 -2.9334197696591895
15.526 -14.686581479331414 -2.930875578156075
15.527000000000001 -14.689511086812407 -2.928339334648107
15.528 -14.69243816204886 -2.925811088771659
15.529 -14.695362713063137 -2.923290889988418
15.530000000000001 -14.698284747926985 -2.920778787610828
15.531 -14.70120427476137 -2.918274830761312
15.532 -14.704121301736304 -2.9157790684045755
15.533 -14.707035837070658 -2.913291549301169
15.534 -14.709947889031982 -2.910812322044448
15.535 -14.712857465936308 -2.908341435009417
15.536 -14.715764576147958 -2.905878936394475
15.537 -14.718669228079333 -2.903424874164999
15.538 -14.721571430190709 -2.9009792960998717
15.539 -14.724471190990014 -2.8985422497324778
15.540000000000001 -14.727368519032614 -2.896113782397544
15.541 -14.730263422921078 -2.8936939411700187
15.542 -14.733155911304948 -2.89128277291881
15.543000000000001 -14.736045992880491 -2.888880324234874
15.544 -14.738933676390468 -2.886486641495472
15.545 -14.74181897062386 -2.8841017707855685
15.546000000000001 -14.74470188441563 -2.8817257579629216
15.547 -14.747582426646437 -2.8793586485834006
15.548 -14.750460606242381 -2.87700048795989
15.549 -14.75333643217472 -2.874651321093463
15.55 -14.75620991345958 -2.872311192727323
15.551 -14.75908105915767 -2.869980147282629
15.552 -14.76194987837399 -2.8676582289075254
15.553 -14.76481638025751 -2.865345481416171
15.554 -14.767680574000881 -2.8630419483402907
15.555 -14.770542468840102 -2.860747672854842
15.556000000000001 -14.773402074054214 -2.8584626978553653
15.557 -14.776259398964953 -2.856187065849595
15.558 -14.779114452936431 -2.8539208190693452
15.559000000000001 -14.781967245374778 -2.8516639993326454
15.56 -14.784817785727808 -2.8494166481785106
15.561 -14.787666083484654 -2.8471788067116157
15.562000000000001 -14.79051214817541 -2.8449505157497823
15.563 -14.793355989370763 -2.8427318156598513
15.564 -14.796197616681622 -2.8405227465115535
15.565 -14.799037039758728 -2.838323347908643
15.566 -14.80187426829227 -2.8361336591442052
15.567 -14.804709312011495 -2.833953719036736
15.568 -14.807542180684301 -2.8317835660701567
15.569 -14.810372884116834 -2.8296232382574766
15.57 -14.81320143215307 -2.8274727732431257
15.571 -14.816027834674395 -2.8253322082100225
15.572000000000001 -14.818852101599182 -2.8232015799367653
15.573 -14.821674242882349 -2.821080924747365
15.574 -14.824494268514922 -2.8189702785317134
15.575000000000001 -14.827312188523594 -2.8168696767262866
15.576 -14.830128012970262 -2.8147791543047513
15.577 -14.832941751951566 -2.8126987457910633
15.578000000000001 -14.835753415598433 -2.8106284852199312
15.579 -14.838563014075591 -2.8085684061671374
15.58 -14.841370557581095 -2.8065185417104037
15.581 -14.844176056345841 -2.8044789244477872
15.582 -14.846979520633067 -2.802449586472791
15.583 -14.849780960737855 -2.8004305593807484
15.584 -14.852580386986629 -2.7984218742545837
15.585 -14.855377809736638 -2.7964235616610695
15.586 -14.858173239375432 -2.794435651642965
15.587 -14.860966686320344 -2.7924581737163905
15.588000000000001 -14.863758161017953 -2.7904911568567563
15.589 -14.866547673943542 -2.788534629503039
15.59 -14.869335235600554 -2.7865886195356517
15.591000000000001 -14.872120856520047 -2.7846531542925166
15.592 -14.874904547260119 -2.782728260533059
15.593 -14.877686318405358 -2.780813964467091
15.594000000000001 -14.880466180566264 -2.7789102917099617
15.595 -14.88324414437867 -2.7770172673130737
15.596 -14.886020220503159 -2.775134915726558
15.597 -14.888794419624473 -2.773263260815889
15.598 -14.891566752450915 -2.7714023258402496
15.599 -14.894337229713745 -2.7695521334561715
15.6 -14.897105862166574 -2.767712705703335
15.601 -14.899872660584744 -2.765884064007245
15.602 -14.902637635764709 -2.7640662291617346
15.603 -14.905400798523399 -2.7622592213356896
15.604000000000001 -14.908162159697595 -2.760463060055585
15.605 -14.910921730143283 -2.7586777642047844
15.606 -14.913679520735007 -2.7569033520203536
15.607000000000001 -14.916435542365223 -2.7551398410766765
15.608 -14.919189805943626 -2.7533872482955974
15.609 -14.921942322396502 -2.751645589919979
15.610000000000001 -14.92469310266604 -2.749914881529066
15.611 -14.927442157709672 -2.748195138017373
15.612 -14.93018949849938 -2.7464863735913534
15.613 -14.932935136021008 -2.744788601775454
15.614 -14.935679081273571 -2.743101835384626
15.615 -14.938421345268555 -2.7414260865439557
15.616 -14.94116193902921 -2.7397613666587795
15.617 -14.943900873589838 -2.7381076864286396
15.618 -14.946638159995084 -2.736465055830422
15.619 -14.9493738092992 -2.734833484113341
15.620000000000001 -14.952107832565328 -2.7332129798047546
15.621 -14.954840240864765 -2.73160355068343
15.622 -14.957571045276222 -2.7300052038015212
15.623000000000001 -14.960300256885079 -2.7284179454496438
15.624 -14.963027886782644 -2.7268417811842287
15.625 -14.965753946065389 -2.725276715783592
15.626 -14.968478445834199 -2.723722753288425
15.627 -14.9712013971936 -2.7221798969489783
15.628 -14.973922811250993 -2.720648149261763
15.629 -14.976642699115887 -2.719127511939433
15.63 -14.979361071899104 -2.7176179859059566
15.631 -14.982077940712012 -2.716119571319184
15.632 -14.984793316665721 -2.7146322675174406
15.633000000000001 -14.987507210870303 -2.7131560730761923
15.634 -14.990219634433986 -2.711690985734582
15.635 -14.992930598462355 -2.7102370024669526
15.636000000000001 -14.99564011405754 -2.708794119395382
15.637 -14.998348192317415 -2.7073623318739397
15.638 -15.00105484433477 -2.705941634393179
15.639000000000001 -15.003760081196502 -2.7045320206679837
15.64 -15.006463913982783 -2.7031334835389846
15.641 -15.009166353766238 -2.7017460150669312
15.642 -15.011867411611112 -2.7003696064325577
15.643 -15.01456709857243 -2.6990042480146816
15.644 -15.017265425695161 -2.697649929327508
15.645 -15.019962404013375 -2.6963066390533403
15.646 -15.022658044549397 -2.694974365018437
15.647 -15.02535235831295 -2.693653094198404
15.648 -15.02804535630031 -2.692342812719358
15.649000000000001 -15.030737049493442 -2.6910435058341475
15.65 -15.033427448859142 -2.689755157955692
15.651 -15.036116565348173 -2.6884777526001793
15.652000000000001 -15.0388044098944 -2.687211272453356
15.653 -15.041490993413914 -2.685955699292662
15.654 -15.044176326804168 -2.684711014050015
15.655000000000001 -15.046860420943093 -2.6834771967612974
15.656 -15.049543286688225 -2.682254226595257
15.657 -15.052224934875822 -2.681042081827922
15.658 -15.054905376319983 -2.679840739862408
15.659 -15.057584621811754 -2.6786501771998132
15.66 -15.060262682118255 -2.6774703694710174
15.661 -15.062939567981774 -2.6763012913925075
15.662 -15.06561529011888 -2.6751429168109273
15.663 -15.068289859219533 -2.673995218658767
15.664 -15.070963285946185 -2.6728581689791793
15.665000000000001 -15.073635580932876 -2.6717317389199526
15.666 -15.076306754784344 -2.6706158987174065
15.667 -15.078976818075114 -2.6695106177159724
15.668000000000001 -15.081645781348604 -2.6684158643527023
15.669 -15.084313655116212 -2.6673316061561327
15.67 -15.086980449856418 -2.6662578097552605
15.671000000000001 -15.08964617601387 -2.665194440866663
15.672 -15.092310843998488 -2.664141464302094
15.673 -15.09497446418454 -2.6630988439616514
15.674 -15.097637046909746 -2.6620665428387547
15.675 -15.100298602474359 -2.6610445230119444
15.676 -15.102959141140259 -2.6600327456559034
15.677 -15.10561867313004 -2.6590311710252483
15.678 -15.108277208626104 -2.658039758472605
15.679 -15.11093475776974 -2.657058466428124
15.68 -15.11359133066022 -2.656087252425997
15.681000000000001 -15.116246937353884 -2.6551260730643675
15.682 -15.11890158786323 -2.6541748840675328
15.683 -15.121555292156 -2.6532336401936565
15.684000000000001 -15.124208060154276 -2.652302295363761
15.685 -15.12685990173356 -2.651380802505115
15.686 -15.129510826721873 -2.650469113719865
15.687000000000001 -15.132160844898843 -2.649567180122277
15.688 -15.134809965994796 -2.64867495199283
15.689 -15.13745819968985 -2.647792378637876
15.69 -15.140105555613006 -2.646919408523906
15.691 -15.142752043341254 -2.6460559891435556
15.692 -15.145397672398659 -2.645202067165828
15.693 -15.14804245225546 -2.644357588276934
15.694 -15.150686392327176 -2.6435224973372433
15.695 -15.153329501973706 -2.6426967382570887
15.696 -15.15597179049843 -2.641880254076679
15.697000000000001 -15.15861326714732 -2.6410729869466167
15.698 -15.161253941108038 -2.640274878096882
15.699 -15.163893821509058 -2.6394858679223514
15.700000000000001 -15.16653291741877 -2.638705895856786
15.701 -15.169171237844603 -2.6379349005448742
15.702 -15.171808791732133 -2.637172819637743
15.703000000000001 -15.174445587964213 -2.6364195900368235
15.704 -15.177081635360087 -2.6356751476282194
15.705 -15.179716942674533 -2.6349394275764717
15.706 -15.18235151859697 -2.6342123640227095
15.707 -15.184985371750612 -2.6334938903963367
15.708 -15.187618510691589 -2.6327839391130645
15.709 -15.1902509439081 -2.6320824418884285
15.71 -15.192882679819546 -2.631389329411801
15.711 -15.195513726775687 -2.6307045317123414
15.712 -15.198144093055785 -2.630027977765953
15.713000000000001 -15.200773786867767 -2.629359595925011
15.714 -15.20340281634738 -2.6286993134802077
15.715 -15.20603118955736 -2.6280470571136476
15.716000000000001 -15.208658914486595 -2.627402752454332
15.717 -15.211285999049307 -2.6267663245289765
15.718 -15.213912451084218 -2.6261376973241677
15.719000000000001 -15.216538278353747 -2.625516794237418
15.72 -15.219163488543185 -2.624903537624521
15.721 -15.221788089259896 -2.624297849268745
15.722 -15.224412088032514 -2.623699649932626
15.723 -15.227035492310149 -2.6231088597932266
15.724 -15.22965830946159 -2.6225253980458425
15.725 -15.232280546774524 -2.621949183282943
15.726 -15.234902211454756 -2.6213801331549664
15.727 -15.237523310625438 -2.6208181646960984
15.728 -15.240143851326296 -2.6202631940290604
15.729000000000001 -15.242763840512877 -2.6197151366607523
15.73 -15.245383285055782 -2.619173907206975
15.731 -15.248002191739928 -2.6186394196760325
15.732000000000001 -15.250620567263802 -2.6181115871991385
15.733 -15.253238418238723 -2.6175903223113632
15.734 -15.255855751188113 -2.6170755366872767
15.735000000000001 -15.258472572546784 -2.616567141424604
15.736 -15.261088888660211 -2.6160650467528157
15.737 -15.26370470578383 -2.615569162363909
15.738 -15.266320030082333 -2.6150793970889477
15.739 -15.268934867628982 -2.6145956592220303
15.74 -15.271549224404913 -2.6141178562284413
15.741 -15.27416310629847 -2.6136458950473402
15.742 -15.27677651910452 -2.6131796817942896
15.743 -15.2793894685238 -2.612719122091231
15.744 -15.282001960162251 -2.612264120733951
15.745000000000001 -15.284613999530391 -2.611814582058003
15.746 -15.287225592042656 -2.6113704095774803
15.747 -15.289836743016771 -2.6109315063608234
15.748000000000001 -15.29244745767314 -2.6104977746885534
15.749 -15.295057741134217 -2.6100691163859793
15.75 -15.297667598423914 -2.60964543254044
15.751 -15.30027703446699 -2.609226623757695
15.752 -15.302886054088475 -2.6088125899766332
15.753 -15.305494662013079 -2.6084032306182405
15.754 -15.308102862864633 -2.6079984445029853
15.755 -15.310710661165515 -2.6075981299028728
15.756 -15.313318061336112 -2.607202184566468
15.757 -15.315925067694259 -2.6068105056371826
15.758000000000001 -15.318531684454724 -2.606422989840557
15.759 -15.321137915728665 -2.606039533234935
15.76 -15.32374376552313 -2.6056600315324814
15.761000000000001 -15.326349237740542 -2.605284379779515
15.762 -15.328954336178208 -2.6049124726903883
15.763 -15.33155906452783 -2.6045442043484277
15.764000000000001 -15.334163426375031 -2.604179468501685
15.765 -15.336767425198886 -2.6038181583175914
15.766 -15.339371064371464 -2.6034601666152835
15.767 -15.341974347157391 -2.60310538568087
15.768 -15.344577276713407 -2.60275370745499
15.769 -15.347179856087934 -2.602405023377342
15.77 -15.349782088220673 -2.6020592245496603
15.771 -15.352383975942187 -2.6017162016061968
15.772 -15.354985521973521 -2.601375844864977
15.773 -15.3575867289258 -2.6010380441773746
15.774000000000001 -15.360187599299868 -2.600702689127764
15.775 -15.362788135485921 -2.6003696688337086
15.776 -15.365388339763156 -2.600038872174425
15.777000000000001 -15.367988214299425 -2.5997101875956834
15.778 -15.37058776115091 -2.5993835032963775
15.779 -15.373186982261807 -2.5990587071098323
15.780000000000001 -15.375785879463999 -2.5987356865814704
15.781 -15.37838445447678 -2.5984143289890724
15.782 -15.38098270890656 -2.59809452127185
15.783 -15.38358064424658 -2.597776150174927
15.784 -15.386178261876667 -2.5974591021066518
15.785 -15.388775563062964 -2.597143263295937
15.786 -15.3913725489577 -2.596828519687146
15.787 -15.393969220598944 -2.596514757021712
15.788 -15.39656557891041 -2.596201860836406
15.789 -15.399161624701222 -2.5958897164238333
15.790000000000001 -15.401757358665744 -2.5955782089633046
15.791 -15.404352781383372 -2.595267223347245
15.792 -15.406947893318376 -2.5949566444272647
15.793000000000001 -15.409542694819734 -2.5946463567682603
15.794 -15.41213718612098 -2.594336244916672
15.795 -15.414731367340067 -2.5940261931654924
15.796000000000001 -15.417325238479243 -2.593716085806283
15.797 -15.419918799424925 -2.5934058068961834
15.798 -15.422512049947617 -2.593095240537187
15.799 -15.425104989701786 -2.592784270573081
15.8 -15.42769761822582 -2.5924727809775456
15.801 -15.430289934941921 -2.5921606554346592
15.802 -15.432881939156086 -2.5918477778163065
15.803 -15.43547363005803 -2.5915340317113933
15.804 -15.438065006721173 -2.591219300929784
15.805 -15.440656068102607 -2.590903469014711
15.806000000000001 -15.443246813043096 -2.590586419756258
15.807 -15.445837240267073 -2.5902680367090722
15.808 -15.448427348382653 -2.589948203678716
15.809000000000001 -15.451017135881662 -2.58962680428583
15.81 -15.453606601139674 -2.5893037224020894
15.811 -15.456195742416057 -2.588978841745631
15.812000000000001 -15.45878455785404 -2.5886520463209677
15.813 -15.461373045480782 -2.5883232199799897
15.814 -15.46396120320746 -2.5879922469023815
15.815 -15.466549028829355 -2.587659011136554
15.816 -15.469136520025978 -2.5873233970659215
15.817 -15.471723674361174 -2.5869852890005833
15.818 -15.47431048928326 -2.5866445715583017
15.819 -15.476896962125174 -2.5863011293684304
15.82 -15.479483090104617 -2.5859548473229648
15.821 -15.482068870324229 -2.5856056104180936
15.822000000000001 -15.484654299771766 -2.5852533038775114
15.823 -15.487239375320286 -2.584897813092714
15.824 -15.489824093728352 -2.5845390236756236
15.825000000000001 -15.49240845164025 -2.5841768214600176
15.826 -15.494992445586202 -2.5838110924915436
15.827 -15.497576071982616 -2.5834417230797615
15.828000000000001 -15.50015932713232 -2.583068599771724
15.829 -15.502742207224824 -2.582691609375955
15.83 -15.505324708336596 -2.582310639006891
15.831 -15.507906826431334 -2.5819255760019404
15.832 -15.510488557360269 -2.5815363080894453
15.833 -15.51306989686245 -2.5811427231947377
15.834 -15.515650840565085 -2.5807447096806966
15.835 -15.51823138398384 -2.5803421561241593
15.836 -15.520811522523196 -2.5799349515629557
15.837 -15.523391251476777 -2.5795229852604153
15.838000000000001 -15.525970566027732 -2.5791061469869527
15.839 -15.52854946124908 -2.5786843267247295
15.84 -15.531127932104107 -2.578257415022281
15.841000000000001 -15.53370597344675 -2.5778253026301976
15.842 -15.536283580022 -2.577387880900213
15.843 -15.538860746466307 -2.576945041421545
15.844000000000001 -15.541437467308018 -2.5764966763645627
15.845 -15.544013736967793 -2.5760426782152854
15.846 -15.546589549759059 -2.5755829400021586
15.847 -15.549164899888455 -2.5751173551349504
15.848 -15.551739781456305 -2.574645817563209
15.849 -15.554314188457086 -2.57416822164592
15.85 -15.556888114779909 -2.5736844622988597
15.851 -15.559461554209022 -2.573194434871466
15.852 -15.562034500424307 -2.572698035281159
15.853 -15.564606947001792 -2.5721951599107604
15.854000000000001 -15.567178887414178 -2.5716857057172837
15.855 -15.569750315031373 -2.5711695701598063
15.856 -15.572321223121026 -2.57064665126257
15.857000000000001 -15.574891604849093 -2.5701168476100067
15.858 -15.577461453280378 -2.569580058325178
15.859 -15.580030761379128 -2.569036183155134
15.860000000000001 -15.582599522009591 -2.5684851223646668
15.861 -15.585167727936618 -2.567926776889531
15.862 -15.587735371826248 -2.5673610481838347
15.863 -15.590302446246332 -2.566787838396299
15.864 -15.592868943667131 -2.5662070502141927
15.865 -15.59543485646195 -2.5656185870295967
15.866 -15.598000176907764 -2.5650223528010088
15.867 -15.600564897185869 -2.564418252193847
15.868 -15.603129009382517 -2.5638061904738447
15.869 -15.605692505489587 -2.5631860736142706
15.870000000000001 -15.60825537740524 -2.562557808215681
15.871 -15.610817616934598 -2.56192130159627
15.872 -15.613379215790427 -2.561276461722254
15.873000000000001 -15.615940165593823 -2.560623197289435
15.874 -15.618500457874907 -2.559961417656861
15.875 -15.621060084073534 -2.559291032931604
15.876 -15.623619035540003 -2.5586119538911856
15.877 -15.626177303535782 -2.5579240920925335
15.878 -15.628734879234221 -2.5572273597516246
15.879 -15.631291753721303 -2.556521669911357
15.88 -15.633847917996366 -2.555806936248399
15.881 -15.63640336297287 -2.555083073315963
15.882 -15.638958079479135 -2.554349996296203
15.883000000000001 -15.641512058259115 -2.5536076212578007
15.884 -15.644065289973154 -2.552855864931384
15.885 -15.646617765198767 -2.5520946449113353
15.886000000000001 -15.649169474431423 -2.5513238795167164
15.887 -15.651720408085318 -2.550543487887645
15.888 -15.65427055649418 -2.549753389948685
15.889000000000001 -15.656819909912068 -2.548953506422725
15.89 -15.659368458514166 -2.5481437588502995
15.891 -15.661916192397598 -2.547324069566274
15.892 -15.66446310158224 -2.5464943617487075
15.893 -15.667009176011554 -2.5456545593715396
15.894 -15.66955440555339 -2.5448045872565177
15.895 -15.67209878000084 -2.543944371056553
15.896 -15.674642289073056 -2.543073837240938
15.897 -15.677184922416107 -2.542192913171126
15.898 -15.679726669603808 -2.5413015269839487
15.899000000000001 -15.682267520138582 -2.5403996077544058
15.9 -15.684807463452314 -2.5394870853263694
15.901 -15.687346488907199 -2.5385638904862464
15.902000000000001 -15.689884585796618 -2.5376299548157375
15.903 -15.692421743345998 -2.53668521082491
15.904 -15.694957950713686 -2.535729591842999
15.905000000000001 -15.697493196991825 -2.5347630321266474
15.906 -15.700027471207228 -2.5337854667704507
15.907 -15.702560762322262 -2.532796831782536
15.908 -15.705093059235741 -2.5317970640442224
15.909 -15.7076243507838 -2.530786101325011
15.91 -15.7101546257408 -2.529763882308881
15.911 -15.712683872820223 -2.5287303465347177
15.912 -15.71521208067556 -2.527685434503068
15.913 -15.717739237901217 -2.526629087536552
15.914 -15.720265333033426 -2.5255612479616656
15.915000000000001 -15.722790354551138 -2.5244818588905447
15.916 -15.725314290876941 -2.5233908644867036
15.917 -15.727837130377967 -2.522288209672222
15.918000000000001 -15.730358861366803 -2.521173840437187
15.919 -15.732879472102406 -2.5200477035361333
15.92 -15.735398950791025 -2.518909746788887
15.921000000000001 -15.737917285587113 -2.5177599187908513
15.922 -15.74043446459425 -2.5165981691947037
15.923 -15.742950475866063 -2.515424448447419
15.924 -15.745465307407148 -2.5142387080330306
15.925 -15.747978947173996 -2.5130409002693264
15.926 -15.750491383075914 -2.511830978457762
15.927 -15.75300260297596 -2.510608896801708
15.928 -15.75551259469185 -2.509374610424698
15.929 -15.758021345996914 -2.5081280754163977
15.93 -15.760528844620996 -2.5068692487249455
15.931000000000001 -15.7630350782514 -2.505598088318418
15.932 -15.765540034533812 -2.5043145529937445
15.933 -15.76804370107323 -2.503018602576251
15.934000000000001 -15.770546065434894 -2.501710197724104
15.935 -15.77304711514521 -2.500389300115323
15.936 -15.775546837692687 -2.4990558722734493
15.937000000000001 -15.778045220528854 -2.4977098777198936
15.938 -15.780542251069201 -2.4963512808517727
15.939 -15.783037916694097 -2.494980047025669
15.94 -15.785532204749718 -2.493596142509181
15.941 -15.788025102548973 -2.492199534496414
15.942 -15.790516597372434 -2.490790191118062
15.943 -15.793006676469256 -2.4893680814038763
15.944 -15.795495327058097 -2.4879331753385387
15.945 -15.797982536328043 -2.4864854437913095
15.946 -15.800468291439527 -2.485024858588448
15.947000000000001 -15.80295257952525 -2.4835513924343715
15.948 -15.805435387691094 -2.4820650189920324
15.949 -15.807916703017042 -2.480565712796202
15.950000000000001 -15.810396512558086 -2.4790534493301415
15.951 -15.81287480334514 -2.4775282049666645
15.952 -15.815351562385958 -2.475989956992064
15.953000000000001 -15.817826776666028 -2.4744386836022474
15.954 -15.820300433149484 -2.4728743638922137
15.955 -15.82277251878001 -2.4712969778638585
15.956 -15.825243020481738 -2.4697065064098176
15.957 -15.827711925160143 -2.4681029313299563
15.958 -15.830179219702945 -2.4664862353090347
15.959 -15.832644890980996 -2.464856401922947
15.96 -15.835108925849164 -2.4632134156418455
15.961 -15.837571311147235 -2.4615572618170516
15.962 -15.84003203370078 -2.459887926670864
15.963000000000001 -15.842491080322047 -2.4582053973368727
15.964 -15.844948437810825 -2.456509661764843
15.965 -15.84740409295533 -2.4548007088579094
15.966000000000001 -15.849858032533067 -2.4530785282925964
15.967 -15.8523102433117 -2.4513431107063024
15.968 -15.854760712049915 -2.4495944475043223
15.969000000000001 -15.857209425498272 -2.447832531037185
15.97 -15.85965637040007 -2.446057354425659
15.971 -15.86210153349219 -2.444268911715279
15.972 -15.864544901505946 -2.4424671977292647
15.973 -15.866986461167928 -2.440652208191594
15.974 -15.869426199200838 -2.4388239396080125
15.975 -15.871864102324329 -2.436982389365327
15.976 -15.874300157255831 -2.435127555639723
15.977 -15.876734350711377 -2.433259437456377
15.978 -15.879166669406427 -2.4313780346473086
15.979000000000001 -15.88159710005668 -2.429483347858483
15.98 -15.884025629378893 -2.427575378553528
15.981 -15.886452244091679 -2.4256541289898563
15.982000000000001 -15.888876930916318 -2.4237196022378686
15.983 -15.891299676577546 -2.4217718021419326
15.984 -15.893720467804357 -2.4198107333725294
15.985000000000001 -15.89613929133078 -2.417836401332599
15.986 -15.89855613389667 -2.4158488122651915
15.987 -15.900970982248483 -2.413847973128698
15.988 -15.903383823140038 -2.4118338917056352
15.989 -15.905794643333302 -2.40980657648973
15.99 -15.908203429599133 -2.407766036784871
15.991 -15.910610168718051 -2.40571228259818
15.992 -15.913014847480978 -2.403645324730706
15.993 -15.915417452689983 -2.401565174681565
15.994 -15.917817971159025 -2.3994718447292303
15.995000000000001 -15.920216389714685 -2.3973653478366472
15.996 -15.922612695196898 -2.3952456977464487
15.997 -15.925006874459662 -2.393112908849946
15.998000000000001 -15.927398914371771 -2.3909669963402576
15.999 -15.92978880181751 -2.388807976010278
16.0 -15.93217652369737 -2.3866358644789227
16.001 -15.934562066928738 -2.384450678920577
16.002 -15.936945418446598 -2.382252437348754
16.003 -15.939326565204208 -2.3800411583063332
16.004 -15.941705494173785 -2.3778168611615245
16.005 -15.94408219234718 -2.375579565817307
16.006 -15.94645664673654 -2.3733292929604617
16.007 -15.948828844374974 -2.3710660638349905
16.008 -15.951198772317207 -2.368789900417805
16.009 -15.953566417640227 -2.36650082526971
16.01 -15.955931767443927 -2.36419886163396
16.011 -15.958294808851747 -2.3618840333598246
16.012 -15.960655529011293 -2.3595563649344347
16.013 -15.963013915094969 -2.357215881463539
16.014 -15.96536995430059 -2.354862608662954
16.015 -15.967723633851989 -2.352496572856336
16.016000000000002 -15.970074940999627 -2.3501178009723502
16.017 -15.972423863021183 -2.3477263205190457
16.018 -15.974770387222145 -2.345322159613666
16.019000000000002 -15.9771145009364 -2.3429053469256726
16.02 -15.979456191526804 -2.340475911729504
16.021 -15.981795446385753 -2.3380338838306076
16.022000000000002 -15.98413225293575 -2.3355792936344058
16.023 -15.986466598629955 -2.3331121720570733
16.024 -15.988798470952743 -2.3306325506031933
16.025 -15.99112785742024 -2.3281404612768783
16.026 -15.993454745580864 -2.325635936654005
16.027 -15.99577912301585 -2.323119009798322
16.028 -15.998100977339782 -2.3205897143308345
16.029 -16.00042029620109 -2.3180480843451785
16.03 -16.00273706728258 -2.315494154485645
16.031 -16.005051278301934 -2.3129279598388104
16.032 -16.00736291701218 -2.310349536053672
16.033 -16.00967197120221 -2.3077589191840895
16.034 -16.011978428697248 -2.305156145842638
16.035 -16.014282277359325 -2.3025412530386777
16.036 -16.016583505087752 -2.2999142783076034
16.037 -16.018882099819578 -2.297275259597432
16.038 -16.021178049530036 -2.2946242353323534
16.039 -16.023471342233 -2.2919612443736828
16.04 -16.025761965981427 -2.2892863260071596
16.041 -16.02804990886778 -2.2865995199766767
16.042 -16.030335159024453 -2.2839008664071145
16.043 -16.032617704624208 -2.28119040589033
16.044 -16.034897533880574 -2.278468179371214
16.045 -16.03717463504825 -2.275734228254453
16.046 -16.03944899642351 -2.2729885942821704
16.047 -16.041720606344594 -2.270231319642937
16.048000000000002 -16.043989453192093 -2.2674624468469626
16.049 -16.046255525389327 -2.264682018840765
16.05 -16.048518811402708 -2.2618900788785083
16.051000000000002 -16.050779299742118 -2.259086670629507
16.052 -16.05303697896126 -2.2562718380702727
16.053 -16.055291837658007 -2.2534456255658593
16.054000000000002 -16.057543864474752 -2.250608077783739
16.055 -16.059793048098733 -2.2477592397631776
16.056 -16.06203937726238 -2.2448991568293635
16.057 -16.06428284074362 -2.242027874673715
16.058 -16.06652342736621 -2.239145439250337
16.059 -16.068761126000048 -2.236251896872771
16.06 -16.070995925561455 -2.2333472941038055
16.061 -16.073227815013496 -2.2304316778471276
16.062 -16.075456783366256 -2.2275050952483757
16.063 -16.077682819677126 -2.2245675937754226
16.064 -16.079905913051082 -2.2216192211328183
16.065 -16.082126052640962 -2.2186600253210176
16.066 -16.084343227647715 -2.2156900545794587
16.067 -16.086557427320667 -2.2127093574174905
16.068 -16.08876864095777 -2.209717982579129
16.069 -16.090976857905847 -2.2067159790599256
16.07 -16.093182067560825 -2.2037033960802432
16.071 -16.095384259367975 -2.2006802830977
16.072 -16.09758342282213 -2.1976466897816165
16.073 -16.099779547467904 -2.1946026660267495
16.074 -16.101972622899904 -2.1915482619281432
16.075 -16.10416263876294 -2.1884835277882146
16.076 -16.10634958475222 -2.1854085141060624
16.077 -16.108533450613542 -2.1823232715640386
16.078 -16.110714226143497 -2.1792278510427847
16.079 -16.11289190118961 -2.176122303577445
16.080000000000002 -16.115066465650564 -2.1730066804075925
16.081 -16.117237909476337 -2.169881032894192
16.082 -16.119406222668374 -2.1667454126134915
16.083000000000002 -16.121571395279734 -2.163599871228044
16.084 -16.12373341741526 -2.1604444606234
16.085 -16.125892279231707 -2.157279232744557
16.086000000000002 -16.12804797093788 -2.1541042397570584
16.087 -16.13020048279478 -2.150919533872238
16.088 -16.132349805115712 -2.1477251675014113
16.089 -16.134495928266425 -2.144521193108877
16.09 -16.136638842665214 -2.1413076633235124
16.091 -16.13877853878303 -2.13808463083917
16.092 -16.140915007143587 -2.134852148482919
16.093 -16.143048238323463 -2.131610269150671
16.094 -16.145178222952186 -2.128359045848718
16.095 -16.14730495171232 -2.125098531650725
16.096 -16.14942841533956 -2.121828779720521
16.097 -16.151548604622782 -2.118549843286243
16.098 -16.15366551040413 -2.115261775651941
16.099 -16.15577912357909 -2.1119646301714923
16.1 -16.15788943509652 -2.108658460271064
16.101 -16.15999643595874 -2.105343319411143
16.102 -16.16210011722154 -2.102019261114745
16.103 -16.16420046999427 -2.098686338929253
16.104 -16.166297485439834 -2.0953446064539474
16.105 -16.16839115477475 -2.091994117303476
16.106 -16.17048146926917 -2.0886349251302105
16.107 -16.172568420246904 -2.0852670835980107
16.108 -16.174651999085434 -2.081890646391288
16.109 -16.17673219721593 -2.078505667202841
16.11 -16.178809006123263 -2.075112199728839
16.111 -16.180882417345998 -2.071710297673092
16.112000000000002 -16.182952422476394 -2.0683000147234245
16.113 -16.185019013160407 -2.0648814045731942
16.114 -16.18708218109767 -2.0614545208866275
16.115000000000002 -16.18914191804147 -2.0580194173247315
16.116 -16.19119821579875 -2.0545761475116033
16.117 -16.193251066230058 -2.051124765054195
16.118000000000002 -16.195300461249534 -2.047665323521405
16.119 -16.197346392824873 -2.0441978764474986
16.12 -16.19938885297728 -2.040722477325358
16.121 -16.20142783378143 -2.0372391796039575
16.122 -16.203463327365423 -2.0337480366772036
16.123 -16.205495325910725 -2.03024910189513
16.124 -16.20752382165212 -2.0267424285337126
16.125 -16.209548806877645 -2.0232280698275145
16.126 -16.211570273928526 -2.0197060789190187
16.127 -16.21358821519911 -2.0161765089071246
16.128 -16.215602623136792 -2.0126394127884826
16.129 -16.21761349024194 -2.0090948435090645
16.13 -16.219620809067806 -2.005542853902281
16.131 -16.221624572220453 -2.001983496745953
16.132 -16.22362477235866 -1.9984168246955343
16.133 -16.22562140219383 -1.994842890344791
16.134 -16.22761445448989 -1.9912617461549338
16.135 -16.2296039220632 -1.98767344452218
16.136 -16.23158979778244 -1.984078037698847
16.137 -16.233572074568517 -1.980475577865873
16.138 -16.235550745394434 -1.9768661170572648
16.139 -16.237525803285187 -1.9732497072198512
16.14 -16.23949724131765 -1.9696264001577568
16.141000000000002 -16.24146505262045 -1.9659962475696053
16.142 -16.243429230373835 -1.962359301014186
16.143 -16.24538976780956 -1.9587156119318467
16.144000000000002 -16.247346658210745 -1.95506523161963
16.145 -16.249299894911747 -1.951408211247668
16.146 -16.251249471298014 -1.9477446018384317
16.147000000000002 -16.253195380805955 -1.9440744542792485
16.148 -16.255137616922784 -1.9403978193054587
16.149 -16.257076173186384 -1.936714747509194
16.15 -16.25901104318515 -1.93302528932586
16.151 -16.26094222055784 -1.929329495042138
16.152 -16.26286969899341 -1.9256274147803591
16.153 -16.264793472230867 -1.921919098510279
16.154 -16.266713534059104 -1.9182045960306764
16.155 -16.26862987831673 -1.914483956982186
16.156 -16.270542498891906 -1.9107572308304708
16.157 -16.272451389722185 -1.9070244668745435
16.158 -16.274356544794315 -1.903285714236464
16.159 -16.276257958144093 -1.8995410218661797
16.16 -16.27815562385617 -1.8957904385278295
16.161 -16.280049536063867 -1.892034012814313
16.162 -16.281939688949013 -1.8882717931224868
16.163 -16.28382607674174 -1.8845038276770114
16.164 -16.285708693720302 -1.8807301644993826
16.165 -16.28758753421089 -1.8769508514358546
16.166 -16.289462592587434 -1.8731659361237996
16.167 -16.29133386327142 -1.8693754660218251
16.168 -16.293201340731674 -1.8655794883752121
16.169 -16.295065019484184 -1.8617780502449484
16.17 -16.29692489409189 -1.8579711984774683
16.171 -16.298780959164485 -1.8541589797259868
16.172 -16.3006332093582 -1.8503414404325442
16.173000000000002 -16.30248163937561 -1.8465186268323301
16.174 -16.304326243965424 -1.8426905849570143
16.175 -16.30616701792227 -1.8388573606146694
16.176000000000002 -16.308003956086488 -1.8350189994204504
16.177 -16.30983705334391 -1.8311755467487172
16.178 -16.311666304625657 -1.827327047788222
16.179000000000002 -16.313491704907907 -1.8234735474766184
16.18 -16.315313249211684 -1.819615090566328
16.181 -16.317130932602637 -1.8157517215546313
16.182 -16.31894475019082 -1.811883484748446
16.183 -16.320754697130457 -1.8080104242006154
16.184 -16.322560768619738 -1.8041325837659814
16.185 -16.324362959900576 -1.800250007046482
16.186 -16.32616126625839 -1.7963627374399311
16.187 -16.327955683021855 -1.7924708180920625
16.188 -16.329746205562703 -1.788574291937593
16.189 -16.331532829295465 -1.7846732016610383
16.19 -16.333315549677256 -1.7807675897293802
16.191 -16.335094362207524 -1.776857498360755
16.192 -16.336869262427832 -1.7729429695499308
16.193 -16.33864024592161 -1.76902404504356
16.194 -16.34040730831392 -1.7651007663603007
16.195 -16.342170445271226 -1.7611731747710868
16.196 -16.34392965250113 -1.7572413113140208
16.197 -16.345684925752167 -1.7533052167807945
16.198 -16.347436260813534 -1.74936493172503
16.199 -16.349183653514864 -1.7454204964547133
16.2 -16.350927099725972 -1.7414719510368908
16.201 -16.35266659535662 -1.7375193352917189
16.202 -16.354402136356274 -1.7335626887963556
16.203 -16.35613371871384 -1.7296020508805354
16.204 -16.35786133845744 -1.7256374606276892
16.205000000000002 -16.35958499165416 -1.7216689568755257
16.206 -16.36130467440979 -1.7176965782105278
16.207 -16.36302038286859 -1.7137203629756013
16.208000000000002 -16.36473211321303 -1.7097403492586742
16.209 -16.36643986166355 -1.7057565749044308
16.21 -16.368143624478307 -1.7017690775016374
16.211000000000002 -16.369843397952923 -1.6977778943934383
16.212 -16.371539178420235 -1.6937830626685084
16.213 -16.37323096225005 -1.6897846191665722
16.214 -16.37491874584888 -1.6857826004741407
16.215 -16.376602525659703 -1.6817770429268522
16.216 -16.3782822981617 -1.6777679826070893
16.217 -16.379958059870017 -1.673755455345686
16.218 -16.381629807335504 -1.6697394967194077
16.219 -16.38329753714445 -1.6657201420539212
16.22 -16.384961245918355 -1.6616974264191504
16.221 -16.386620930313654 -1.6576713846346702
16.222 -16.388276587021487 -1.653642051263539
16.223 -16.389928212767416 -1.6496094606186587
16.224 -16.391575804311195 -1.645573646755831
16.225 -16.39321935844651 -1.6415346434809612
16.226 -16.39485887200072 -1.6374924843424778
16.227 -16.396494341834615 -1.6334472026394908
16.228 -16.398125764842145 -1.6293988314133427
16.229 -16.399753137950185 -1.6253474034559645
16.23 -16.401376458118268 -1.62129295130271
16.231 -16.402995722338343 -1.6172355072382583
16.232 -16.40461092763451 -1.6131751032927468
16.233 -16.406222071062782 -1.6091117712443521
16.234 -16.40782914971081 -1.6050455426186097
16.235 -16.40943216069766 -1.6009764486883424
16.236 -16.41103110117353 -1.5969045204750747
16.237000000000002 -16.412625968319528 -1.5928297887478233
16.238 -16.414216759347394 -1.588752284025039
16.239 -16.415803471499263 -1.5846720365732236
16.240000000000002 -16.417386102047416 -1.580589076409249
16.241 -16.418964648294022 -1.5765034332985572
16.242 -16.420539107570896 -1.5724151367580053
16.243000000000002 -16.422109477239236 -1.5683242160537543
16.244 -16.423675754689388 -1.56423070020441
16.245 -16.425237937340594 -1.5601346179785278
16.246 -16.426796022640733 -1.5560359978987404
16.247 -16.428350008066086 -1.5519348682379752
16.248 -16.429899891121092 -1.5478312570246442
16.249 -16.431445669338085 -1.543725192038931
16.25 -16.43298734027706 -1.5396167008169916
16.251 -16.43452490152542 -1.5355058106486488
16.252 -16.436058350697746 -1.5313925485803912
16.253 -16.43758768543554 -1.5272769414142402
16.254 -16.439112903406976 -1.5231590157096897
16.255 -16.44063400230668 -1.5190387977837658
16.256 -16.442150979855466 -1.5149163137116426
16.257 -16.443663833800105 -1.5107915893284491
16.258 -16.44517256191308 -1.506664650227848
16.259 -16.44667716199235 -1.5025355217663008
16.26 -16.448177631861114 -1.4984042290590711
16.261 -16.449673969367566 -1.494270796986817
16.262 -16.451166172384657 -1.4901352501904
16.263 -16.452654238809867 -1.4859976130774326
16.264 -16.454138166564967 -1.48185790981805
16.265 -16.455617953595777 -1.4777161643503118
16.266000000000002 -16.457093597871935 -1.47357240037719
16.267 -16.458565097386682 -1.4694266413709576
16.268 -16.460032450156596 -1.4652789105708512
16.269000000000002 -16.46149565422139 -1.4611292309875958
16.27 -16.462954707643664 -1.456977625400139
16.271 -16.464409608508696 -1.4528241163616586
16.272000000000002 -16.465860354924196 -1.4486687261950109
16.273 -16.46730694502008 -1.4445114769996936
16.274 -16.46874937694826 -1.4403523906466702
16.275 -16.470187648882398 -1.4361914887858365
16.276 -16.471621759017697 -1.4320287928406423
16.277 -16.47305170557068 -1.4278643240155033
16.278 -16.474477486778948 -1.4236981032907934
16.279 -16.475899100900993 -1.4195301514299385
16.28 -16.477316546215942 -1.4153604889747606
16.281 -16.47872982102336 -1.4111891362519196
16.282 -16.48013892364304 -1.4070161133695247
16.283 -16.481543852414767 -1.4028414402220284
16.284 -16.482944605698112 -1.3986651364885945
16.285 -16.484341181872225 -1.3944872216361814
16.286 -16.485733579335612 -1.390307714919685
16.287 -16.48712179650593 -1.3861266353835837
16.288 -16.488505831819783 -1.3819440018633855
16.289 -16.489885683732492 -1.3777598329859415
16.29 -16.491261350717913 -1.3735741471724516
16.291 -16.492632831268214 -1.3693869626372448
16.292 -16.49400012389368 -1.3651982973920935
16.293 -16.495363227122507 -1.3610081692442366
16.294 -16.49672213950059 -1.3568165958009741
16.295 -16.49807685959134 -1.352623594467839
16.296 -16.499427385975466 -1.3484291824528307
16.297 -16.500773717250794 -1.3442333767651915
16.298000000000002 -16.50211585203206 -1.340036194218965
16.299 -16.503453788950704 -1.335837651432451
16.3 -16.504787526654706 -1.3316377648312627
16.301000000000002 -16.506117063808368 -1.3274365506481434
16.302 -16.507442399092128 -1.3232340249259888
16.303 -16.50876353120237 -1.3190302035173873
16.304000000000002 -16.51008045885124 -1.3148251020881547
16.305 -16.51139318076646 -1.3106187361165038
16.306 -16.51270169569113 -1.3064111208966551
16.307 -16.514006002383557 -1.302202271538377
16.308 -16.515306099617067 -1.297992202969834
16.309 -16.516601986179822 -1.293780929938274
16.31 -16.51789366087464 -1.2895684670117187
16.311 -16.519181122518827 -1.2853548285805256
16.312 -16.52046436994398 -1.2811400288586672
16.313 -16.521743401995828 -1.2769240818854775
16.314 -16.52301821753405 -1.272707001526816
16.315 -16.52428881543211 -1.2684888014769573
16.316 -16.52555519457708 -1.2642694952597828
16.317 -16.52681735386947 -1.2600490962305104
16.318 -16.528075292223058 -1.2558276175770484
16.319 -16.52932900856473 -1.2516050723218026
16.32 -16.530578501834317 -1.2473814733227702
16.321 -16.531823770984417 -1.2431568332757243
16.322 -16.533064814980253 -1.2389311647149843
16.323 -16.534301632799497 -1.2347044800158953
16.324 -16.53553422343212 -1.2304767913953194
16.325 -16.536762585880226 -1.2262481109145138
16.326 -16.53798671915791 -1.2220184504791956
16.327 -16.539206622291097 -1.2177878218427842
16.328 -16.540422294317384 -1.2135562366062003
16.329 -16.541633734285895 -1.2093237062215625
16.330000000000002 -16.542840941257133 -1.2050902419913418
16.331 -16.54404391430283 -1.2008558550725832
16.332 -16.545242652505802 -1.1966205564759824
16.333000000000002 -16.546437154959808 -1.1923843570698933
16.334 -16.5476274207694 -1.1881472675798397
16.335 -16.54881344904978 -1.1839092985917787
16.336000000000002 -16.549995238926684 -1.1796704605527852
16.337 -16.551172789536206 -1.1754307637729937
16.338 -16.5523461000247 -1.1711902184273901
16.339 -16.553515169548618 -1.166948834557129
16.34 -16.554679997274384 -1.1627066220716296
16.341 -16.55584058237828 -1.1584635907496406
16.342 -16.556996924046288 -1.154219750241733
16.343 -16.558149021473987 -1.1499751100709772
16.344 -16.559296873866412 -1.1457296796356145
16.345 -16.560440480437936 -1.1414834682099444
16.346 -16.561579840412143 -1.137236484946482
16.347 -16.56271495302171 -1.1329887388775097
16.348 -16.56384581750829 -1.1287402389166166
16.349 -16.56497243312239 -1.1244909938607848
16.35 -16.566094799123253 -1.1202410123915154
16.351 -16.56721291477875 -1.1159903030772989
16.352 -16.568326779365265 -1.1117388743743144
16.353 -16.56943639216758 -1.1074867346294213
16.354 -16.570541752478775 -1.1032338920803897
16.355 -16.57164285960011 -1.0989803548591595
16.356 -16.572739712840924 -1.094726130992149
16.357 -16.573832311518537 -1.0904712284031515
16.358 -16.57492065495813 -1.0862156549141269
16.359 -16.576004742492675 -1.0819594182477248
16.36 -16.5770845734628 -1.0777025260283097
16.361 -16.578160147216714 -1.0734449857843593
16.362000000000002 -16.579231463110112 -1.0691868049495488
16.363 -16.580298520506076 -1.0649279908652076
16.364 -16.581361318774974 -1.060668550781272
16.365000000000002 -16.582419857294393 -1.0564084918588816
16.366 -16.58347413544903 -1.0521478211712831
16.367 -16.58452415263061 -1.047886545706401
16.368000000000002 -16.58556990823781 -1.0436246723678115
16.369 -16.586611401676166 -1.039362207977287
16.37 -16.587648632357997 -1.0350991592757177
16.371 -16.588681599702323 -1.030835532925802
16.372 -16.589710303134787 -1.026571335512815
16.373 -16.59073474208758 -1.0223065735474421
16.374 -16.59175491599937 -1.018041253466387
16.375 -16.592770824315227 -1.0137753816354322
16.376 -16.593782466486545 -1.0095089643498338
16.377 -16.594789841970982 -1.0052420078375184
16.378 -16.595792950232394 -1.0009745182594254
16.379 -16.59679179074076 -0.9967065017127571
16.38 -16.59778636297213 -0.9924379642312554
16.381 -16.598776666408558 -0.988168911788497
16.382 -16.599762700538037 -0.9838993502982434
16.383 -16.60074446485445 -0.9796292856175018
16.384 -16.601721958857503 -0.9753587235472776
16.385 -16.602695182052685 -0.9710876698351597
16.386 -16.6036641339512 -0.9668161301765315
16.387 -16.60462881406992 -0.962544110216768
16.388 -16.605589221931343 -0.9582716155527753
16.389 -16.606545357063546 -0.953998651734953
16.39 -16.607497219000123 -0.9497252242689026
16.391000000000002 -16.60844480728016 -0.9454513386172186
16.392 -16.609388121448177 -0.9411770002014433
16.393 -16.610327161054105 -0.9369022144035616
16.394000000000002 -16.61126192565323 -0.9326269865682407
16.395 -16.612192414806177 -0.9283513220041191
16.396 -16.613118628078844 -0.9240752259861958
16.397000000000002 -16.614040565042405 -0.9197987037569894
16.398 -16.614958225273252 -0.9155217605290804
16.399 -16.615871608352982 -0.9112444014860502
16.4 -16.61678071386836 -0.9069666317854216
16.401 -16.617685541411284 -0.9026884565589642
16.402 -16.61858609057879 -0.8984098809164373
16.403 -16.61948236097301 -0.894130909945069
16.404 -16.62037435220114 -0.889851548714085
16.405 -16.62126206387545 -0.885571802273517
16.406 -16.62214549561325 -0.8812916756591512
16.407 -16.62302464703687 -0.877011173891299
16.408 -16.62389951777367 -0.8727303019794337
16.409 -16.624770107455998 -0.8684490649214928
16.41 -16.625636415721207 -0.8641674677078641
16.411 -16.62649844221163 -0.8598855153213973
16.412 -16.627356186574588 -0.855603212740708
16.413 -16.62820964846237 -0.8513205649408728
16.414 -16.629058827532244 -0.84703757689599
16.415 -16.629903723446454 -0.8427542535806084
16.416 -16.630744335872215 -0.8384705999716905
16.417 -16.63158066448173 -0.8341866210504173
16.418 -16.632412708952177 -0.8299023218040864
16.419 -16.633240468965727 -0.825617707227685
16.42 -16.634063944209554 -0.821332782326186
16.421 -16.63488313437584 -0.8170475521157002
16.422 -16.635698039161788 -0.812762021626138
16.423000000000002 -16.636508658269648 -0.8084761959020625
16.424 -16.637314991406715 -0.8041900800056098
16.425 -16.638117038285355 -0.7999036790171247
16.426000000000002 -16.638914798623023 -0.7956169980382919
16.427 -16.639708272142297 -0.7913300421924314
16.428 -16.640497458570884 -0.7870428166282469
16.429000000000002 -16.64128235764165 -0.7827553265192557
16.43 -16.64206296909265 -0.7784675770684631
16.431 -16.64283929266716 -0.7741795735069452
16.432 -16.6436113281137 -0.7698913210992855
16.433 -16.644379075186073 -0.765602825141446
16.434 -16.645142533643398 -0.7613140909668413
16.435 -16.64590170325014 -0.757025123943737
16.436 -16.646656583776156 -0.7527359294815459
16.437 -16.647407174996733 -0.7484465130282514
16.438 -16.648153476692624 -0.7441568800765175
16.439 -16.6488954886501 -0.7398670361613621
16.44 -16.64963321066099 -0.7355769868659763
16.441 -16.650366642522723 -0.7312867378197752
16.442 -16.651095784038393 -0.7269962947036441
16.443 -16.651820635016794 -0.7227056632488783
16.444 -16.652541195272484 -0.7184148492412022
16.445 -16.653257464625828 -0.7141238585210989
16.446 -16.653969442903062 -0.7098326969865326
16.447 -16.654677129936353 -0.7055413705943
16.448 -16.655380525563846 -0.7012498853620235
16.449 -16.656079629629748 -0.6969582473700112
16.45 -16.65677444198437 -0.6926664627628439
16.451 -16.6574649624842 -0.6883745377516364
16.452 -16.65815119099198 -0.6840824786152051
16.453 -16.658833127376752 -0.6797902917026558
16.454 -16.659510771513954 -0.6754979834344105
16.455000000000002 -16.660184123285475 -0.6712055603047826
16.456 -16.660853182579743 -0.6669130288829831
16.457 -16.661517949291788 -0.6626203958159117
16.458000000000002 -16.662178423323326 -0.6583276678287779
16.459 -16.66283460458284 -0.6540348517281828
16.46 -16.663486492985662 -0.6497419544027394
16.461000000000002 -16.664134088454055 -0.6454489828258891
16.462 -16.664777390917298 -0.6411559440568663
16.463 -16.66541640031177 -0.6368628452432294
16.464 -16.66605111658105 -0.6325696936219938
16.465 -16.666681539675988 -0.6282764965220444
16.466 -16.667307669554823 -0.623983261365401
16.467 -16.667929506183256 -0.6196899956694585
16.468 -16.668547049534553 -0.6153967070483994
16.469 -16.669160299589645 -0.6111034032153317
16.47 -16.669769256337233 -0.6068100919837573
16.471 -16.670373919773873 -0.6025167812696905
16.472 -16.67097428990409 -0.5982234790930294
16.473 -16.671570366740486 -0.5939301935799411
16.474 -16.672162150303844 -0.5896369329637817
16.475 -16.672749640623234 -0.5853437055879598
16.476 -16.67333283773612 -0.5810505199065671
16.477 -16.673911741688478 -0.5767573844871762
16.478 -16.67448635253492 -0.5724643080118249
16.479 -16.675056670338783 -0.5681712992792575
16.48 -16.675622695172272 -0.5638783672066289
16.481 -16.676184427116567 -0.5595855208308438
16.482 -16.676741866261942 -0.5552927693112201
16.483 -16.677295012707894 -0.551000121929977
16.484 -16.67784386656327 -0.5467075880954229
16.485 -16.67838842794638 -0.5424151773422933
16.486 -16.678928696985142 -0.5381228993348266
16.487000000000002 -16.679464673817197 -0.5338307638672337
16.488 -16.679996358590046 -0.5295387808666929
16.489 -16.68052375146119 -0.5252469603938448
16.490000000000002 -16.681046852598257 -0.5209553126457148
16.491 -16.681565662179136 -0.5166638479564043
16.492 -16.682080180392123 -0.5123725767995966
16.493000000000002 -16.682590407436063 -0.5080815097898671
16.494 -16.683096343520475 -0.5037906576843245
16.495 -16.68359798886572 -0.49950003138487664
16.496 -16.684095343703127 -0.4952096419391407
16.497 -16.684588408275147 -0.4909195005429024
16.498 -16.685077182835503 -0.48662961854127473
16.499 -16.685561667649342 -0.4823400074306301
16.5 -16.686041862993374 -0.47805067886041547
16.501 -16.686517769156044 -0.47376164463444265
16.502 -16.686989386437677 -0.46947291671294267
16.503 -16.68745671515064 -0.46518450721418947
16.504 -16.68791975561949 -0.4608964284157934
16.505 -16.68837850818115 -0.4566086927570157
16.506 -16.68883297318506 -0.4523213128398676
16.507 -16.689283150993347 -0.44803430143086737
16.508 -16.68972904198099 -0.4437476714631139
16.509 -16.69017064653597 -0.4394614360372286
16.51 -16.690607965059478 -0.4351756084236311
16.511 -16.691040997966038 -0.4308902020637466
16.512 -16.691469745683715 -0.4266052305718774
16.513 -16.691894208654272 -0.42232070773662467
16.514 -16.692314387333347 -0.41803664752266545
16.515 -16.692730282190634 -0.41375306407234186
16.516000000000002 -16.69314189371006 -0.4094699717068957
16.517 -16.693549222389954 -0.40518738492896983
16.518 -16.693952268743253 -0.4009053184226474
16.519000000000002 -16.69435103329766 -0.3966237870572229
16.52 -16.694745516595848 -0.3923428058859313
16.521 -16.69513571919563 -0.3880623901508468
16.522000000000002 -16.695521641670158 -0.38378255528081223
16.523 -16.695903284608107 -0.3795033168966958
16.524 -16.696280648613868 -0.3752246908092836
16.525 -16.696653734307745 -0.3709466930241869
16.526 -16.697022542326135 -0.3666693397403538
16.527 -16.697387073321742 -0.3623926473541747
16.528 -16.69774732796376 -0.3581166324588046
16.529 -16.698103306938076 -0.35384131184741785
16.53 -16.698455010947473 -0.34956670251328237
16.531 -16.698802440711827 -0.3452928216523728
16.532 -16.699145596968307 -0.341019686663869
16.533 -16.699484480471593 -0.3367473151523165
16.534 -16.699819091994065 -0.3324757249289106
16.535 -16.700149432326025 -0.3282049340122642
16.536 -16.70047550227589 -0.3239349606312838
16.537 -16.700797302670416 -0.3196658232245336
16.538 -16.70111483435491 -0.3153975404440915
16.539 -16.70142809819343 -0.31113013115430305
16.54 -16.701737095069003 -0.3068636144356337
16.541 -16.702041825883853 -0.30259800958399724
16.542 -16.7023422915596 -0.29833333611361884
16.543 -16.702638493037497 -0.29406961375733465
16.544 -16.702930431278634 -0.2898068624684624
16.545 -16.703218107264163 -0.2855451024223258
16.546 -16.70350152199553 -0.2812843540163767
16.547 -16.703780676494688 -0.2770246378735263
16.548000000000002 -16.70405557180432 -0.2727659748409333
16.549 -16.704326208988082 -0.26850838599387084
16.55 -16.7045925891308 -0.26425189263432936
16.551000000000002 -16.70485471333874 -0.25999651629508913
16.552 -16.705112582739797 -0.2557422787377574
16.553 -16.705366198483755 -0.2514892019575249
16.554000000000002 -16.7056155617425 -0.24723730818063194
16.555 -16.705860673710273 -0.2429866198693089
16.556 -16.706101535603885 -0.23873715971909204
16.557 -16.706338148662965 -0.2344889506640537
16.558 -16.706570514150194 -0.23024201587366944
16.559 -16.706798633351543 -0.22599637875812692
16.56 -16.70702250757651 -0.22175206296562336
16.561 -16.707242138158367 -0.21750909238677274
16.562 -16.707457526454395 -0.21326749115264268
16.563 -16.70766867384612 -0.20902728363871612
16.564 -16.707875581739575 -0.2047884944636208
16.565 -16.70807825156554 -0.2005511484906849
16.566 -16.70827668477976 -0.19631527083125186
16.567 -16.70847088286324 -0.19208088684029187
16.568 -16.70866084732244 -0.18784802212525212
16.569 -16.708846579689574 -0.18361670253730178
16.57 -16.709028081522813 -0.17938695418333722
16.571 -16.709205354406574 -0.17515880341466658
16.572 -16.70937839995175 -0.17093227684094
16.573 -16.709547219795958 -0.1667074013178353
16.574 -16.709711815603807 -0.16248420396059363
16.575 -16.709872189067152 -0.15826271213287854
16.576 -16.710028341905332 -0.15404295345892377
16.577 -16.710180275865437 -0.14982495581368296
16.578 -16.710327992722565 -0.14560874733332035
16.579 -16.710471494280082 -0.14139435640715756
16.580000000000002 -16.710610782369862 -0.13718181168673324
16.581 -16.71074585885257 -0.13297114207822106
16.582 -16.710876725617897 -0.12876237675122285
16.583000000000002 -16.711003384584842 -0.12455554513191483
16.584 -16.711125837701957 -0.12035067691047627
16.585 -16.711244086947616 -0.11614780203553057
16.586000000000002 -16.711358134330276 -0.11194695072017123
16.587 -16.71146798188873 -0.1077481534382609
16.588 -16.711573631692385 -0.10355144092776122
16.589 -16.71167508584151 -0.09935684419006141
16.59 -16.711772346467512 -0.09516439448989805
16.591 -16.7118654157332 -0.09097412335828035
16.592 -16.711954295833035 -0.08678606258888323
16.593 -16.71203898899341 -0.08260024424365436
16.594 -16.712119497472916 -0.07841670064708897
16.595 -16.712195823562595 -0.0742354643937594
16.596 -16.712267969586225 -0.070056568340232
16.597 -16.71233593790057 -0.0658800456150189
16.598 -16.712399730895648 -0.061705929608692645
16.599 -16.71245935099502 -0.057534253983710114
16.6 -16.71251480065602 -0.053365052666730264
16.601 -16.712566082370067 -0.04919835985446439
16.602 -16.71261319866289 -0.04503421001063871
16.603 -16.712656152094826 -0.040872637867233316
16.604 -16.71269494526108 -0.03671367842491233
16.605 -16.712729580791986 -0.03255736695224692
16.606 -16.712760061353283 -0.028403738986341607
16.607 -16.71278638964638 -0.024252830333274276
16.608 -16.712808568408626 -0.020104677066491564
16.609 -16.712826600413585 -0.015959315529230064
16.61 -16.71284048847129 -0.011816782331406744
16.611 -16.712850235428522 -0.007677114353618573
16.612000000000002 -16.712855844169074 -0.0035403487410946054
16.613 -16.712857317614016 0.0005934770884662233
16.614 -16.71285465872198 0.004724325454951571
16.615000000000002 -16.712847870489405 0.008852158404793775
16.616 -16.712836955950813 0.01297693772299122
16.617 -16.71282191817908 0.01709862492238177
16.618000000000002 -16.7128027602857 0.021217181253091556
16.619 -16.712779485421056 0.02533256769667816
16.62 -16.712752096774675 0.029444744969089255
16.621 -16.712720597575505 0.03355367352263076
16.622 -16.71268499109217 0.037659313540292214
16.623 -16.712645280633247 0.04176162494758017
16.624 -16.71260146954752 0.04586056739635378
16.625 -16.712553561224247 0.04995610028719035
16.626 -16.71250155909343 0.054048182743627875
16.627 -16.71244546662606 0.058136773642893255
16.628 -16.712385287334403 0.062221831584193504
16.629 -16.712321024772233 0.06630331492240425
16.63 -16.712252682535116 0.07038118173673381
16.631 -16.71218026426066 0.07445538986230155
16.632 -16.712103773628773 0.07852589686117561
16.633 -16.712023214361924 0.08259266005249921
16.634 -16.711938590225394 0.0866556364844375
16.635 -16.711849905027545 0.09071478296382293
16.636 -16.711757162620057 0.0947700560296011
16.637 -16.711660366898194 0.09882141197821324
16.638 -16.71155952180106 0.1028688068457524
16.639 -16.71145463131184 0.10691219642198808
16.64 -16.71134569945806 0.11095153624339285
16.641000000000002 -16.71123273031183 0.1149867815994688
16.642 -16.711115727990094 0.11901788753033808
16.643 -16.710994696654883 0.12304480883157216
16.644000000000002 -16.710869640513554 0.1270675000513833
16.645 -16.71074056381903 0.1310859154962374
16.646 -16.710607470870062 0.13510000922891555
16.647000000000002 -16.71047036601145 0.13910973507221294
16.648 -16.71032925363429 0.14311504660832414
16.649 -16.710184138176217 0.14711589718373427
16.65 -16.71003502412164 0.15111223990625985
16.651 -16.70988191600198 0.15510402765080097
16.652 -16.709724818395884 0.15909121305874885
16.653 -16.709563735929493 0.16307374853993406
16.654 -16.70939867327664 0.1670515862763351
16.655 -16.709229635159097 0.17102467821882195
16.656 -16.709056626346793 0.17499297609873912
16.657 -16.70887965165804 0.17895643141459683
16.658 -16.70869871595976 0.1829149954541699
16.659 -16.708513824167703 0.1868686192732661
16.66 -16.708324981246662 0.19081725372189176
16.661 -16.7081321922107 0.19476084942316005
16.662 -16.707935462123356 0.19869935679698056
16.663 -16.707734796097853 0.2026327260421544
16.664 -16.707530199297324 0.20656090715753658
16.665 -16.707321676935013 0.2104838499268045
16.666 -16.707109234274466 0.21440150393702115
16.667 -16.706892876629755 0.21831381856464027
16.668 -16.706672609365672 0.22222074299690062
16.669 -16.706448437897922 0.22612222621144978
16.67 -16.706220367693327 0.23001821700510186
16.671 -16.70598840427001 0.23390866396877452
16.672 -16.7057525531976 0.23779351551642325
16.673000000000002 -16.7055128200974 0.24167271986608144
16.674 -16.70526921064259 0.24554622505721085
16.675 -16.705021730558403 0.24941397894608947
16.676000000000002 -16.7047703856223 0.253275929210481
16.677 -16.704515181664156 0.2571320233546207
16.678 -16.704256124566427 0.2609822087076059
16.679000000000002 -16.70399322026432 0.26482643243128623
16.68 -16.70372647474597 0.2686646415205
16.681 -16.7034558940526 0.2724967828065173
16.682 -16.703181484278673 0.27632280295955564
16.683 -16.702903251572064 0.2801426484966483
16.684 -16.702621202134218 0.28395626577470484
16.685 -16.70233534222028 0.28776360100881004
16.686 -16.702045678139267 0.2915646002570778
16.687 -16.701752216254203 0.2953592094448805
16.688 -16.70145496298226 0.2991473743467868
16.689 -16.701153924794905 0.3029290406111294
16.69 -16.70084910821802 0.30670415374294197
16.691 -16.700540519832042 0.31047265912837607
16.692 -16.7002281662721 0.3142345020182463
16.693 -16.69991205422812 0.31798962754913096
16.694 -16.699592190444942 0.32173798073455245
16.695 -16.699268581722475 0.32547950647628376
16.696 -16.698941234915765 0.32921414956440637
16.697 -16.69861015693512 0.33294185468390897
16.698 -16.698275354746222 0.3366625664153736
16.699 -16.697936835370214 0.34037622924395616
16.7 -16.697594605883808 0.3440827875566909
16.701 -16.697248673419367 0.34778218565539554
16.702 -16.696899045165 0.35147436775071306
16.703 -16.696545728364647 0.3551592779762474
16.704 -16.69618873031815 0.35883686038622054
16.705000000000002 -16.69582805838133 0.3625070589610948
16.706 -16.69546371996607 0.36616981761562173
16.707 -16.695095722540366 0.3698250801988069
16.708000000000002 -16.694724073628393 0.373472790499312
16.709 -16.694348780810568 0.3771128922546318
16.71 -16.69396985172359 0.38074532914710285
16.711000000000002 -16.693587294060507 0.38437004481872467
16.712 -16.693201115570734 0.38798698286722366
16.713 -16.692811324060116 0.39159608685530634
16.714 -16.69241792739095 0.3951973003170332
16.715 -16.69202093348201 0.3987905667549612
16.716 -16.691620350308572 0.40237582965908625
16.717 -16.69121618590244 0.40595303249095266
16.718 -16.690808448351955 0.4095221187178496
16.719 -16.690397145802 0.41308303178036165
16.72 -16.689982286454004 0.41663571514215053
16.721 -16.689563878565956 0.42018011224634216
16.722 -16.689141930452365 0.42371616657007327
16.723 -16.688716450484282 0.4272438215837304
16.724 -16.68828744708926 0.43076302079685297
16.725 -16.687854928751335 0.4342737077296104
16.726 -16.68741890401101 0.43777582594627523
16.727 -16.686979381465207 0.44126931903791555
16.728 -16.68653636976723 0.44475413064525804
16.729 -16.686089877626717 0.4482302044530497
16.73 -16.685639913809602 0.45169748420054234
16.731 -16.68518648713804 0.45515591369084435
16.732 -16.684729606490357 0.458605436782967
16.733 -16.684269280800983 0.46204599742015434
16.734 -16.68380551906037 0.46547753960779054
16.735 -16.683338330314918 0.46890000745140625
16.736 -16.682867723666877 0.4723133451237731
16.737000000000002 -16.682393708274272 0.47571749692008775
16.738 -16.681916293350803 0.47911240720479814
16.739 -16.681435488165718 0.4824980204830123
16.740000000000002 -16.68095130204374 0.4858742813403217
16.741 -16.680463744364918 0.4892411345116175
16.742 -16.679972824564516 0.49259852483227284
16.743000000000002 -16.679478552132895 0.4959463972904377
16.744 -16.678980936615364 0.49928469699436345
16.745 -16.67847998761204 0.5026133692155672
16.746 -16.677975714777702 0.5059323593560429
16.747 -16.67746812782164 0.5092416129975416
16.748 -16.67695723650749 0.5125410758634876
16.749 -16.676443050653074 0.51583069387032
16.75 -16.675925580130208 0.519110413090638
16.751 -16.675404834864548 0.5223801797949633
16.752 -16.674880824835373 0.5256399404447206
16.753 -16.674353560075424 0.5288896416777145
16.754 -16.67382305067067 0.5321292303790575
16.755 -16.67328930676013 0.535358653580211
16.756 -16.672752338535634 0.5385778586092964
16.757 -16.672212156241624 0.5417867929324128
16.758 -16.671668770174914 0.5449854043334309
16.759 -16.671122190684457 0.548173640750887
16.76 -16.6705724281711 0.5513514504475819
16.761 -16.670019493087345 0.5545187818645546
16.762 -16.66946339593709 0.5576755837670705
16.763 -16.668904147275356 0.560821805132865
16.764 -16.668341757708035 0.563957395250664
16.765 -16.6677762378916 0.5670823036711332
16.766000000000002 -16.667207598532833 0.570196480230038
16.767 -16.666635850388516 0.573299875075718
16.768 -16.666061004265153 0.5763924386295233
16.769000000000002 -16.665483071018652 0.5794741216582387
16.77 -16.664902061554017 0.582544875200996
16.771 -16.664317986825026 0.5856046506664475
16.772000000000002 -16.663730857833908 0.588653399751079
16.773 -16.663140685631006 0.5916910745267934
16.774 -16.66254748131444 0.594717627375465
16.775 -16.66195125602975 0.5977330110657529
16.776 -16.66135202096954 0.6007371786948715
16.777 -16.660749787373135 0.6037300837514059
16.778 -16.660144566526178 0.6067116800847795
16.779 -16.65953636976027 0.6096819219293934
16.78 -16.65892520845259 0.6126407639140131
16.781 -16.658311094025482 0.615588161055085
16.782 -16.65769403794608 0.6185240687843495
16.783 -16.65707405172587 0.6214484429337495
16.784 -16.656451146920304 0.6243612397653966
16.785 -16.65582533512836 0.6272624159588707
16.786 -16.65519662799211 0.630151928635707
16.787 -16.6545650371963 0.6330297353508942
16.788 -16.653930574467875 0.6358957941192586
16.789 -16.65329325157555 0.638750063399833
16.79 -16.65265308032935 0.6415925021258273
16.791 -16.652010072580126 0.6444230696993968
16.792 -16.65136424021909 0.6472417259975375
16.793 -16.650715595177328 0.6500484313915849
16.794 -16.650064149425315 0.6528431467394723
16.795 -16.649409914972413 0.6556258334069764
16.796 -16.648752903866367 0.6583964532668124
16.797 -16.648093128192784 0.6611549687047106
16.798000000000002 -16.647430600074628 0.6639013426414762
16.799 -16.64676533167168 0.6666355385127425
16.8 -16.64609733518001 0.6693575203142392
16.801000000000002 -16.645426622831415 0.6720672525667076
16.802 -16.644753206892908 0.6747647003642419
16.803 -16.644077099666113 0.677449829348499
16.804000000000002 -16.643398313486735 0.6801226057366534
16.805 -16.642716860723972 0.682782996327155
16.806 -16.642032753779933 0.6854309684858273
16.807 -16.641346005089062 0.6880664901919537
16.808 -16.640656627117526 0.6906895300027222
16.809 -16.63996463236263 0.6933000570960844
16.81 -16.6392700333522 0.6958980412582682
16.811 -16.638572842643967 0.6984834528897319
16.812 -16.637873072824934 0.7010562630327071
16.813 -16.637170736510758 0.7036164433509574
16.814 -16.636465846345107 0.7061639661550079
16.815 -16.635758414999003 0.708698804418113
16.816 -16.635048455170192 0.7112209317333262
16.817 -16.634335979582456 0.7137303224200332
16.818 -16.633621000984974 0.7162269513822721
16.819 -16.63290353215162 0.7187107943086855
16.82 -16.632183585880306 0.7211818274498765
16.821 -16.63146117499227 0.7236400278846402
16.822 -16.63073631233141 0.7260853732427914
16.823 -16.630009010763548 0.7285178420199183
16.824 -16.629279283175745 0.730937413250373
16.825 -16.628547142475572 0.7333440668792001
16.826 -16.6278126015904 0.7357377833667098
16.827 -16.627075673466656 0.7381185441373892
16.828 -16.626336371069097 0.7404863311093174
16.829 -16.625594707380056 0.7428411271984042
16.830000000000002 -16.62485069539871 0.7451829158254231
16.831 -16.624104348140303 0.7475116814101423
16.832 -16.623355678635402 0.7498274089119571
16.833000000000002 -16.62260469992911 0.7521300842689479
16.834 -16.621851425080308 0.7544196940151906
16.835 -16.621095867160864 0.7566962256314719
16.836000000000002 -16.62033803925484 0.7589596672457485
16.837 -16.61957795445771 0.7612100079104852
16.838 -16.61881562587555 0.763447237371431
16.839 -16.61805106662423 0.7656713462775372
16.84 -16.617284289828618 0.7678823260157835
16.841 -16.616515308621736 0.7700801688566999
16.842 -16.61574413614396 0.7722648678525501
16.843 -16.61497078554217 0.7744364169153096
16.844 -16.614195269968928 0.7765948107896337
16.845 -16.613417602581627 0.7787400450519437
16.846 -16.612637796541655 0.780872116154145
16.847 -16.61185586501353 0.7829910213730581
16.848 -16.61107182116405 0.7850967588762168
16.849 -16.61028567816142 0.787189327669167
16.85 -16.609497449174402 0.7892687276578085
16.851 -16.60870714737142 0.7913349595928131
16.852 -16.607914785919686 0.7933880251405006
16.853 -16.607120377984334 0.7954279268162091
16.854 -16.606323936727502 0.7974546680713887
16.855 -16.605525475307466 0.7994682532039223
16.856 -16.604725006877718 0.8014686874587182
16.857 -16.603922544586077 0.8034559769512226
16.858 -16.603118101573777 0.8054301287315331
16.859 -16.602311690974553 0.807391150745505
16.86 -16.60150332591373 0.8093390518759738
16.861 -16.60069301950729 0.811273841907943
16.862000000000002 -16.599880784860968 0.8131955315787579
16.863 -16.599066635069295 0.8151041325331754
16.864 -16.59825058321469 0.8169996573626719
16.865000000000002 -16.597432642366503 0.8188821196069416
16.866 -16.596612825580095 0.820751533719709
16.867 -16.59579114589587 0.8226079151452925
16.868000000000002 -16.594967616338337 0.8244512802219558
16.869 -16.594142249915173 0.8262816463037856
16.87 -16.59331505961624 0.8280990316380882
16.871 -16.592486058412653 0.8299034554989855
16.872 -16.5916552592558 0.8316949380452092
16.873 -16.590822675076378 0.8334735004953914
16.874 -16.589988318783448 0.835239164928158
16.875 -16.589152203263435 0.8369919545127988
16.876 -16.588314341379178 0.8387318932707698
16.877 -16.587474745968937 0.8404590063167849
16.878 -16.586633429845435 0.8421733196382334
16.879 -16.585790405794853 0.8438748602977869
16.88 -16.584945686575875 0.8455636562600118
16.881 -16.584099284918683 0.8472397365446581
16.882 -16.58325121352398 0.8489031310986568
16.883 -16.582401485061993 0.8505538709088246
16.884 -16.581550112171502 0.8521919879130814
16.885 -16.58069710745883 0.8538175150695139
16.886 -16.57984248349685 0.8554304863103327
16.887 -16.57898625282401 0.8570309365739681
16.888 -16.578128427943316 0.858618901794733
16.889 -16.57726902132135 0.8601944188920675
16.89 -16.57640804538726 0.8617575258044035
16.891000000000002 -16.575545512531775 0.8633082614369566
16.892 -16.5746814351062 0.8648466657399267
16.893 -16.573815825421413 0.8663727796050452
16.894000000000002 -16.57294869574687 0.8678866449837042
16.895 -16.57208005830961 0.869388304778195
16.896 -16.571209925293243 0.8708778029220298
16.897000000000002 -16.570338308836956 0.8723551843388346
16.898 -16.569465221034516 0.8738204949405087
16.899 -16.568590673933265 0.8752737816695942
16.9 -16.567714679533125 0.8767150924173526
16.901 -16.566837249785596 0.8781444761429749
16.902 -16.565958396592766 0.8795619827158239
16.903 -16.565078131806292 0.8809676631039108
16.904 -16.56419646722644 0.8823615691560359
16.905 -16.563313414601055 0.8837437538424748
16.906 -16.56242898562459 0.8851142709848391
16.907 -16.561543191937094 0.8864731755536851
16.908 -16.56065604512325 0.887820523336603
16.909 -16.55976755671136 0.8891563712946997
16.91 -16.55887773817237 0.8904807771823445
16.911 -16.557986600918873 0.8917937999309508
16.912 -16.557094156304153 0.8930954992635836
16.913 -16.55620041562117 0.8943859360721399
16.914 -16.555305390101616 0.8956651720334893
16.915 -16.5544090909149 0.8969332699956231
16.916 -16.55351152916722 0.8981902935703526
16.917 -16.55261271590056 0.8994363075629371
16.918 -16.551712662091724 0.9006713775016121
16.919 -16.550811378651403 0.9018955701262338
16.92 -16.549908876423174 0.903108952893769
16.921 -16.549005166182578 0.9043115944370822
16.922 -16.54810025863614 0.905503564148759
16.923000000000002 -16.54719416442044 0.9066849325266273
16.924 -16.546286894101144 0.9078557708921545
16.925 -16.54537845817209 0.9090161515844187
16.926000000000002 -16.544468867054338 0.9101661478469231
16.927 -16.543558131095228 0.9113058338363366
16.928 -16.542646260567466 0.9124352846910233
16.929000000000002 -16.54173326566819 0.9135545763971114
16.93 -16.54081915651805 0.914663785931832
16.931 -16.53990394316031 0.9157629911150551
16.932 -16.538987635559923 0.9168522707363179
16.933 -16.53807024360263 0.9179317044339309
16.934 -16.537151777094067 0.9190013727753318
16.935 -16.536232245758864 0.9200613572091857
16.936 -16.53531165923977 0.9211117400461053
16.937 -16.53439002709676 0.9221526045371129
16.938 -16.533467358806156 0.9231840347021584
16.939 -16.53254366375978 0.9242061155629465
16.94 -16.53161895126406 0.9252189328503475
16.941 -16.530693230539203 0.9262225733034625
16.942 -16.529766510718325 0.927217124350277
16.943 -16.52883880084661 0.9282026744260711
16.944 -16.527910109880487 0.9291793126208685
16.945 -16.526980446686775 0.9301471290400398
16.946 -16.52604982004189 0.9311062144074824
16.947 -16.525118238631006 0.932056660475244
16.948 -16.524185711047252 0.9329985595686275
16.949 -16.52325224579092 0.9339320050506547
16.95 -16.52231785126867 0.9348570908298606
16.951 -16.521382535792732 0.9357739118374496
16.952 -16.52044630758014 0.9366825635426085
16.953 -16.519509174751963 0.9375831424106141
16.954 -16.518571145332537 0.93847574544358
16.955000000000002 -16.51763222724872 0.9393604705881109
16.956 -16.51669242832913 0.9402374163726702
16.957 -16.515751756303438 0.9411066821764477
16.958000000000002 -16.514810218801614 0.9419683680191252
16.959 -16.51386782335322 0.9428225746937063
16.96 -16.512924577386702 0.9436694036412874
16.961000000000002 -16.511980488228676 0.9445089570763561
16.962 -16.511035563103256 0.9453413377917895
16.963 -16.51008980913135 0.9461666493987941
16.964 -16.509143233330015 0.9469849960137195
16.965 -16.508195842611762 0.9477964825870715
16.966 -16.50724764378392 0.9486012145382607
16.967 -16.50629864354799 0.9493992981034876
16.968 -16.505348848499008 0.9501908399822645
16.969 -16.504398265124923 0.9509759476446813
16.97 -16.50344689980598 0.9517547290330808
16.971 -16.502494758814116 0.9525272928105807
16.972 -16.501541848312367 0.9532937481318788
16.973 -16.500588174354288 0.9540542047914256
16.974 -16.49963374288337 0.954808773135314
16.975 -16.498678559732483 0.9555575640326763
16.976 -16.49772263062333 0.956300688982671
16.977 -16.496765961165895 0.9570382598969619
16.978 -16.495808556857924 0.9577703893609147
16.979 -16.494850423084394 0.9584971903152877
16.98 -16.493891565117018 0.9592187763559857
16.981 -16.492931988113728 0.9599352614364295
16.982 -16.49197169711821 0.9606467600982717
16.983 -16.49101069705942 0.9613533872751419
16.984 -16.49004899275112 0.9620552584005289
16.985 -16.48908658889143 0.9627524893460679
16.986 -16.488123490062378 0.9634451963992
16.987000000000002 -16.487159700729492 0.9641334963011077
16.988 -16.486195225241357 0.96481750617116
16.989 -16.485230067829228 0.9654973435595873
16.990000000000002 -16.484264232606634 0.9661731263701862
16.991 -16.48329772356899 0.9668449729239003
16.992 -16.482330544593243 0.9675130018482946
16.993000000000002 -16.48136269943749 0.9681773321970013
16.994 -16.480394191740658 0.9688380832743889
16.995 -16.479425025022152 0.9694953748004713
16.996 -16.478455202681552 0.9701493267302896
16.997 -16.477484727998284 0.9708000593889505
16.998 -16.47651360413134 0.9714476933344321
16.999 -16.475541834118996 0.9720923494472856
17.0 -16.474569420878524 0.9727341488412277
17.001 -16.47359636720595 0.9733732128964708
17.002 -16.472622675775803 0.9740096632415272
17.003 -16.471648349140875 0.9746436217060556
17.004 -16.47067338973201 0.975275210360486
17.005 -16.46969779985789 0.9759045514585913
17.006 -16.46872158170484 0.9765317674609404
17.007 -16.467744737336655 0.9771569809804137
17.008 -16.466767268694408 0.9777803148242968
17.009 -16.465789177596317 0.9784018919119841
17.01 -16.46481046573758 0.9790218353491729
17.011 -16.463831134690267 0.9796402682999364
17.012 -16.46285118590318 0.9802573141377877
17.013 -16.461870620701763 0.9808730962021012
17.014 -16.460889440287993 0.9814877380748668
17.015 -16.459907645740323 0.9821013632509944
17.016000000000002 -16.458925238013585 0.982714095439917
17.017 -16.45794221793897 0.983326058242868
17.018 -16.45695858622396 0.9839373754680734
17.019000000000002 -16.455974343452315 0.9845481707404078
17.02 -16.454989490084056 0.9851585679359113
17.021 -16.45400402645546 0.9857686906512724
17.022000000000002 -16.453017952779074 0.9863786627554633
17.023 -16.452031269143735 0.9869886077924074
17.024 -16.45104397551461 0.987598649557868
17.025 -16.450056071733254 0.9882089115013085
17.026 -16.449067557517655 0.9888195172747334
17.027 -16.448078432462328 0.989430590198478
17.028 -16.447088696038396 0.9900422537257918
17.029 -16.446098347593686 0.9906546309918295
17.03 -16.445107386352863 0.9912678451938992
17.031 -16.444115811417532 0.9918820192504026
17.032 -16.443123621766404 0.9924972760330362
17.033 -16.44213081625542 0.9931137381942728
17.034 -16.44113739361796 0.9937315282377319
17.035 -16.440143352464975 0.9943507684913829
17.036 -16.439148691285208 0.9949715810454234
17.037 -16.438153408445388 0.9955940878387965
17.038 -16.437157502190455 0.9962184105221507
17.039 -16.436160970643787 0.9968446705660186
17.04 -16.435163811807424 0.9974729891579375
17.041 -16.43416602356236 0.9981034872272987
17.042 -16.433167603668767 0.9987362854648972
17.043 -16.43216854976632 0.999371504202845
17.044 -16.431168859374445 1.0000092635786992
17.045 -16.430168529892654 1.0006496832941
17.046 -16.42916755860085 1.0012928828659742
17.047 -16.42816594265966 1.001938981333664
17.048000000000002 -16.427163679110773 1.0025880975312198
17.049 -16.42616076487729 1.0032403497919145
17.05 -16.4251571967641 1.0038958562208222
17.051000000000002 -16.424152971458245 1.0045547343972108
17.052 -16.423148085529316 1.0052171016407774
17.053 -16.422142535429856 1.0058830747483443
17.054000000000002 -16.421136317495762 1.0065527701831707
17.055 -16.420129427946723 1.0072263039283
17.056 -16.41912186288664 1.0079037915469549
17.057 -16.418113618304098 1.008585348147495
17.058 -16.417104690072794 1.0092710883599043
17.059 -16.41609507395203 1.0099611263621853
17.06 -16.41508476558719 1.0106555758208544
17.061 -16.414073760510217 1.0113545499207464
17.062 -16.413062054140145 1.0120581613293882
17.063 -16.412049641783586 1.0127665222017248
17.064 -16.411036518635274 1.0134797441477819
17.065 -16.410022679778592 1.0141979382555717
17.066 -16.409008120186126 1.0149212150378346
17.067 -16.407992834720215 1.0156496844657126
17.068 -16.406976818133526 1.0163834559241522
17.069 -16.40596006506963 1.0171226382153584
17.07 -16.404942570063582 1.017867339548562
17.071 -16.403924327542544 1.0186176675371617
17.072 -16.40290533182637 1.0193737291569187
17.073 -16.40188557712824 1.020135630799271
17.074 -16.400865057555283 1.0209034781634188
17.075 -16.399843767109207 1.021677376381323
17.076 -16.398821699686977 1.0224574298347613
17.077 -16.39779884908144 1.0232437423600107
17.078 -16.396775208982007 1.0240364169874412
17.079 -16.395750772975337 1.0248355562075597
17.080000000000002 -16.394725534546005 1.025641261675733
17.081 -16.39369948707722 1.0264536344884274
17.082 -16.392672623851514 1.0272727749097736
17.083000000000002 -16.391644938051456 1.0280987825788581
17.084 -16.39061642276037 1.0289317563513196
17.085 -16.389587070963085 1.0297717943733231
17.086000000000002 -16.38855687554665 1.0306189940510022
17.087 -16.3875258293011 1.0314734520150797
17.088 -16.38649392492019 1.0323352641735641
17.089 -16.38546115500219 1.0332045256196973
17.09 -16.384427512050618 1.0340813307346928
17.091 -16.38339298847505 1.0349657730304935
17.092 -16.3823575765919 1.0358579453377716
17.093 -16.3813212686252 1.0367579395615418
17.094 -16.380284056707417 1.0376658469399658
17.095 -16.37924593288026 1.038581757756609
17.096 -16.37820688909549 1.0395057616081718
17.097 -16.377166917215753 1.04043794715067
17.098 -16.3761260090154 1.041378402297439
17.099 -16.37508415618133 1.042327214049481
17.1 -16.374041350313835 1.0432844686207732
17.101 -16.37299758292744 1.0442502513182117
17.102 -16.371952845451776 1.0452246466371584
17.103 -16.370907129232428 1.0462077381734753
17.104 -16.369860425531815 1.047199608664358
17.105 -16.368812725530052 1.048200339973387
17.106 -16.367764020325836 1.0492100130665538
17.107 -16.36671430093734 1.0502287080461268
17.108 -16.36566355830309 1.0512565040804263
17.109 -16.364611783282875 1.0522934795011416
17.11 -16.363558966658644 1.0533397116410739
17.111 -16.362505099135397 1.0543952770559983
17.112000000000002 -16.361450171342135 1.0554602512127895
17.113 -16.36039417383273 1.056534708876473
17.114 -16.35933709708689 1.0576187236369408
17.115000000000002 -16.358278931511048 1.058712368430005
17.116 -16.357219667439317 1.059815714976033
17.117 -16.35615929513441 1.0609288343411893
17.118000000000002 -16.35509780478859 1.0620517963774525
17.119 -16.354035186524595 1.0631846702562329
17.12 -16.352971430396607 1.0643275239539762
17.121 -16.351906526391183 1.0654804247213894
17.122 -16.350840464428206 1.0666434386508246
17.123 -16.349773234361855 1.0678166310593595
17.124 -16.34870482598156 1.0690000661487091
17.125 -16.34763522901296 1.0701938072826411
17.126 -16.346564433118864 1.0713979167518783
17.127 -16.345492427900236 1.0726124559755037
17.128 -16.344419202897146 1.0738374853088632
17.129 -16.343344747589754 1.0750730642190915
17.13 -16.342269051399274 1.07631925111897
17.131 -16.34119210368897 1.0775761035118134
17.132 -16.34011389376512 1.0788436778667676
17.133 -16.339034410878003 1.0801220297051048
17.134 -16.337953644222875 1.0814112135544824
17.135 -16.336871582940965 1.0827112829397842
17.136 -16.33578821612045 1.0840222904456027
17.137 -16.334703532797448 1.0853442875988055
17.138 -16.333617521957002 1.0866773250228532
17.139 -16.33253017253407 1.0880214522634188
17.14 -16.33144147341452 1.0893767179577725
17.141000000000002 -16.330351413436123 1.0907431696824155
17.142 -16.32925998138952 1.0921208540731122
17.143 -16.32816716601925 1.0935098167474295
17.144000000000002 -16.327072956024708 1.094910102334653
17.145 -16.325977340061165 1.0963217544831019
17.146 -16.32488030674074 1.097744815832902
17.147000000000002 -16.323781844633412 1.099179328042055
17.148 -16.322681942267984 1.100625331782831
17.149 -16.3215805881331 1.102082866708666
17.150000000000002 -16.32047777067822 1.103551971535813
17.151 -16.319373478314628 1.105032683910812
17.152 -16.318267699416392 1.1065250405935216
17.153 -16.317160422321386 1.1080290772338017
17.154 -16.31605163533225 1.1095448286391354
17.155 -16.3149413267174 1.1110723284623614
17.156 -16.313829484711988 1.1126116095593093
17.157 -16.31271609751891 1.1141627036057307
17.158 -16.311601153309766 1.11572564149576
17.159 -16.31048464022586 1.1173004529499497
17.16 -16.309366546379167 1.1188871668931966
17.161 -16.308246859853313 1.120485811108107
17.162 -16.307125568704546 1.122096412552295
17.163 -16.30600266096271 1.1237189970843413
17.164 -16.30487812463223 1.1253535896977946
17.165 -16.303751947693044 1.127000214343471
17.166 -16.302624118101612 1.1286588940555398
17.167 -16.30149462379184 1.130329650881116
17.168 -16.300363452676073 1.1320125059248578
17.169 -16.299230592646026 1.1337074793203332
17.17 -16.29809603157375 1.1354145902668489
17.171 -16.296959757312578 1.1371338569964335
17.172 -16.295821757698086 1.1388652968081088
17.173000000000002 -16.294682020549015 1.1406089260500178
17.174 -16.29354053366823 1.1423647601375928
17.175 -16.29239728484366 1.1441328135409927
17.176000000000002 -16.291252261849213 1.1459130998146907
17.177 -16.290105452445715 1.1477056315611869
17.178 -16.28895684438185 1.1495104204851387
17.179000000000002 -16.287806425395058 1.151327477346483
17.18 -16.286654183212477 1.15315681200641
17.181 -16.28550010555184 1.1549984334069332
17.182 -16.284344180122392 1.1568523495792853
17.183 -16.283186394625798 1.1587185676575105
17.184 -16.282026736757036 1.160597093871324
17.185 -16.280865194205308 1.1624879335608405
17.186 -16.27970175465492 1.16439109117069
17.187 -16.27853640578617 1.166306570262724
17.188 -16.277369135276235 1.1682343735261478
17.189 -16.27619993080005 1.1701745027506232
17.19 -16.275028780031178 1.172126958898048
17.191 -16.273855670642682 1.174091742003929
17.192 -16.272680590307974 1.1760688513231792
17.193 -16.2715035267017 1.1780582851580343
17.194 -16.270324467500554 1.1800600410720863
17.195 -16.26914340038417 1.1820741156646402
17.196 -16.267960313035925 1.1841005048232087
17.197 -16.266775193143793 1.1861392034695324
17.198 -16.265588028401176 1.1881902058310787
17.199 -16.264398806507725 1.1902535051850507
17.2 -16.263207515170155 1.1923290941075453
17.201 -16.262014142103073 1.1944169642695552
17.202 -16.260818675029768 1.1965171066067979
17.203 -16.259621101683024 1.1986295112127423
17.204 -16.258421409805912 1.2007541674093951
17.205000000000002 -16.257219587152576 1.2028910637290344
17.206 -16.25601562148903 1.205040187909904
17.207 -16.254809500593918 1.2072015269494638
17.208000000000002 -16.253601212259294 1.2093750670211756
17.209 -16.252390744291382 1.2115607936132018
17.21 -16.251178084511345 1.2137586913652365
17.211000000000002 -16.24996322075603 1.2159687442769844
17.212 -16.24874614087871 1.2181909354832081
17.213 -16.247526832749823 1.2204252475135284
17.214 -16.24630528425772 1.2226716620323552
17.215 -16.24508148330937 1.2249301601229328
17.216 -16.243855417831096 1.2272007220066548
17.217 -16.242627075769278 1.229483327340381
17.218 -16.24139644509106 1.2317779549396073
17.219 -16.240163513785053 1.2340845830525415
17.22 -16.238928269862022 1.2364031891242195
17.221 -16.237690701355582 1.238733750014354
17.222 -16.236450796322867 1.2410762418284125
17.223 -16.2352085428452 1.243430640067662
17.224 -16.233963929028768 1.2457969195176861
17.225 -16.232716943005272 1.248175054360207
17.226 -16.231467572932576 1.250565018077427
17.227 -16.23021580699536 1.2529667835684617
17.228 -16.228961633405753 1.255380323040571
17.229 -16.22770504040395 1.257805608129388
17.23 -16.226446016258855 1.2602426098039927
17.231 -16.225184549268686 1.2626912984648229
17.232 -16.22392062776158 1.265151643868368
17.233 -16.222654240096197 1.267623615208782
17.234 -16.221385374662315 1.2701071810609195
17.235 -16.220114019881418 1.2726023094403265
17.236 -16.218840164207265 1.2751089677692344
17.237000000000002 -16.21756379612648 1.2776271229151763
17.238 -16.2162849041591 1.2801567411748391
17.239 -16.21500347685913 1.282697788296541
17.240000000000002 -16.213719502815113 1.2852502294837034
17.241 -16.21243297065066 1.2878140293929616
17.242 -16.21114386902498 1.2903891521627566
17.243000000000002 -16.209852186633412 1.292975561390575
17.244 -16.208557912207954 1.2955732201744972
17.245 -16.207261034517764 1.2981820910851893
17.246 -16.20596154236967 1.3008021362140338
17.247 -16.20465942460868 1.3034333171260333
17.248 -16.203354670118443 1.306075594939693
17.249 -16.20204726782177 1.3087289302472338
17.25 -16.20073720668108 1.3113932832140227
17.251 -16.19942447569889 1.3140686135027138
17.252 -16.198109063918263 1.3167548803420703
17.253 -16.196790960423264 1.3194520425014304
17.254 -16.195470154339414 1.3221600583029067
17.255 -16.19414663483412 1.3248788856479943
17.256 -16.192820391117117 1.3276084819866298
17.257 -16.191491412440882 1.3303488043758682
17.258 -16.19015968810106 1.3330998094295763
17.259 -16.188825207436867 1.3358614533847237
17.26 -16.187487959831504 1.3386336920485247
17.261 -16.186147934712537 1.3414164808719444
17.262 -16.18480512155229 1.3442097748796222
17.263 -16.18345950986824 1.3470135287662237
17.264 -16.182111089223365 1.34982769680606
17.265 -16.180759849226536 1.3526522329637012
17.266000000000002 -16.179405779532857 1.355487090794183
17.267 -16.178048869844023 1.3583322235582929
17.268 -16.176689109908672 1.361187584123315
17.269000000000002 -16.17532648952271 1.3640531250732482
17.27 -16.17396099852965 1.366928798616291
17.271 -16.17259262682093 1.3698145566890478
17.272000000000002 -16.171221364336233 1.372710350868982
17.273 -16.169847201063796 1.3756161324729703
17.274 -16.168470127040703 1.3785318524779993
17.275000000000002 -16.1670901323532 1.381457461607612
17.276 -16.16570720713695 1.3843929102649377
17.277 -16.16432134157736 1.3873381486107284
17.278 -16.162932525909802 1.390293126504501
17.279 -16.161540750419924 1.3932577935638855
17.28 -16.160146005443885 1.3962320991412842
17.281 -16.158748281368617 1.3992159923344913
17.282 -16.15734756863207 1.4022094220136057
17.283 -16.155943857723454 1.4052123367918352
17.284 -16.154537139183468 1.4082246850747657
17.285 -16.153127403604525 1.411246415025286
17.286 -16.151714641630978 1.4142774746057623
17.287 -16.150298843959323 1.4173178115610938
17.288 -16.148880001338416 1.4203673734334434
17.289 -16.147458104569665 1.4234261075760417
17.29 -16.146033144507225 1.4264939611380871
17.291 -16.144605112058183 1.4295708811089796
17.292 -16.143173998182743 1.432656814266945
17.293 -16.141739793894388 1.4357517072672625
17.294 -16.14030249026006 1.4388555065426054
17.295 -16.13886207840031 1.4419681584337394
17.296 -16.137418549489468 1.4450896090649537
17.297 -16.135971894755773 1.4482198044744277
17.298000000000002 -16.134522105481523 1.4513586905133438
17.299 -16.133069173003207 1.4545062129360904
17.3 -16.131613088711642 1.4576623173481424
17.301000000000002 -16.13015384405209 1.4608269492457138
17.302 -16.128691430524377 1.4640000540100044
17.303 -16.127225839683003 1.467181576905074
17.304000000000002 -16.125757063137247 1.4703714631098963
17.305 -16.124285092551272 1.4735696576849293
17.306 -16.12280991964421 1.4767761056257849
17.307 -16.121331536190254 1.4799907518141804
17.308 -16.11984993401874 1.4832135410873062
17.309 -16.118365105014217 1.4864444181696796
17.31 -16.116877041116524 1.489683327762224
17.311 -16.11538573432086 1.4929302144580026
17.312 -16.11389117667783 1.4961850228412785
17.313 -16.1123933602935 1.4994476973984536
17.314 -16.11089227732945 1.5027181826155231
17.315 -16.109387920002828 1.50599642289962
17.316 -16.107880280586354 1.5092823626565646
17.317 -16.106369351408382 1.5125759462353832
17.318 -16.104855124852918 1.5158771179862542
17.319 -16.103337593359637 1.5191858222188723
17.32 -16.101816749423893 1.5225020032496395
17.321 -16.100292585596744 1.5258256053683548
17.322 -16.098765094484953 1.5291565728814347
17.323 -16.09723426875098 1.5324948500764721
17.324 -16.095700101112985 1.5358403812703911
17.325 -16.094162584344815 1.5391931107693535
17.326 -16.092621711275992 1.542552982920532
17.327 -16.09107747479169 1.5459199420681458
17.328 -16.089529867832717 1.5492939326091166
17.329 -16.087978883395476 1.552674898944573
17.330000000000002 -16.08642451453194 1.556062785539841
17.331 -16.084866754349616 1.5594575368736305
17.332 -16.08330559601148 1.5628590974949967
17.333000000000002 -16.081741032735966 1.5662674119828939
17.334 -16.080173057796873 1.5696824249845076
17.335 -16.078601664523344 1.5731040811976928
17.336000000000002 -16.07702684629978 1.5765323253884407
17.337 -16.075448596565796 1.5799671023870536
17.338 -16.073866908816125 1.5834083570981201
17.339 -16.07228177660057 1.586856034501189
17.34 -16.070693193523905 1.590310079655638
17.341 -16.069101153245803 1.5937704377066295
17.342 -16.067505649480754 1.5972370538871414
17.343 -16.06590667599797 1.6007098735217364
17.344 -16.064304226621278 1.6041888420349533
17.345 -16.062698295229044 1.607673904944818
17.346 -16.061088875754052 1.6111650078836297
17.347 -16.05947596218341 1.6146620965801428
17.348 -16.057859548558437 1.6181651168869962
17.349 -16.056239628974534 1.6216740147612325
17.35 -16.0546161975811 1.6251887362877584
17.351 -16.05298924858138 1.6287092276697173
17.352 -16.051358776232348 1.6322354352364528
17.353 -16.04972477484459 1.635767305452083
17.354 -16.048087238782166 1.6393047849048372
17.355 -16.046446162462463 1.6428478203328074
17.356 -16.04480154035608 1.6463963585975203
17.357 -16.04315336698666 1.649950346723813
17.358 -16.041501636930775 1.6535097318600644
17.359 -16.03984634481775 1.6570744613306627
17.36 -16.038187485329523 1.6606444825842557
17.361 -16.036525053200496 1.6642197432547439
17.362000000000002 -16.034859043217367 1.6678001911079152
17.363 -16.033189450218977 1.67138577409572
17.364 -16.031516269096144 1.6749764403140734
17.365000000000002 -16.0298394947915 1.6785721380452747
17.366 -16.028159122299307 1.6821728157263365
17.367 -16.0264751466653 1.685778421981103
17.368000000000002 -16.02478756298652 1.689388905600128
17.369 -16.023096366411107 1.6930042155583382
17.37 -16.021401552138144 1.696624301010813
17.371 -16.019703115417467 1.700249111295314
17.372 -16.018001051549483 1.703878595940086
17.373 -16.016295355884974 1.707512704657405
17.374 -16.014586023824908 1.7111513873578839
17.375 -16.012873050820257 1.7147945941380731
17.376 -16.011156432371784 1.7184422753010369
17.377 -16.009436164029868 1.7220943813372438
17.378 -16.00771224139428 1.7257508629503882
17.379 -16.005984660113995 1.7294116710343694
17.38 -16.004253415886982 1.7330767567024628
17.381 -16.002518504460006 1.7367460712610159
17.382 -16.00077992162841 1.7404195662414021
17.383 -15.99903766323591 1.7440971933696099
17.384 -15.997291725174374 1.7477789046038297
17.385 -15.995542103383624 1.7514646520984525
17.386 -15.993788793851198 1.7551543882449414
17.387 -15.992031792612151 1.7588480656344365
17.388 -15.990271095748822 1.7625456370987558
17.389 -15.988506699390618 1.7662470556731367
17.39 -15.986738599713789 1.7699522746365344
17.391000000000002 -15.9849667929412 1.7736612474758258
17.392 -15.983191275342113 1.7773739279223175
17.393 -15.981412043231945 1.7810902699230509
17.394000000000002 -15.979629092972045 1.7848102276664142
17.395 -15.977842420969464 1.7885337555659842
17.396 -15.97605202367672 1.7922608082742664
17.397000000000002 -15.97425789759156 1.795991340675869
17.398 -15.972460039256728 1.7997253078937574
17.399 -15.970658445259726 1.8034626652891799
17.400000000000002 -15.968853112232578 1.8072033684603965
17.401 -15.967044036851584 1.8109473732508194
17.402 -15.965231215837088 1.814694635739039
17.403 -15.963414645953224 1.8184451122548688
17.404 -15.961594324007681 1.8221987593626725
17.405 -15.959770246851457 1.8259555338824318
17.406 -15.957942411378612 1.8297153928697787
17.407 -15.956110814526022 1.833478293637582
17.408 -15.954275453273128 1.837244193737875
17.409 -15.952436324641694 1.8410130509797182
17.41 -15.95059342569555 1.8447848234156021
17.411 -15.948746753540346 1.8485594693542942
17.412 -15.946896305323301 1.8523369473520712
17.413 -15.945042078232952 1.8561172162209314
17.414 -15.94318406949889 1.8599002350234524
17.415 -15.941322276391526 1.8636859630786529
17.416 -15.93945669622182 1.8674743599579655
17.417 -15.937587326341031 1.8712653854897707
17.418 -15.935714164140466 1.8750589997573306
17.419 -15.933837207051216 1.8788551631007564
17.42 -15.931956452543908 1.882653836117223
17.421 -15.930071898128439 1.8864549796609744
17.422 -15.928183541353727 1.8902585548448252
17.423000000000002 -15.926291379807445 1.89406452303922
17.424 -15.924395411115766 1.89787284587436
17.425 -15.922495632943104 1.9016834852384072
17.426000000000002 -15.920592042991856 1.9054964032801587
17.427 -15.91868463900214 1.9093115624075725
17.428 -15.916773418751536 1.9131289252885137
17.429000000000002 -15.914858380054822 1.9169484548519897
17.43 -15.912939520763723 1.920770114286352
17.431 -15.911016838766642 1.9245938670419735
17.432 -15.909090331988402 1.9284196768284847
17.433 -15.907159998389984 1.932247507618366
17.434 -15.905225835968269 1.936077323643003
17.435 -15.903287842755773 1.9399090893972362
17.436 -15.90134601682039 1.9437427696346494
17.437 -15.899400356265128 1.9475783293720863
17.438 -15.897450859227847 1.9514157338855769
17.439 -15.895497523881 1.9552549487142976
17.44 -15.893540348431372 1.959095939655726
17.441 -15.891579331119823 1.9629386727716696
17.442 -15.889614470221014 1.966783114380313
17.443 -15.887645764043162 1.9706292310653173
17.444 -15.885673210927768 1.9744769896654635
17.445 -15.883696809249365 1.9783263572850052
17.446 -15.881716557415254 1.9821773012829074
17.447 -15.879732453865245 1.9860297892825747
17.448 -15.877744497071394 1.989883789162084
17.449 -15.87575268553775 1.9937392690634406
17.45 -15.873757017800093 1.9975961973818774
17.451 -15.871757492425678 2.001454542776821
17.452 -15.86975410801297 2.0053142741593084
17.453 -15.867746863191392 2.0091753607043707
17.454 -15.865735756621069 2.013037771837699
17.455000000000002 -15.863720786992568 2.0169014772474
17.456 -15.86170195302664 2.020766446872606
17.457 -15.859679253473974 2.0246326509123076
17.458000000000002 -15.857652687114927 2.0285000598168907
17.459 -15.855622252759277 2.0323686442947055
17.46 -15.853587949245973 2.036238375304278
17.461000000000002 -15.851549775442875 2.040109224061774
17.462 -15.8495077302465 2.0439811620311303
17.463 -15.847461812581779 2.0478541609340684
17.464 -15.84541202140179 2.051728192737128
17.465 -15.843358355687519 2.055603229665036
17.466 -15.841300814447608 2.0594792441845793
17.467 -15.839239396718105 2.063356209020166
17.468 -15.83717410156221 2.0672340971364407
17.469 -15.83510492807003 2.071112881753999
17.47 -15.833031875358332 2.0749925363328816
17.471 -15.8309549425703 2.0788730345866004
17.472 -15.828874128875281 2.0827543504673987
17.473 -15.826789433468544 2.0866364581782375
17.474 -15.82470085557104 2.090519332160631
17.475 -15.822608394429151 2.0944029471034864
17.476 -15.820512049314454 2.0982872779340447
17.477 -15.81841181952347 2.102172299823703
17.478 -15.81630770437744 2.1060579881818655
17.479 -15.814199703222066 2.1099443186588958
17.48 -15.812087815427287 2.1138312671422823
17.481 -15.809972040387033 2.1177188097579926
17.482 -15.807852377518987 2.1216069228675134
17.483 -15.805728826264358 2.125495583068646
17.484 -15.803601386087639 2.1293847671927617
17.485 -15.80147005647637 2.13327445230572
17.486 -15.799334836940917 2.137164615704395
17.487000000000002 -15.797195727014225 2.141055234918831
17.488 -15.795052726251601 2.1449462877070977
17.489 -15.792905834230474 2.1488377520591477
17.490000000000002 -15.790755050550173 2.1527296061900225
17.491 -15.788600374831695 2.1566218285452035
17.492 -15.78644180671748 2.1605143977922294
17.493000000000002 -15.784279345871191 2.1644072928276814
17.494 -15.782112991977478 2.1683004927673117
17.495 -15.779942744741764 2.1721939769537166
17.496 -15.777768603890024 2.176087724946816
17.497 -15.775590569168559 2.179981716530256
17.498 -15.773408640343776 2.183875931703406
17.499 -15.771222817201977 2.187770350686376
17.5 -15.769033099549134 2.191664953913019
17.501 -15.766839487210675 2.1955597220352114
17.502 -15.764641980031273 2.1994546359162994
17.503 -15.76244057787463 2.203349676635032
17.504 -15.760235280623261 2.207244825479271
17.505 -15.758026088178292 2.2111400639496717
17.506 -15.755813000459243 2.2150353737535227
17.507 -15.75359601740382 2.218930736808206
17.508 -15.751375138967711 2.22282613523548
17.509 -15.749150365124379 2.2267215513641543
17.51 -15.746921695864854 2.2306169677253207
17.511 -15.744689131197537 2.23451236705391
17.512 -15.742452671147994 2.238407732285119
17.513 -15.740212315758752 2.2423030465546834
17.514 -15.737968065089106 2.246198293196502
17.515 -15.735719919214915 2.2500934557417915
17.516000000000002 -15.733467878228415 2.2539885179177372
17.517 -15.731211942238012 2.2578834636455793
17.518 -15.728952111368097 2.2617782770402366
17.519000000000002 -15.726688385758848 2.2656729424076216
17.52 -15.724420765566046 2.269567444244714
17.521 -15.722149250960877 2.2734617672365567
17.522000000000002 -15.719873842129747 2.2773558962566276
17.523 -15.717594539274101 2.2812498163634998
17.524 -15.715311342610226 2.285143512801382
17.525000000000002 -15.71302425236908 2.289036970996807
17.526 -15.7107332687961 2.2929301765589845
17.527 -15.708438392151022 2.2968231152766734
17.528 -15.706139622707708 2.3007157731182915
17.529 -15.703836960753959 2.3046081362290773
17.53 -15.701530406591347 2.308500190930839
17.531 -15.69921996053503 2.3123919237195425
17.532 -15.696905622913588 2.3162833212644345
17.533 -15.694587394068845 2.3201743704063293
17.534 -15.692265274355695 2.3240650581561404
17.535 -15.68993926414194 2.3279553716935037
17.536 -15.687609363808118 2.331845298365139
17.537 -15.685275573747342 2.335734825683516
17.538 -15.682937894365123 2.339623941325172
17.539 -15.68059632607922 2.3435126331294414
17.54 -15.678250869319468 2.3474008890967055
17.541 -15.675901524527623 2.351288697387027
17.542 -15.673548292157202 2.355176046318772
17.543 -15.671191172673327 2.359062924366495
17.544 -15.668830166552565 2.3629493201605323
17.545 -15.66646527428278 2.3668352224839047
17.546 -15.664096496362973 2.3707206202726714
17.547 -15.661723833303135 2.3746055026123765
17.548000000000002 -15.659347285624095 2.378489858738476
17.549 -15.656966853857378 2.3823736780330487
17.55 -15.654582538545052 2.386256950024713
17.551000000000002 -15.652194340239578 2.39013966438588
17.552 -15.649802259503685 2.3940218109321902
17.553 -15.647406296910205 2.3979033796201916
17.554000000000002 -15.645006453041947 2.401784360546302
17.555 -15.642602728491557 2.405664743944989
17.556 -15.640195123861377 2.4095445201872545
17.557 -15.637783639763308 2.413423679779173
17.558 -15.635368276818681 2.417302213360136
17.559 -15.632949035658124 2.4211801117015264
17.56 -15.63052591692142 2.425057365704865
17.561 -15.628098921257394 2.4289339664005793
17.562 -15.625668049323775 2.432809904945993
17.563 -15.62323330178707 2.436685172624302
17.564 -15.620794679322445 2.440559760842327
17.565 -15.618352182613593 2.4444336611296658
17.566 -15.61590581235262 2.448306865136429
17.567 -15.61345556923992 2.45217936463217
17.568 -15.611001453984061 2.4560511515040293
17.569 -15.608543467301665 2.4599222177551465
17.57 -15.606081609917295 2.463792555503318
17.571 -15.603615882563336 2.4676621569789727
17.572 -15.601146285979889 2.47153101452415
17.573 -15.59867282091466 2.475399120590284
17.574 -15.596195488122849 2.4792664677371863
17.575 -15.593714288367037 2.4831330486309793
17.576 -15.591229222417097 2.486998856042886
17.577 -15.588740291050069 2.490863882847289
17.578 -15.586247495050074 2.494728122020503
17.579 -15.583750835208205 2.498591566638706
17.580000000000002 -15.581250312322428 2.5024542098769484
17.581 -15.578745927197488 2.5063160450068422
17.582 -15.576237680644809 2.5101770653957214
17.583000000000002 -15.5737255734824 2.514037264504266
17.584 -15.571209606534769 2.517896635885681
17.585 -15.568689780632816 2.5217551731833088
17.586000000000002 -15.566166096613761 2.525612870129834
17.587 -15.563638555321043 2.529469720544835
17.588 -15.561107157604244 2.5333257183340723
17.589 -15.558571904318992 2.5371808574869923
17.59 -15.556032796326885 2.541035132075917
17.591 -15.553489834495414 2.5448885362538625
17.592 -15.55094301969787 2.5487410642532766
17.593 -15.54839235281328 2.5525927103842467
17.594 -15.545837834726319 2.5564434690330584
17.595 -15.543279466327236 2.5602933346603685
17.596 -15.540717248511786 2.564142301799903
17.597 -15.538151182181155 2.5679903650565348
17.598 -15.535581268241886 2.5718375191049465
17.599 -15.533007507605818 2.575683758687843
17.6 -15.530429901190013 2.5795290786144838
17.601 -15.527848449916688 2.5833734737589458
17.602 -15.525263154713155 2.5872169390586808
17.603 -15.522674016511761 2.5910594695127456
17.604 -15.52008103624982 2.594901060180371
17.605 -15.517484214869564 2.5987417061791733
17.606 -15.514883553318068 2.602581402683797
17.607 -15.512279052547216 2.6064201449239626
17.608 -15.509670713513628 2.610257928183396
17.609 -15.507058537178619 2.6140947477975005
17.61 -15.50444252450814 2.6179305991526403
17.611 -15.50182267647273 2.621765477683615
17.612000000000002 -15.499198994047472 2.62559937887296
17.613 -15.496571478211946 2.6294322982484943
17.614 -15.49394012995018 2.6332642313825776
17.615000000000002 -15.491304950250607 2.637095173889645
17.616 -15.488665940106024 2.6409251214255023
17.617 -15.486023100513558 2.644754069684838
17.618000000000002 -15.483376432474618 2.6485820144005436
17.619 -15.480725936994864 2.652408951341136
17.62 -15.478071615084167 2.656234876310341
17.621 -15.47541346775658 2.6600597851440315
17.622 -15.472751496030305 2.663883673710482
17.623 -15.470085700927664 2.6677065379065574
17.624 -15.46741608347506 2.671528373658694
17.625 -15.464742644702962 2.6753491769184707
17.626 -15.462065385645875 2.679168943664091
17.627 -15.459384307342312 2.6829876698955557
17.628 -15.456699410834773 2.686805351636454
17.629 -15.45401069716973 2.690621984928941
17.63 -15.4513181673976 2.69443756583562
17.631 -15.44862182257273 2.6982520904345257
17.632 -15.445921663753378 2.7020655548209156
17.633 -15.443217692001705 2.705877955102453
17.634 -15.440509908383753 2.709689287400699
17.635 -15.437798313969443 2.7134995478466686
17.636 -15.435082909832554 2.717308732581929
17.637 -15.432363697050723 2.7211168377545154
17.638 -15.429640676705434 2.7249238595198806
17.639 -15.426913849882016 2.728729794036645
17.64 -15.424183217669636 2.73253463746788
17.641000000000002 -15.421448781161297 2.7363383859765573
17.642 -15.418710541453843 2.7401410357271074
17.643 -15.415968499647947 2.7439425828807034
17.644000000000002 -15.413222656848129 2.7477430235966662
17.645 -15.410473014162749 2.7515423540282984
17.646 -15.407719572704016 2.755340570323536
17.647000000000002 -15.404962333588 2.7591376686215585
17.648 -15.40220129793463 2.7629336450527298
17.649 -15.399436466867714 2.766728495735802
17.650000000000002 -15.39666784151495 2.7705222167774437
17.651 -15.393895423007928 2.7743148042697383
17.652 -15.391119212482163 2.778106254289456
17.653 -15.388339211077097 2.7818965628958
17.654 -15.385555419936125 2.7856857261294974
17.655 -15.382767840206608 2.789473740010701
17.656 -15.379976473039898 2.7932606005378524
17.657 -15.377181319591363 2.7970463036859505
17.658 -15.374382381020409 2.800830845404977
17.659 -15.371579658490498 2.804614221618582
17.66 -15.368773153169192 2.8083964282222236
17.661 -15.365962866228168 2.8121774610819834
17.662 -15.36314879884325 2.815957316032713
17.663 -15.360330952194449 2.819735988876795
17.664 -15.357509327465985 2.8235134753823266
17.665 -15.354683925846333 2.8272897712819445
17.666 -15.351854748528249 2.83106487227085
17.667 -15.349021796708817 2.834838774005828
17.668 -15.346185071589481 2.838611472103136
17.669 -15.343344574376093 2.8423829621376147
17.67 -15.340500306278951 2.846153239640512
17.671 -15.337652268512842 2.84992230009863
17.672 -15.334800462297093 2.8536901389522242
17.673000000000002 -15.33194488885561 2.8574567515939666
17.674 -15.329085549416934 2.861222133367081
17.675 -15.326222445214288 2.8649862795641186
17.676000000000002 -15.323355577485628 2.868749185425206
17.677 -15.320484947473696 2.8725108461368185
17.678 -15.317610556426077 2.8762712568299618
17.679000000000002 -15.314732405595253 2.880030412579015
17.68 -15.311850496238659 2.8837883083999425
17.681 -15.308964829618745 2.8875449392490204
17.682 -15.306075407003036 2.891300300021192
17.683 -15.303182229664193 2.895054385548737
17.684 -15.300285298880077 2.8988071905995634
17.685 -15.297384615933815 2.902558709876087
17.686 -15.294480182113862 2.9063089380132126
17.687 -15.291571998714076 2.9100578695776207
17.688 -15.28866006703378 2.913805499065272
17.689 -15.285744388377838 2.917551820901229
17.69 -15.282824964056728 2.9212968294366792
17.691 -15.279901795386612 2.9250405189491153
17.692 -15.276974883689414 2.9287828836391663
17.693 -15.274044230292892 2.9325239176308666
17.694 -15.271109836530725 2.9362636149684698
17.695 -15.268171703742583 2.94000196961669
17.696 -15.265229833274217 2.9437389754577024
17.697 -15.262284226477533 2.9474746262909517
17.698 -15.25933488471068 2.951208915830852
17.699 -15.25638180933814 2.954941837705791
17.7 -15.25342500173081 2.9586733854565943
17.701 -15.250464463266082 2.9624035525349264
17.702 -15.247500195327953 2.966132332302247
17.703 -15.244532199307098 2.969859718027768
17.704 -15.241560476600972 2.9735857028878807
17.705000000000002 -15.2385850286139 2.9773102799636524
17.706 -15.235605856757173 2.981033442240709
17.707 -15.232622962449147 2.984755182606349
17.708000000000002 -15.229636347115338 2.9884754938496685
17.709 -15.226646012188528 2.992194368658719
17.71 -15.223651959108853 2.995911799620301
17.711000000000002 -15.220654189323922 2.999627779217647
17.712 -15.21765270428891 3.003342299829719
17.713 -15.214647505466667 3.007055353729293
17.714 -15.211638594327823 3.010766933081931
17.715 -15.208625972350895 3.0144770299444015
17.716 -15.2056096410224 3.0181856362634014
17.717 -15.202589601836968 3.0218927438740644
17.718 -15.199565856297442 3.025598344498818
17.719 -15.196538405915007 3.0293024297456275
17.72 -15.193507252209296 3.033004991107185
17.721 -15.190472396708504 3.036706019958863
17.722 -15.187433840949513 3.0404055075581686
17.723 -15.184391586478007 3.0441034450424724
17.724 -15.181345634848595 3.047799823428739
17.725 -15.178295987624926 3.051494633610903
17.726 -15.17524264637982 3.055187866360024
17.727 -15.172185612695387 3.058879512321384
17.728 -15.169124888163156 3.062569562014628
17.729 -15.1660604743842 3.066258005831271
17.73 -15.162992372969265 3.0699448340341573
17.731 -15.159920585538899 3.0736300367557963
17.732 -15.156845113723582 3.0773136039970375
17.733 -15.153765959163861 3.080995525626098
17.734 -15.150683123510484 3.0846757913767338
17.735 -15.147596608424529 3.08835439084762
17.736 -15.144506415577544 3.0920313135002777
17.737000000000002 -15.141412546651686 3.0957065486587743
17.738 -15.138315003339857 3.09938008550724
17.739 -15.135213787345847 3.1030519130900607
17.740000000000002 -15.132108900384472 3.106722020308947
17.741 -15.129000344181714 3.110390395923499
17.742 -15.125888120474873 3.1140570285481695
17.743000000000002 -15.1227722310127 3.117721906652559
17.744 -15.119652677555559 3.121385018559072
17.745 -15.11652946187556 3.125046352442385
17.746 -15.113402585756713 3.1287058963278263
17.747 -15.11027205099508 3.1323636380903555
17.748 -15.107137859398922 3.1360195654533927
17.749 -15.104000012788855 3.139673665987319
17.75 -15.100858512997998 3.143325927108869
17.751 -15.097713361872136 3.1469763360790095
17.752 -15.094564561269866 3.1506248800032255
17.753 -15.091412113062763 3.154271545828178
17.754 -15.08825601913553 3.1579163203434937
17.755 -15.085096281386164 3.1615591901769373
17.756 -15.081932901726113 3.1652001417975297
17.757 -15.078765882080438 3.168839161509727
17.758 -15.075595224387977 3.172476235457208
17.759 -15.072420930601504 3.176111349616789
17.76 -15.069243002687903 3.179744489802057
17.761 -15.066061442628326 3.183375641658042
17.762 -15.062876252418365 3.187004790663632
17.763 -15.059687434068213 3.190631922127673
17.764 -15.056494989602845 3.1942570211900576
17.765 -15.053298921062177 3.197880072819162
17.766000000000002 -15.050099230501248 3.201501061811524
17.767 -15.046895919990378 3.2051199727908006
17.768 -15.04368899161536 3.2087367902061614
17.769000000000002 -15.04047844747762 3.212351498331984
17.77 -15.037264289694399 3.2159640812664105
17.771 -15.034046520398928 3.2195745229300474
17.772000000000002 -15.030825141740609 3.2231828070661406
17.773 -15.027600155885187 3.2267889172376014
17.774 -15.024371565014935 3.230392836828532
17.775000000000002 -15.021139371328834 3.233994549040441
17.776 -15.017903577042752 3.237594036894357
17.777 -15.01466418438963 3.241191283226463
17.778 -15.011421195619665 3.24478627069097
17.779 -15.008174613000488 3.2483789817549686
17.78 -15.00492443881736 3.25196939870206
17.781 -15.001670675373353 3.2555575036267466
17.782 -14.998413324989533 3.2591432784381054
17.783 -14.995152390005158 3.2627267048547837
17.784 -14.991887872777856 3.2663077644075864
17.785 -14.98861977568382 3.2698864384358206
17.786 -14.985348101118001 3.27346270808873
17.787 -14.982072851494298 3.277036554322766
17.788 -14.978794029245748 3.280607957902303
17.789 -14.97551163682472 3.284176899397618
17.79 -14.972225676703113 3.2877433591849967
17.791 -14.968936151372544 3.2913073174453493
17.792 -14.965643063344546 3.2948687541637054
17.793 -14.962346415150769 3.2984276491285516
17.794 -14.959046209343173 3.3019839819307837
17.795 -14.955742448494222 3.305537731963094
17.796 -14.952435135197092 3.309088878419644
17.797 -14.94912427206586 3.3126374002944177
17.798000000000002 -14.945809861735714 3.3161832763819397
17.799 -14.942491906863143 3.319726485274756
17.8 -14.939170410126147 3.323267005365201
17.801000000000002 -14.935845374224437 3.3268048148414553
17.802 -14.93251680187963 3.3303398916913105
17.803 -14.929184695835467 3.3338722136961025
17.804000000000002 -14.925849058857999 3.337401758436348
17.805 -14.922509893735807 3.3409285032844966
17.806 -14.919167203280198 3.3444524254110966
17.807 -14.915820990325415 3.3479735017777617
17.808 -14.912471257728837 3.351491709142664
17.809 -14.909118008371195 3.3550070240544088
17.81 -14.905761245156768 3.358519422857007
17.811 -14.9024009710136 3.3620288816836195
17.812 -14.899037188893704 3.365535376462512
17.813 -14.895669901773271 3.369038882909346
17.814 -14.892299112652879 3.372539376534885
17.815 -14.888924824557698 3.376036832635538
17.816 -14.88554704053771 3.3795312263028046
17.817 -14.882165763667913 3.3830225324125216
17.818 -14.878780997048528 3.3865107256350986
17.819 -14.875392743805216 3.3899957804245138
17.82 -14.872001007089288 3.393477671028668
17.821 -14.868605790077911 3.3969563714783364
17.822 -14.865207095974332 3.4004318555977617
17.823 -14.861804928008077 3.4039040969934136
17.824 -14.858399289435171 3.4073730690645654
17.825 -14.854990183538348 3.410838744992572
17.826 -14.851577613627265 3.4143010977507635
17.827 -14.848161583038717 3.4177601000947107
17.828 -14.844742095136843 3.4212157245707457
17.829 -14.841319153313348 3.4246679435080662
17.830000000000002 -14.837892760987712 3.428116729025657
17.831 -14.834462921607404 3.4315620530255484
17.832 -14.831029638648097 3.435003887199007
17.833000000000002 -14.82759291561388 3.4384422030205806
17.834 -14.824152756037476 3.4418769717537487
17.835 -14.820709163480448 3.445308164444973
17.836000000000002 -14.817262141533423 3.448735751930273
17.837 -14.813811693816296 3.452159704827868
17.838 -14.810357823978453 3.4555799935463214
17.839 -14.80690053569898 3.458996588276074
17.84 -14.803439832686873 3.4624094589981254
17.841 -14.799975718681258 3.4658185754757604
17.842 -14.796508197451606 3.4692239072628226
17.843 -14.793037272797939 3.472625423696105
17.844 -14.789562948551048 3.476023093902713
17.845 -14.786085228572704 3.479416886793736
17.846 -14.782604116755873 3.482806771070612
17.847 -14.779119617024927 3.4861927152194614
17.848 -14.775631733335855 3.4895746875169413
17.849 -14.77214046967648 3.4929526560257527
17.85 -14.768645830066662 3.4963265885987207
17.851 -14.76514781855852 3.4996964528764907
17.852 -14.761646439236632 3.503062216289516
17.853 -14.758141696218257 3.506423846057974
17.854 -14.754633593653532 3.509781309191486
17.855 -14.751122135725693 3.513134572491568
17.856 -14.747607326651279 3.516483602548831
17.857 -14.74408917068034 3.519828365748283
17.858 -14.740567672096649 3.523168828263113
17.859 -14.737042835217904 3.5265049560645654
17.86 -14.733514664395942 3.5298367149103256
17.861 -14.729983164016938 3.5331640703604132
17.862000000000002 -14.726448338501617 3.5364869877593614
17.863 -14.722910192305456 3.539805432258689
17.864 -14.719368729918886 3.543119368792674
17.865000000000002 -14.715823955867501 3.5464287621065185
17.866 -14.712275874712258 3.5497335767283444
17.867 -14.70872449104968 3.5530337769987606
17.868000000000002 -14.705169809512054 3.556329327043959
17.869 -14.701611834767638 3.559620190802874
17.87 -14.698050571520854 3.562906332002942
17.871 -14.694486024512491 3.5661877141853076
17.872 -14.690918198519903 3.5694643006823505
17.873 -14.6873470983572 3.5727360546408367
17.874 -14.683772728875452 3.576002939002319
17.875 -14.680195094962878 3.579264916522735
17.876 -14.676614201545043 3.5825219497577945
17.877 -14.673030053585046 3.5857740010760706
17.878 -14.66944265608372 3.58902103265184
17.879 -14.665852014079816 3.59226300647171
17.88 -14.662258132650189 3.5954998843319483
17.881 -14.658661016909996 3.598731627842613
17.882 -14.655060672012873 3.601958198426941
17.883 -14.65145710315113 3.6051795573232894
17.884 -14.647850315555926 3.6083956655868747
17.885 -14.64424031449746 3.6116064840897106
17.886 -14.64062710528515 3.6148119735246076
17.887 -14.637010693267804 3.6180120944024825
17.888 -14.633391083833812 3.6212068070593055
17.889 -14.62976828241132 3.624396071651376
17.89 -14.626142294468398 3.6275798481629447
17.891000000000002 -14.622513125513226 3.630758096402099
17.892 -14.618880781094257 3.6339307760076904
17.893 -14.615245266800391 3.6370978464458643
17.894000000000002 -14.611606588261148 3.6402592670161216
17.895 -14.60796475114683 3.643414996849783
17.896 -14.604319761168687 3.6465649949137426
17.897000000000002 -14.600671624079093 3.649709220011177
17.898 -14.59702034567169 3.6528476307832083
17.899 -14.593365931781564 3.655980185712272
17.900000000000002 -14.5897083882854 3.659106843121558
17.901 -14.58604772110163 3.662227561178615
17.902 -14.582383936190602 3.6653422978979546
17.903 -14.578717039554725 3.6684510111391346
17.904 -14.57504703723862 3.6715536586159185
17.905 -14.571373935329271 3.6746501978881514
17.906 -14.567697739956174 3.677740586375998
17.907 -14.564018457291478 3.6808247813499313
17.908 -14.560336093550132 3.6839027399425834
17.909 -14.556650654990023 3.6869744191452165
17.91 -14.552962147912112 3.690039775810932
17.911 -14.549270578660575 3.6930987666610786
17.912 -14.54557595362294 3.696151348277718
17.913 -14.54187827923021 3.699197477121661
17.914 -14.538177561956994 3.702237109513848
17.915 -14.534473808321644 3.7052702016628802
17.916 -14.53076702488637 3.7082967096390766
17.917 -14.527057218257356 3.711316589407652
17.918 -14.5233443950849 3.7143297967993325
17.919 -14.51962856206351 3.717336287545312
17.92 -14.515909725932035 3.7203360172465145
17.921 -14.512187893473763 3.723328941411521
17.922 -14.508463071516543 3.726315015421041
17.923000000000002 -14.504735266932881 3.729294194571694
17.924 -14.50100448664005 3.732266434035586
17.925 -14.49727073760019 3.7352316889068575
17.926000000000002 -14.493534026820406 3.7381899141621147
17.927 -14.489794361352862 3.7411410647018757
17.928 -14.486051748294882 3.7440850953203144
17.929000000000002 -14.482306194789023 3.7470219607358577
17.93 -14.47855770802318 3.7499516155705774
17.931 -14.474806295230657 3.7528740143732757
17.932 -14.471051963690257 3.755789111607218
17.933 -14.467294720726354 3.7586968616614307
17.934 -14.46353457370897 3.7615972188543036
17.935 -14.459771530053843 3.7644901374268662
17.936 -14.456005597222502 3.767375571565011
17.937 -14.452236782722329 3.77025347537526
17.938 -14.448465094106618 3.7731238029226497
17.939 -14.44469053897464 3.775986508193629
17.94 -14.440913124971695 3.7788415451442
17.941 -14.43713285978916 3.781688867655726
17.942 -14.433349751164547 3.784528429586081
17.943 -14.429563806881541 3.787360184728033
17.944 -14.425775034770044 3.7901840868530914
17.945 -14.421983442706214 3.7930000896795377
17.946 -14.4181890386125 3.795808146907712
17.947 -14.41439183045767 3.798608212194818
17.948 -14.410591826256846 3.8014002391838932
17.949 -14.40678903407152 3.8041841814863315
17.95 -14.402983462009578 3.806959992702621
17.951 -14.399175118225315 3.809727626412115
17.952 -14.395364010919453 3.8124870361886485
17.953 -14.391550148339142 3.815238175594392
17.954 -14.387733538777974 3.817980998191567
17.955000000000002 -14.383914190575977 3.8207154575402074
17.956 -14.380092112119616 3.8234415072071624
17.957 -14.376267311841785 3.826159100764894
17.958000000000002 -14.3724397982218 3.828868191802705
17.959 -14.36860957978538 3.8315687339187594
17.96 -14.364776665104634 3.8342606807423865
17.961000000000002 -14.360941062798032 3.8369439859141465
17.962 -14.357102781530385 3.839618603118161
17.963 -14.353261830012812 3.842284486054908
17.964 -14.3494182170027 3.844941588480115
17.965 -14.345571951303674 3.8475898641698087
17.966 -14.341723041765544 3.8502292669693396
17.967 -14.337871497284269 3.8528597507467732
17.968 -14.334017326801893 3.8554812694544176
17.969 -14.3301605393065 3.858093777069547
17.97 -14.32630114383214 3.860697227668319
17.971 -14.322439149458779 3.8632915753554995
17.972 -14.318574565312218 3.8658767743490103
17.973 -14.314707400564028 3.868452778897836
17.974 -14.310837664431464 3.8710195433800663
17.975 -14.306965366177383 3.8735770222077703
17.976 -14.303090515110165 3.8761251699354773
17.977 -14.299213120583612 3.878663941158992
17.978 -14.295333191996855 3.8811932906252613
17.979 -14.291450738794248 3.883713173134875
17.98 -14.287565770465271 3.8862235436424606
17.981 -14.283678296544412 3.888724357176721
17.982 -14.279788326611055 3.8912155689147365
17.983 -14.275895870289357 3.89369713413372
17.984 -14.272000937248128 3.896169008253953
17.985 -14.268103537200695 3.89863114681709
17.986 -14.26420367990477 3.9010835055087525
17.987000000000002 -14.260301375162312 3.9035260401527925
17.988 -14.256396632819385 3.9059587067217065
17.989 -14.252489462765999 3.9083814613384815
17.990000000000002 -14.248579874935968 3.9107942602834735
17.991 -14.244667879306741 3.9131970599993897
17.992 -14.240753485899242 3.9155898170935437
17.993000000000002 -14.236836704777701 3.9179724883484286
17.994 -14.232917546049482 3.9203450307184897
17.995 -14.228996019864896 3.9227074013466656
17.996 -14.225072136417023 3.925059557553868
17.997 -14.22114590594152 3.9274014568643794
17.998 -14.217217338716432 3.9297330569878395
17.999 -14.213286445061984 3.9320543158461763
18.0 -14.209353235340377 3.9343651915623203
18.001 -14.205417719955584 3.9366656424757562
18.002 -14.201479909353129 3.9389556271414152
18.003 -14.197539814019867 3.9412351043411658
18.004 -14.193597444483764 3.943504033077289
18.005 -14.189652811313655 3.9457623726006354
18.006 -14.185705925119022 3.9480100823790716
18.007 -14.181756796549736 3.9502471221541446
18.008 -14.177805436295824 3.95247345188015
18.009 -14.173851855087204 3.954689031809896
18.01 -14.169896063693443 3.956893822409253
18.011 -14.165938072923478 3.9590877844581245
18.012 -14.161977893625357 3.961270878959813
18.013 -14.158015536685964 3.9634430672401075
18.014 -14.154051013030738 3.9656043108635624
18.015 -14.150084333623388 3.9677545717214255
18.016000000000002 -14.146115509465606 3.96989381196246
18.017 -14.142144551596767 3.972021994064983
18.018 -14.138171471093633 3.974139080781254
18.019000000000002 -14.134196279070043 3.9762450352031653
18.02 -14.130218986676606 3.978339820703889
18.021 -14.126239605100375 3.980423401013006
18.022000000000002 -14.122258145564535 3.9824957401447216
18.023 -14.118274619328064 3.984556802490997
18.024 -14.114289037685412 3.9866065527266636
18.025000000000002 -14.110301411966148 3.9886449559271995
18.026 -14.106311753534628 3.9906719774538515
18.027 -14.102320073789636 3.99268758308114
18.028 -14.098326384164032 3.994691738886889
18.029 -14.094330696124391 3.9966844113592543
18.03 -14.090333021170638 3.9986655673187044
18.031 -14.08633337083567 4.00063517398849
18.032 -14.082331756684987 4.00259319895016
18.033 -14.0783281903163 4.004539610191276
18.034 -14.074322683359151 4.0064743760684385
18.035 -14.070315247474515 4.008397465359707
18.036 -14.066305894354397 4.010308847219249
18.037 -14.062294635721434 4.012208491234118
18.038 -14.058281483328482 4.014096367381766
18.039 -14.0542664489582 4.015972446077685
18.04 -14.050249544422625 4.017836698143998
18.041 -14.046230781562754 4.019689094847963
18.042 -14.042210172248103 4.021529607878118
18.043 -14.038187728376275 4.0233582093735025
18.044 -14.034163461872515 4.025174871911113
18.045 -14.03013738468926 4.026979568525815
18.046 -14.02610950880569 4.02877227270184
18.047 -14.02207984622727 4.030552958391392
18.048000000000002 -14.01804840898527 4.032321600009725
18.049 -14.014015209136325 4.034078172445497
18.05 -14.009980258761924 4.035822651066884
18.051000000000002 -14.005943569967961 4.037555011719805
18.052 -14.001905154884229 4.039275230747391
18.053 -13.997865025663941 4.040983284974614
18.054000000000002 -13.993823194483227 4.0426791517385885
18.055 -13.989779673540635 4.044362808865421
18.056 -13.985734475056626 4.04603423470525
18.057 -13.98168761127306 4.04769340811031
18.058 -13.97763909445268 4.049340308459065
18.059 -13.97358893687859 4.050974915653791
18.06 -13.969537150853728 4.0525972101216325
18.061 -13.965483748700334 4.054207172833485
18.062 -13.961428742759415 4.055804785287133
18.063 -13.957372145390195 4.057390029541325
18.064 -13.953313968969582 4.058962888182354
18.065 -13.949254225891599 4.060523344382469
18.066 -13.945192928566842 4.062071381830464
18.067 -13.941130089421906 4.063606984832718
18.068 -13.93706572089883 4.065130138205612
18.069 -13.932999835454515 4.066640827398402
18.07 -13.928932445560154 4.068139038384343
18.071 -13.924863563700647 4.069624757769187
18.072 -13.920793202374021 4.0710979727037815
18.073 -13.916721374090832 4.072558670967793
18.074 -13.912648091373574 4.0740068409092105
18.075 -13.908573366756084 4.075442471501672
18.076 -13.904497212782928 4.0768655523039685
18.077 -13.9004196420088 4.078276073506436
18.078 -13.896340666997903 4.079674025893406
18.079 -13.892260300323338 4.08105940089166
18.080000000000002 -13.88817855456648 4.082432190529271
18.081 -13.88409544231635 4.083792387482588
18.082 -13.880010976168979 4.085139985044682
18.083000000000002 -13.875925168726791 4.086474977158278
18.084 -13.871838032597942 4.0877973583958465
18.085 -13.867749580395694 4.089107123983736
18.086000000000002 -13.863659824737761 4.090404269794086
18.087 -13.859568778245656 4.091688792345262
18.088 -13.855476453544041 4.092960688831592
18.089 -13.851382863260064 4.094219957079657
18.09 -13.847288020022699 4.095466595613614
18.091 -13.84319193646208 4.0967006035938445
18.092 -13.839094625208826 4.097921980882408
18.093 -13.834996098893372 4.099130727988216
18.094 -13.830896370145288 4.100326846132004
18.095 -13.826795451592602 4.101510337179539
18.096 -13.82269335586111 4.10268120372618
18.097 -13.818590095573693 4.103839449008712
18.098 -13.814485683349622 4.1049850770102285
18.099 -13.81038013180386 4.106118092355178
18.1 -13.806273453546378 4.107238500419193
18.101 -13.802165661181435 4.108346307237724
18.102 -13.798056767306887 4.109441519583852
18.103 -13.793946784513476 4.110524144918902
18.104 -13.789835725384117 4.111594191427081
18.105 -13.785723602493187 4.112651668003939
18.106 -13.78161042840581 4.113696584259515
18.107 -13.777496215677136 4.11472895053224
18.108 -13.773380976851621 4.1157487778719135
18.109 -13.769264724462301 4.116756078065798
18.11 -13.765147471030069 4.117750863618484
18.111 -13.76102922906294 4.1187331477739155
18.112000000000002 -13.756910011055327 4.119702944502877
18.113 -13.752789829487297 4.1206602685121005
18.114 -13.748668696823845 4.121605135249073
18.115000000000002 -13.74454662551415 4.122537560895143
18.116 -13.740423627990838 4.123457562380328
18.117 -13.736299716669233 4.124365157367456
18.118000000000002 -13.732174903946623 4.125260364280622
18.119 -13.7280492022015 4.126143202267309
18.12 -13.723922623792829 4.127013691256862
18.121 -13.719795181059283 4.127871851888209
18.122 -13.715666886318497 4.128717705597755
18.123 -13.711537751866324 4.129551274527762
18.124 -13.707407789976065 4.130372581626047
18.125 -13.703277012897725 4.131181650539848
18.126 -13.699145432857254 4.131978505739467
18.127 -13.695013062055782 4.1327631723800975
18.128 -13.690879912668871 4.133535676454845
18.129 -13.686745996845747 4.134296044638764
18.13 -13.682611326708544 4.1350443044449525
18.131 -13.678475914351536 4.135780484074956
18.132 -13.674339771840376 4.136504612563101
18.133 -13.67020291121134 4.137216719642643
18.134 -13.666065344470555 4.137916835871021
18.135 -13.661927083593238 4.138604992513171
18.136 -13.657788140522928 4.13928122165446
18.137 -13.653648527170729 4.139945556088697
18.138 -13.649508255414535 4.14059802943392
18.139 -13.645367337098273 4.141238676013418
18.14 -13.64122578403113 4.141867530974414
18.141000000000002 -13.637083607986797 4.1424846301715075
18.142 -13.632940820702695 4.143090010283913
18.143 -13.628797433879216 4.14368370869271
18.144000000000002 -13.624653459178958 4.144265763605206
18.145 -13.620508908225958 4.144836213935967
18.146 -13.616363792604933 4.145395099408051
18.147000000000002 -13.612218123860512 4.1459424604752675
18.148 -13.60807191349648 4.146478338371699
18.149 -13.603925172975014 4.147002775081513
18.150000000000002 -13.599777913715924 4.147515813355837
18.151 -13.595630147095891 4.148017496695905
18.152 -13.591481884447713 4.148507869371533
18.153 -13.587333137059545 4.148986976394531
18.154 -13.583183916174148 4.1494548635463735
18.155 -13.57903423298813 4.14991157734772
18.156 -13.574884098651198 4.150357165082086
18.157 -13.570733524265403 4.150791674774913
18.158 -13.566582520884397 4.151215155202602
18.159 -13.562431099512679 4.151627655892307
18.16 -13.558279271104855 4.152029227100654
18.161 -13.554127046564892 4.1524199198532825
18.162 -13.54997443674538 4.1527997858770975
18.163 -13.54582145244679 4.153168877683917
18.164 -13.541668104416738 4.153527248468444
18.165 -13.537514403349256 4.153874952212809
18.166 -13.533360359884052 4.15421204357494
18.167 -13.529205984605785 4.154538577991009
18.168 -13.525051288043343 4.154854611577673
18.169 -13.520896280669115 4.155160201210784
18.17 -13.516740972898269 4.155455404453607
18.171 -13.512585375088044 4.155740279611355
18.172 -13.508429497537021 4.156014885681547
18.173000000000002 -13.504273350484427 4.156279282382996
18.174 -13.500116944109417 4.156533530141017
18.175 -13.495960288530375 4.156777690065915
18.176000000000002 -13.491803393804211 4.157011824003098
18.177 -13.487646269925666 4.157235994440903
18.178 -13.483488926826613 4.157450264622186
18.179000000000002 -13.47933137437538 4.157654698409404
18.18 -13.475173622376051 4.157849360416431
18.181 -13.471015680567787 4.158034315872926
18.182 -13.466857558624154 4.158209630741192
18.183 -13.46269926615245 4.158375371605877
18.184 -13.458540812693027 4.1585316057596104
18.185 -13.45438220771864 4.158678401118856
18.186 -13.450223460633767 4.15881582630041
18.187 -13.446064580773978 4.158943950522018
18.188 -13.441905577405265 4.159062843716795
18.189 -13.437746459723405 4.1591725763781575
18.19 -13.433587236853317 4.159273219734529
18.191 -13.429427917848423 4.159364845545115
18.192 -13.425268511690021 4.159447526301098
18.193 -13.421109027286656 4.159521335016658
18.194 -13.416949473473503 4.159586345421774
18.195 -13.412789859011747 4.15964263176406
18.196 -13.408630192587975 4.159690268988679
18.197 -13.404470482813572 4.159729332560204
18.198 -13.400310738224121 4.159759898610531
18.199 -13.39615096727881 4.159782043805691
18.2 -13.391991178359849 4.15979584543506
18.201 -13.387831379771876 4.159801381342816
18.202 -13.3836715797414 4.159798729960498
18.203 -13.379511786416213 4.159787970276237
18.204 -13.375352007864835 4.159769181846767
18.205000000000002 -13.371192252075964 4.15974244477023
18.206 -13.367032526957907 4.159707839719625
18.207 -13.362872840338055 4.159665447859023
18.208000000000002 -13.358713199962326 4.159615350966721
18.209 -13.354553613494652 4.1595576312406255
18.21 -13.350394088516436 4.159492371534166
18.211000000000002 -13.346234632526054 4.1594196550625915
18.212 -13.342075252938319 4.159339565718598
18.213 -13.337915957083997 4.159252187714296
18.214 -13.3337567522093 4.159157605942802
18.215 -13.329597645475397 4.159055905602725
18.216 -13.325438643957925 4.158947172543163
18.217 -13.321279754646524 4.158831492931549
18.218 -13.317120984444356 4.158708953537574
18.219 -13.31296234016765 4.158579641473347
18.22 -13.308803828545244 4.158443644393655
18.221 -13.304645456218134 4.1583010503342255
18.222 -13.30048722973905 4.158151947799905
18.223 -13.296329155571998 4.15799642571673
18.224 -13.29217124009186 4.157834573419704
18.225 -13.288013489583964 4.157666480680005
18.226 -13.283855910243675 4.157492237647541
18.227 -13.279698508175999 4.157311934894874
18.228 -13.275541289395182 4.157125663363272
18.229 -13.271384259824336 4.15693351439142
18.23 -13.267227425295047 4.156735579678462
18.231 -13.263070791547019 4.156531951302653
18.232 -13.258914364227701 4.156322721685757
18.233 -13.254758148891943 4.156107983611297
18.234 -13.250602151001644 4.155887830191481
18.235 -13.24644637592542 4.15566235488526
18.236 -13.24229082893827 4.155431651461196
18.237000000000002 -13.238135515221265 4.155195814014468
18.238 -13.233980439861226 4.154954936944638
18.239 -13.229825607850428 4.154709114944784
18.240000000000002 -13.225671024086305 4.154458443012433
18.241 -13.221516693371155 4.15420301640521
18.242 -13.217362620411878 4.153942930681082
18.243000000000002 -13.213208809819688 4.153678281635531
18.244 -13.209055266109873 4.15340916533989
18.245 -13.204901993701526 4.153135678103572
18.246 -13.200748996917314 4.152857916472056
18.247 -13.196596279983238 4.152575977236069
18.248 -13.192443847028409 4.152289957374977
18.249 -13.188291702084834 4.1519999541288195
18.25 -13.184139849087208 4.151706064877364
18.251 -13.17998829187271 4.1514083872662
18.252 -13.175837034180825 4.151107019053381
18.253 -13.17168607965315 4.1508020582389715
18.254 -13.16753543183323 4.150493602933104
18.255 -13.163385094166399 4.150181751454039
18.256 -13.159235069999621 4.14986660222256
18.257 -13.155085362581344 4.149548253842327
18.258 -13.15093597506137 4.149226805006401
18.259 -13.146786910490727 4.148902354570333
18.26 -13.14263817182155 4.148575001461679
18.261 -13.138489761906978 4.1482448447499225
18.262 -13.13434168350105 4.14791198356113
18.263 -13.130193939258621 4.14757651714359
18.264 -13.126046531735273 4.147238544782721
18.265 -13.121899463387255 4.146898165867949
18.266000000000002 -13.117752736571415 4.146555479814903
18.267 -13.113606353545148 4.146210586106538
18.268 -13.109460316466352 4.145863584257699
18.269000000000002 -13.105314627393398 4.145514573809953
18.27 -13.101169288285098 4.145163654332335
18.271 -13.097024301000697 4.144810925397379
18.272000000000002 -13.092879667299863 4.144456486585784
18.273 -13.088735388842688 4.144100437465926
18.274 -13.084591467189702 4.143742877593031
18.275000000000002 -13.080447903801893 4.143383906494271
18.276 -13.076304700040746 4.143023623658135
18.277 -13.072161857168267 4.142662128545025
18.278 -13.068019376347044 4.142299520529644
18.279 -13.063877258640304 4.141935898969108
18.28 -13.059735505011972 4.141571363098368
18.281 -13.055594116326763 4.141206012115624
18.282 -13.051453093350244 4.140839945101524
18.283 -13.047312436748959 4.140473261038872
18.284 -13.043172147090504 4.140106058831221
18.285 -13.039032224843663 4.139738437204613
18.286 -13.034892670378508 4.139370494845906
18.287 -13.030753483966555 4.139002330194608
18.288 -13.026614665780881 4.138634041680613
18.289 -13.022476215896292 4.138265727421845
18.29 -13.018338134289465 4.137897485550346
18.291 -13.014200420839126 4.137529413841568
18.292 -13.010063075326226 4.137161610072415
18.293 -13.005926097434115 4.136794171660091
18.294 -13.00178948674875 4.1364271959753
18.295 -12.997653242758892 4.136060780053965
18.296 -12.993517364856313 4.135695020818423
18.297 -12.98938185233602 4.135330014887907
18.298000000000002 -12.985246704396484 4.134965858704875
18.299 -12.98111192013988 4.13460264843495
18.3 -12.976977498572328 4.134240480008062
18.301000000000002 -12.972843438604151 4.13387944909615
18.302 -12.968709739050137 4.133519651091383
18.303 -12.964576398629815 4.133161181126815
18.304000000000002 -12.960443415967728 4.132804134038216
18.305 -12.956310789593728 4.132448604368257
18.306 -12.952178517943269 4.132094686373314
18.307 -12.948046599357719 4.131742473972466
18.308 -12.943915032084664 4.131392060805543
18.309 -12.939783814278238 4.131043540139367
18.31 -12.935652943999452 4.130697004954556
18.311 -12.931522419216524 4.130352547849647
18.312 -12.92739223780524 4.130010261098177
18.313 -12.923262397549292 4.129670236609413
18.314 -12.919132896140658 4.129332565907574
18.315 -12.915003731179953 4.128997340189678
18.316 -12.910874900176822 4.128664650198838
18.317 -12.906746400550318 4.128334586379101
18.318 -12.902618229629299 4.128007238675821
18.319 -12.898490384652826 4.127682696736611
18.32 -12.894362862770572 4.127361049687603
18.321 -12.890235661043242 4.1270423863421035
18.322 -12.88610877644299 4.126726794987212
18.323 -12.881982205853857 4.126414363560589
18.324 -12.877855946072206 4.126105179491254
18.325 -12.873729993807162 4.125799329805334
18.326 -12.869604345681072 4.125496901047584
18.327 -12.865478998229968 4.125197979305322
18.328 -12.86135394790402 4.124902650208038
18.329 -12.857229191068022 4.124610998880399
18.330000000000002 -12.853104724001867 4.124323110001891
18.331 -12.848980542901035 4.1240390677161
18.332 -12.844856643877089 4.1237589557181265
18.333000000000002 -12.840733022958169 4.123482857148168
18.334 -12.836609676089509 4.123210854688453
18.335 -12.832486599133944 4.122943030452993
18.336000000000002 -12.828363787872432 4.122679466079162
18.337 -12.82424123800458 4.122420242636422
18.338 -12.820118945149176 4.122165440685613
18.339 -12.815996904844727 4.121915140231853
18.34 -12.81187511255001 4.121669420735001
18.341 -12.807753563644614 4.121428361106058
18.342 -12.803632253429498 4.12119203968699
18.343 -12.799511177127565 4.120960534265064
18.344 -12.795390329884212 4.120733922050604
18.345 -12.791269706767919 4.120512279672771
18.346 -12.78714930277082 4.120295683194334
18.347 -12.783029112809293 4.12008420806448
18.348 -12.778909131724546 4.119877929173663
18.349 -12.774789354283216 4.119676920774788
18.35 -12.770669775177968 4.119481256558477
18.351 -12.766550389028097 4.119291009565074
18.352 -12.762431190380154 4.119106252264779
18.353 -12.758312173708537 4.118927056465675
18.354 -12.754193333416138 4.118753493393071
18.355 -12.75007466383495 4.118585633612255
18.356 -12.745956159226703 4.118423547077106
18.357 -12.741837813783501 4.118267303095364
18.358 -12.737719621628461 4.118116970331604
18.359 -12.733601576816351 4.117972616815951
18.36 -12.729483673334245 4.117834309909068
18.361 -12.72536590510217 4.117702116345397
18.362000000000002 -12.721248265973765 4.117576102163933
18.363 -12.717130749736937 4.117456332789023
18.364 -12.713013350114531 4.117342872920164
18.365000000000002 -12.708896060764994 4.117235786657861
18.366 -12.704778875283047 4.11713513734892
18.367 -12.700661787200362 4.117040987748661
18.368000000000002 -12.69654478998624 4.116953399845022
18.369 -12.692427877048287 4.116872435029826
18.37 -12.688311041733114 4.116798153913887
18.371 -12.684194277327007 4.116730616525661
18.372 -12.68007757705664 4.116669882075241
18.373 -12.675960934089748 4.116616009212582
18.374 -12.671844341535841 4.116569055749569
18.375 -12.6677277924469 4.116529078930476
18.376 -12.66361127981808 4.11649613516624
18.377 -12.659494796588408 4.116470280283898
18.378 -12.655378335641512 4.116451569279935
18.379 -12.651261889806312 4.116440056556393
18.38 -12.647145451857744 4.11643579568754
18.381 -12.643029014517474 4.116438839634461
18.382 -12.638912570454613 4.116449240547879
18.383 -12.634796112286445 4.116467049933628
18.384 -12.630679632579136 4.1164923185161175
18.385 -12.626563123848475 4.116525096332703
18.386 -12.622446578560584 4.116565432676136
18.387 -12.618329989132654 4.116613376111404
18.388 -12.614213347933672 4.1166689744872045
18.389 -12.610096647285152 4.116732274895142
18.39 -12.60597987946187 4.116803323730555
18.391000000000002 -12.60186303669259 4.116882166609687
18.392 -12.597746111160806 4.116968848464108
18.393 -12.593629095005474 4.117063413435063
18.394000000000002 -12.589511980321749 4.117165904981961
18.395 -12.585394759161725 4.117276365773008
18.396 -12.58127742353517 4.1173948377820295
18.397000000000002 -12.577159965410269 4.1175213622137745
18.398 -12.573042376714364 4.117655979542271
18.399 -12.56892464933469 4.117798729509092
18.400000000000002 -12.564806775119122 4.117949651094866
18.401 -12.56068874587691 4.118108782560353
18.402 -12.556570553379427 4.118276161407562
18.403 -12.552452189360908 4.118451824405795
18.404 -12.548333645519193 4.118635807578497
18.405 -12.54421491351647 4.118828146207115
18.406 -12.540095984980013 4.11902887483355
18.407 -12.53597685150293 4.119238027253364
18.408 -12.5318575046449 4.119455636524564
18.409 -12.527737935932915 4.119681734964134
18.41 -12.523618136862027 4.119916354138728
18.411 -12.51949809889608 4.120159524895961
18.412 -12.51537781346845 4.1204112773143144
18.413 -12.5112572719828 4.120671640764159
18.414 -12.507136465813792 4.120940643850877
18.415 -12.50301538630785 4.121218314463614
18.416 -12.498894024783882 4.121504679739078
18.417 -12.494772372534017 4.121799766091453
18.418 -12.49065042082435 4.122103599189789
18.419 -12.486528160895661 4.122416203981315
18.42 -12.482405583964159 4.1227376046678685
18.421 -12.478282681222208 4.123067824739227
18.422 -12.474159443839055 4.123406886932523
18.423000000000002 -12.470035862961561 4.123754813285121
18.424 -12.465911929714927 4.124111625081352
18.425 -12.461787635203422 4.124477342905295
18.426000000000002 -12.457662970511096 4.124851986598697
18.427 -12.453537926702516 4.125235575298705
18.428 -12.449412494823473 4.125628127414569
18.429000000000002 -12.445286665901707 4.126029660638201
18.43 -12.441160430947617 4.126440191958296
18.431 -12.43703378095498 4.126859737631337
18.432000000000002 -12.432906706901662 4.1272883132297045
18.433 -12.42877919975032 4.127725933586086
18.434 -12.42465125044912 4.1281726128626195
18.435 -12.42052284993243 4.128628364483163
18.436 -12.41639398912153 4.12909320120298
18.437 -12.412264658925313 4.129567135049973
18.438 -12.408134850240968 4.130050177385013
18.439 -12.404004553954694 4.130542338843705
18.44 -12.399873760942379 4.131043629411711
18.441 -12.395742462070288 4.131554058336285
18.442 -12.391610648195758 4.132073634241304
18.443 -12.387478310167872 4.132602365000493
18.444 -12.383345438828144 4.133140257881876
18.445 -12.379212025011196 4.133687319403474
18.446 -12.37507805954543 4.13424355548307
18.447 -12.370943533253698 4.134808971302138
18.448 -12.366808436953976 4.1353835714370835
18.449 -12.36267276146002 4.135967359746816
18.45 -12.358536497582035 4.136560339478423
18.451 -12.354399636127326 4.137162513182756
18.452 -12.350262167900954 4.137773882791104
18.453 -12.34612408370639 4.138394449560282
18.454 -12.341985374346162 4.139024214118502
18.455000000000002 -12.337846030622492 4.139663176444629
18.456 -12.333706043337946 4.140311335877741
18.457 -12.329565403296062 4.140968691130555
18.458000000000002 -12.325424101301987 4.141635240273629
18.459 -12.321282128163105 4.142310980762185
18.46 -12.31713947468966 4.142995909418413
18.461000000000002 -12.31299613169538 4.143690022454612
18.462 -12.308852089998096 4.144393315457323
18.463 -12.304707340420348 4.145105783414937
18.464 -12.30056187379 4.1458274206933785
18.465 -12.296415680940845 4.146558221071192
18.466 -12.2922687527132 4.1472981777143305
18.467 -12.288121079954513 4.148047283204766
18.468 -12.283972653519944 4.148805529526113
18.469 -12.279823464272965 4.149572908079304
18.47 -12.275673503085937 4.150349409685027
18.471 -12.27152276084069 4.151135024579333
18.472 -12.267371228429097 4.151929742436568
18.473 -12.263218896753656 4.1527335523463105
18.474 -12.259065756728045 4.153546442851102
18.475 -12.254911799277686 4.154368401919042
18.476 -12.250757015340307 4.15519941697044
18.477 -12.24660139586649 4.15603947487407
18.478 -12.242444931820229 4.156888561946764
18.479 -12.23828761417946 4.157746663974251
18.48 -12.234129433936618 4.158613766189561
18.481 -12.229970382099154 4.159489853311492
18.482 -12.225810449690078 4.160374909513899
18.483 -12.22164962774848 4.161268918458267
18.484 -12.217487907330048 4.162171863286078
18.485 -12.213325279507592 4.16308372661678
18.486 -12.209161735371545 4.164004490578035
18.487000000000002 -12.20499726603048 4.164934136769692
18.488 -12.200831862611603 4.165872646319392
18.489 -12.196665516261254 4.166819999832832
18.490000000000002 -12.192498218145401 4.1677761774521125
18.491 -12.188329959450122 4.168741158811223
18.492 -12.184160731382093 4.169714923084309
18.493000000000002 -12.179990525169059 4.170697448954558
18.494 -12.175819332060309 4.171688714647707
18.495 -12.17164714332715 4.172688697914244
18.496 -12.167473950263357 4.173697376055881
18.497 -12.163299744185641 4.174714725903254
18.498 -12.159124516434096 4.175740723859332
18.499 -12.15494825837265 4.17677534585547
18.5 -12.150770961389505 4.177818567410513
18.501 -12.146592616897575 4.17887036358244
18.502 -12.142413216334917 4.179930709022714
18.503 -12.138232751165162 4.180999577936165
18.504 -12.134051212877933 4.18207694413011
18.505 -12.12986859298927 4.183162780972428
18.506 -12.125684883042032 4.184257061449832
18.507 -12.121500074606308 4.185359758112639
18.508 -12.117314159279823 4.186470843144065
18.509 -12.11312712868833 4.1875902883035465
18.51 -12.108938974486005 4.188718064986117
18.511 -12.104749688355831 4.189854144182372
18.512 -12.10055926200998 4.190998496519001
18.513 -12.096367687190194 4.192151092240557
18.514 -12.092174955668149 4.193311901222676
18.515 -12.087981059245827 4.1944808929844415
18.516000000000002 -12.083785989755874 4.19565803667486
18.517 -12.079589739061959 4.196843301103038
18.518 -12.07539229905912 4.198036654714788
18.519000000000002 -12.071193661674117 4.1992380656285375
18.52 -12.066993818865768 4.2004475016080765
18.521 -12.062792762625286 4.201664930100231
18.522000000000002 -12.058590484976603 4.202890318208119
18.523 -12.054386977976712 4.204123632727925
18.524 -12.050182233715967 4.205364840121897
18.525000000000002 -12.045976244318414 4.206613906554109
18.526 -12.041769001942093 4.2078707978690595
18.527 -12.037560498779348 4.209135479618321
18.528 -12.033350727057119 4.2104079170475766
18.529 -12.029139679037248 4.2116880751166414
18.53 -12.024927347016765 4.212975918493062
18.531 -12.020713723328168 4.214271411565638
18.532 -12.016498800339706 4.215574518442787
18.533 -12.01228257045566 4.216885202960627
18.534 -12.008065026116602 4.218203428692477
18.535 -12.003846159799668 4.21952915894015
18.536 -11.999625964018815 4.220862356758264
18.537 -11.995404431325078 4.222202984940351
18.538 -11.991181554306817 4.223551006038318
18.539 -11.986957325589962 4.224906382355982
18.54 -11.982731737838263 4.226269075965269
18.541 -11.97850478375351 4.22763904870034
18.542 -11.974276456075772 4.229016262168439
18.543 -11.970046747583627 4.230400677757428
18.544 -11.965815651094372 4.231792256627959
18.545 -11.961583159464247 4.233190959740921
18.546 -11.957349265588642 4.2345967478300865
18.547 -11.953113962402306 4.236009581447081
18.548000000000002 -11.948877242879545 4.237429420921306
18.549 -11.944639100034427 4.2388562264103635
18.55 -11.940399526920965 4.240289957860232
18.551000000000002 -11.936158516633304 4.241730575053918
18.552 -11.931916062305913 4.243178037571054
18.553 -11.927672157113754 4.244632304839622
18.554000000000002 -11.92342679427246 4.2460933360922635
18.555 -11.919179967038502 4.247561090419747
18.556 -11.914931668709356 4.249035526726343
18.557000000000002 -11.910681892623654 4.250516603783309
18.558 -11.906430632161351 4.25200428018659
18.559 -11.902177880743865 4.253498514404356
18.56 -11.89792363183423 4.2549992647426755
18.561 -11.893667878937233 4.256506489385588
18.562 -11.889410615599555 4.258020146367194
18.563 -11.885151835409898 4.259540193603219
18.564 -11.880891531999117 4.261066588875299
18.565 -11.876629699040345 4.262599289848542
18.566 -11.872366330249106 4.2641382540684685
18.567 -11.86810141938344 4.2656834389684
18.568 -11.863834960244002 4.267234801872836
18.569 -11.85956694667418 4.268792300003547
18.57 -11.855297372560187 4.270355890478328
18.571 -11.851026231831167 4.271925530325858
18.572 -11.84675351845928 4.273501176473516
18.573 -11.842479226459803 4.2750827857730265
18.574 -11.838203349891208 4.276670314980466
18.575 -11.833925882855238 4.278263720784577
18.576 -11.829646819497 4.279862959786495
18.577 -11.825366154005026 4.281467988529688
18.578 -11.82108388061134 4.2830787634768965
18.579 -11.816799993591534 4.284695241039555
18.580000000000002 -11.812514487264819 4.286317377561334
18.581 -11.808227355994092 4.28794512933509
18.582 -11.803938594185981 4.28957845260169
18.583000000000002 -11.799648196290896 4.291217303552181
18.584 -11.795356156803079 4.292861638338017
18.585 -11.79106247026064 4.294511413065484
18.586000000000002 -11.786767131245599 4.296166583810414
18.587 -11.782470134383923 4.297827106611219
18.588 -11.778171474345546 4.299492937481068
18.589 -11.773871145844408 4.301164032406207
18.59 -11.769569143638472 4.302840347352386
18.591 -11.76526546252974 4.304521838268023
18.592 -11.760960097364277 4.306208461083949
18.593 -11.756653043032221 4.307900171728069
18.594 -11.752344294467788 4.309596926109495
18.595 -11.748033846649282 4.311298680147893
18.596 -11.743721694599092 4.313005389747281
18.597 -11.739407833383698 4.314717010830349
18.598 -11.735092258113657 4.316433499311988
18.599 -11.7307749639436 4.318154811129815
18.6 -11.726455946072225 4.319880902223992
18.601 -11.72213519974227 4.321611728559545
18.602 -11.717812720240506 4.323347246115416
18.603 -11.71348850289771 4.325087410897301
18.604 -11.709162543088638 4.32683217893544
18.605 -11.704834836232006 4.328581506289075
18.606 -11.700505377790451 4.330335349052207
18.607 -11.6961741632705 4.332093663350809
18.608 -11.691841188222535 4.333856405353646
18.609 -11.687506448240747 4.335623531267135
18.61 -11.683169938963097 4.337394997345757
18.611 -11.67883165607127 4.339170759888995
18.612000000000002 -11.674491595290627 4.34095077524842
18.613 -11.67014975239015 4.342734999828797
18.614 -11.665806123182385 4.344523390090082
18.615000000000002 -11.661460703523392 4.34631590255295
18.616 -11.65711348931268 4.34811249379897
18.617 -11.65276447649314 4.349913120473698
18.618000000000002 -11.648413661050988 4.351717739292433
18.619 -11.644061039015687 4.353526307037379
18.62 -11.639706606459884 4.355338780566043
18.621 -11.635350359499325 4.35715511680988
18.622 -11.630992294292792 4.358975272778635
18.623 -11.626632407042017 4.360799205562657
18.624 -11.622270693991595 4.36262687233519
18.625 -11.617907151428907 4.3644582303546215
18.626 -11.613541775684038 4.36629323696831
18.627 -11.609174563129669 4.368131849612316
18.628 -11.604805510181006 4.369974025817615
18.629 -11.600434613295677 4.371819723207934
18.63 -11.596061868973633 4.373668899507212
18.631 -11.591687273757055 4.375521512535544
18.632 -11.587310824230249 4.377377520220012
18.633 -11.58293251701955 4.379236880585327
18.634 -11.578552348793204 4.381099551770935
18.635 -11.57417031626127 4.38296549201517
18.636 -11.569786416175512 4.384834659677941
18.637 -11.56540064532928 4.386707013220648
18.638 -11.561013000557399 4.388582511230852
18.639 -11.556623478736054 4.39046111240247
18.64 -11.552232076782673 4.392342775558268
18.641000000000002 -11.547838791655803 4.394227459632758
18.642 -11.543443620354992 4.396115123691794
18.643 -11.539046559920665 4.398005726918534
18.644000000000002 -11.534647607433994 4.399899228629468
18.645 -11.530246760016777 4.401795588263497
18.646 -11.5258440148313 4.403694765395748
18.647000000000002 -11.521439369080214 4.405596719728068
18.648 -11.517032820006401 4.407501411100967
18.649 -11.512624364892831 4.409408799486457
18.650000000000002 -11.508214001062436 4.411318844997827
18.651 -11.503801725877965 4.4132315078832764
18.652 -11.499387536741848 4.415146748535967
18.653 -11.49497143109605 4.417064527487062
18.654 -11.490553406421931 4.418984805415381
18.655 -11.486133460240108 4.420907543142107
18.656 -11.481711590110294 4.422832701637309
18.657 -11.477287793631161 4.424760242018581
18.658 -11.47286206844019 4.4266901255531925
18.659 -11.468434412213515 4.428622313660731
18.66 -11.46400482266578 4.430556767912175
18.661 -11.459573297549976 4.432493450033519
18.662 -11.455139834657293 4.434432321905924
18.663 -11.45070443181696 4.436373345566758
18.664 -11.446267086896093 4.438316483212869
18.665 -11.441827797799524 4.440261697197776
18.666 -11.437386562469658 4.442208950039458
18.667 -11.4329433788863 4.444158204412518
18.668 -11.428498245066494 4.446109423160443
18.669 -11.424051159064367 4.4480625692844376
18.67 -11.419602118970955 4.450017605957102
18.671 -11.415151122914041 4.4519744965116805
18.672 -11.410698169057994 4.453933204453713
18.673000000000002 -11.406243255603586 4.455893693453056
18.674 -11.401786380787842 4.457855927352068
18.675 -11.397327542883852 4.4598198701617235
18.676000000000002 -11.392866740200619 4.4617854860649
18.677 -11.388403971082866 4.463752739417406
18.678 -11.383939233910882 4.465721594746968
18.679000000000002 -11.379472527100337 4.467692016757286
18.68 -11.37500384910211 4.469663970324896
18.681 -11.37053319840212 4.471637420504672
18.682000000000002 -11.366060573521134 4.4736123325253425
18.683 -11.36158597301461 4.475588671796305
18.684 -11.357109395472502 4.477566403901812
18.685 -11.352630839519096 4.47954549460827
18.686 -11.348150303812815 4.481525909859145
18.687 -11.343667787046051 4.483507615780229
18.688 -11.339183287944982 4.48549057867716
18.689 -11.334696805269388 4.487474765038146
18.69 -11.330208337812468 4.489460141532867
18.691 -11.325717884400662 4.49144667501502
18.692 -11.321225443893464 4.493434332520554
18.693 -11.31673101518324 4.4954230812711335
18.694 -11.31223459719504 4.497412888670958
18.695 -11.30773618888642 4.4994037223119
18.696 -11.30323578924725 4.501395549968695
18.697 -11.298733397299532 4.503388339605083
18.698 -11.294229012097212 4.5053820593682765
18.699 -11.289722632725994 4.507376677595924
18.7 -11.285214258303153 4.509372162809126
18.701 -11.280703887977346 4.511368483721144
18.702 -11.276191520928425 4.513365609228739
18.703 -11.271677156367248 4.515363508421955
18.704 -11.267160793535494 4.517362150574728
18.705000000000002 -11.262642431705467 4.519361505155192
18.706 -11.258122070179914 4.521361541815641
18.707 -11.253599708291828 4.523362230403471
18.708000000000002 -11.249075345404268 4.525363540950385
18.709 -11.244548980910158 4.5273654436839825
18.71 -11.240020614232108 4.5293679090164325
18.711000000000002 -11.235490244822211 4.531370907556208
18.712 -11.230957872161865 4.53337441009665
18.713 -11.226423495761571 4.5353783876280485
18.714 -11.221887115160753 4.537382811325402
18.715 -11.217348729927556 4.539387652561161
18.716 -11.212808339658661 4.541392882892723
18.717 -11.208265943979098 4.5433984740749676
18.718 -11.203721542542043 4.545404398048056
18.719 -11.199175135028637 4.5474106269494365
18.72 -11.194626721147788 4.549417133102386
18.721 -11.190076300635985 4.551423889026956
18.722 -11.185523873257104 4.553430867429611
18.723 -11.180969438802212 4.555438041212866
18.724 -11.176412997089384 4.557445383466507
18.725 -11.171854547963507 4.559452867475218
18.726 -11.167294091296089 4.561460466711954
18.727 -11.162731626985067 4.563468154843277
18.728 -11.15816715495462 4.565475905724916
18.729 -11.153600675154973 4.567483693405077
18.73 -11.149032187562206 4.569491492121576
18.731 -11.144461692178067 4.571499276303985
18.732 -11.139889189029784 4.573507020571431
18.733 -11.13531467816986 4.575514699734356
18.734 -11.130738159675905 4.5775222887924
18.735 -11.126159633650426 4.579529762936196
18.736 -11.121579100220647 4.581537097545075
18.737000000000002 -11.116996559538315 4.583544268188956
18.738 -11.112412011779519 4.585551250625994
18.739 -11.107825457144488 4.58755802080437
18.740000000000002 -11.103236895857414 4.589564554860189
18.741 -11.098646328166254 4.591570829118561
18.742 -11.09405375434255 4.593576820092607
18.743000000000002 -11.089459174681236 4.595582504483176
18.744 -11.08486258950045 4.597587859179058
18.745 -11.080263999141348 4.599592861255669
18.746 -11.075663403967917 4.601597487976116
18.747 -11.07106080436679 4.603601716788977
18.748 -11.066456200747053 4.605605525330254
18.749 -11.06184959354007 4.607608891420275
18.75 -11.057240983199286 4.609611793066311
18.751 -11.05263037020005 4.61161420845904
18.752 -11.048017755039428 4.613616115975153
18.753 -11.043403138236012 4.615617494174315
18.754 -11.038786520329749 4.617618321800694
18.755 -11.034167901881748 4.619618577781371
18.756 -11.029547283474098 4.621618241226161
18.757 -11.02492466570969 4.623617291427642
18.758 -11.020300049212027 4.625615707859607
18.759 -11.015673434625052 4.627613470178064
18.76 -11.011044822612957 4.629610558218946
18.761 -11.006414213860015 4.631606951999611
18.762 -11.001781609070385 4.63360263171628
18.763 -10.997147008967941 4.635597577745391
18.764 -10.992510414296095 4.637591770641561
18.765 -10.987871825817612 4.639585191138056
18.766000000000002 -10.983231244314437 4.6415778201457805
18.767 -10.978588670587513 4.643569638752613
18.768 -10.973944105456606 4.645560628223503
18.769000000000002 -10.969297549760135 4.647550769998742
18.77 -10.964649004354984 4.649540045694905
18.771 -10.959998470116338 4.651528437102519
18.772000000000002 -10.955345947937499 4.65351592618726
18.773 -10.950691438729724 4.655502495087658
18.774 -10.946034943422038 4.65748812611593
18.775000000000002 -10.941376462961072 4.659472801756222
18.776 -10.936715998310884 4.661456504664817
18.777 -10.932053550452792 4.6634392176689206
18.778 -10.927389120385202 4.665420923766392
18.779 -10.922722709123436 4.667401606124895
18.78 -10.918054317699562 4.669381248081252
18.781 -10.913383947162233 4.671359833141005
18.782 -10.908711598576506 4.6733373449773
18.783 -10.904037273023684 4.675313767430784
18.784 -10.899360971601146 4.67728908450837
18.785 -10.89468269542218 4.679263280382976
18.786 -10.890002445615819 4.681236339392573
18.787 -10.885320223326678 4.683208246039601
18.788 -10.880636029714786 4.685178984990267
18.789 -10.875949865955423 4.687148541073698
18.79 -10.871261733238962 4.689116899281532
18.791 -10.866571632770697 4.691084044766739
18.792 -10.861879565770698 4.693049962843441
18.793 -10.857185533473633 4.695014638985623
18.794 -10.852489537128621 4.696978058826904
18.795 -10.847791577999065 4.698940208159395
18.796 -10.8430916573625 4.700901072933233
18.797 -10.838389776510429 4.702860639255665
18.798000000000002 -10.833685936748171 4.704818893390352
18.799 -10.828980139394705 4.7067758217566835
18.8 -10.824272385782512 4.70873141092879
18.801000000000002 -10.81956267725742 4.710685647635158
18.802 -10.814851015178453 4.712638518757356
18.803 -10.81013740091768 4.714590011329818
18.804000000000002 -10.805421835860056 4.7165401125385245
18.805 -10.800704321403275 4.718488809720699
18.806 -10.79598485895762 4.720436090363631
18.807000000000002 -10.791263449945813 4.722381942104204
18.808 -10.78654009580286 4.724326352727825
18.809 -10.781814797975912 4.726269310167902
18.81 -10.77708755792411 4.728210802504769
18.811 -10.772358377118447 4.730150817965175
18.812 -10.767627257041612 4.732089344921158
18.813 -10.76289419918785 4.734026371889599
18.814 -10.758159205062816 4.735961887531028
18.815 -10.753422276183437 4.7378958806491935
18.816 -10.748683414077766 4.739828340189896
18.817 -10.74394262028483 4.741759255240457
18.818 -10.739199896354508 4.743688615028707
18.819 -10.734455243847378 4.745616408922263
18.82 -10.729708664334582 4.747542626427659
18.821 -10.724960159397684 4.7494672571895595
18.822 -10.720209730628534 4.751390290989865
18.823 -10.715457379629138 4.753311717746973
18.824 -10.71070310801151 4.755231527514849
18.825 -10.705946917397544 4.75714971048228
18.826 -10.701188809418879 4.759066256971957
18.827 -10.696428785716765 4.760981157439725
18.828 -10.69166684794193 4.7628944024736395
18.829 -10.686902997754446 4.764805982793253
18.830000000000002 -10.682137236823602 4.766715889248623
18.831 -10.677369566827773 4.768624112819638
18.832 -10.672599989454287 4.7705306446149915
18.833000000000002 -10.667828506399303 4.7724354758715215
18.834 -10.663055119367677 4.774338597953186
18.835 -10.658279830072837 4.776240002350368
18.836000000000002 -10.65350264023666 4.778139680678918
18.837 -10.648723551589343 4.780037624679358
18.838 -10.643942565869285 4.78193382621603
18.839 -10.639159684822951 4.783828277276198
18.84 -10.634374910204766 4.785720969969292
18.841 -10.629588243776977 4.787611896525905
18.842 -10.62479968730955 4.789501049297143
18.843 -10.62000924258003 4.791388420753521
18.844 -10.615216911373441 4.793274003484399
18.845 -10.610422695482152 4.795157790196807
18.846 -10.60562659670577 4.797039773714928
18.847 -10.600828616851018 4.798919946978899
18.848 -10.596028757731624 4.800798303044293
18.849 -10.5912270211682 4.802674835080941
18.85 -10.58642340898813 4.804549536372381
18.851 -10.581617923025465 4.806422400314718
18.852 -10.5768105651208 4.808293420416025
18.853 -10.572001337121163 4.8101625902952625
18.854 -10.567190240879912 4.812029903681609
18.855 -10.56237727825662 4.813895354413469
18.856 -10.557562451116969 4.8157589364377
18.857 -10.552745761332638 4.817620643808721
18.858 -10.5479272107812 4.819480470687658
18.859 -10.543106801346013 4.8213384113415225
18.86 -10.538284534916118 4.823194460142291
18.861 -10.533460413386127 4.825048611566148
18.862000000000002 -10.528634438656127 4.826900860192509
18.863 -10.523806612631574 4.828751200703325
18.864 -10.518976937223194 4.830599627882021
18.865000000000002 -10.514145414346874 4.832446136612931
18.866 -10.50931204592357 4.834290721880066
18.867 -10.504476833879206 4.836133378766741
18.868000000000002 -10.499639780144568 4.837974102454162
18.869 -10.494800886655216 4.839812888221213
18.87 -10.489960155351385 4.841649731442922
18.871 -10.485117588177884 4.843484627590318
18.872 -10.480273187084002 4.845317572228895
18.873 -10.475426954023419 4.847148561018428
18.874 -10.470578890954108 4.848977589711487
18.875 -10.465728999838243 4.850804654153232
18.876 -10.460877282642107 4.852629750279923
18.877 -10.456023741335999 4.854452874118741
18.878 -10.45116837789415 4.856274021786273
18.879 -10.446311194294628 4.858093189488349
18.88 -10.441452192519252 4.859910373518548
18.881 -10.436591374553501 4.861725570257962
18.882 -10.431728742386433 4.86353877617384
18.883 -10.426864298010596 4.865349987819195
18.884 -10.42199804342194 4.867159201831591
18.885 -10.417129980619737 4.868966414932637
18.886 -10.412260111606498 4.870771623926881
18.887 -10.407388438387883 4.872574825701216
18.888 -10.40251496297263 4.874376017223836
18.889 -10.397639687372463 4.876175195543629
18.89 -10.392762613602024 4.877972357789103
18.891000000000002 -10.38788374367878 4.879767501167849
18.892 -10.383003079622956 4.881560622965399
18.893 -10.37812062345745 4.883351720544768
18.894000000000002 -10.373236377207762 4.885140791345171
18.895 -10.368350342901916 4.886927832881856
18.896 -10.363462522570376 4.8887128427443685
18.897000000000002 -10.358572918245986 4.890495818596945
18.898 -10.353681531963888 4.892276758176254
18.899 -10.348788365761449 4.894055659292171
18.900000000000002 -10.34389342167819 4.8958325198253245
18.901 -10.338996701755722 4.89760733772792
18.902 -10.334098208037659 4.899380111021376
18.903 -10.329197942569568 4.90115083779693
18.904 -10.324295907398886 4.90291951621362
18.905 -10.31939210457486 4.904686144498477
18.906 -10.314486536148472 4.906450720944935
18.907 -10.309579204172383 4.908213243912641
18.908 -10.30467011070086 4.909973711826226
18.909 -10.29975925778971 4.911732123174733
18.91 -10.29484664749622 4.913488476510837
18.911 -10.289932281879098 4.915242770449804
18.912 -10.285016162998401 4.916995003669142
18.913 -10.28009829291548 4.918745174907229
18.914 -10.275178673692913 4.920493282963202
18.915 -10.270257307394457 4.922239326695452
18.916 -10.265334196084975 4.923983305021555
18.917 -10.260409341830385 4.925725216916809
18.918 -10.255482746697602 4.927465061414094
18.919 -10.250554412754479 4.929202837602502
18.92 -10.24562434206975 4.930938544627051
18.921 -10.240692536712983 4.932672181687635
18.922 -10.23575899875451 4.934403748038179
18.923000000000002 -10.230823730265392 4.936133242986351
18.924 -10.225886733317347 4.937860665891949
18.925 -10.220948009982715 4.939586016167204
18.926000000000002 -10.216007562334394 4.941309293274844
18.927 -10.211065392445793 4.943030496728539
18.928 -10.206121502390786 4.944749626090895
18.929000000000002 -10.201175894243656 4.946466680973966
18.93 -10.196228570079056 4.948181661037232
18.931 -10.191279531971949 4.949894565988058
18.932000000000002 -10.186328781997572 4.95160539557978
18.933 -10.181376322231383 4.95331414961206
18.934 -10.17642215474902 4.955020827929062
18.935 -10.171466281626252 4.9567254304197865
18.936 -10.166508704938941 4.958427957016175
18.937 -10.161549426762994 4.960128407693589
18.938 -10.15658844917432 4.961826782468789
18.939 -10.151625774248792 4.963523081400474
18.94 -10.146661404062204 4.965217304587314
18.941 -10.141695340690232 4.9669094521683315
18.942 -10.136727586208393 4.968599524321206
18.943 -10.131758142692005 4.9702875212622954
18.944 -10.126787012216155 4.971973443245331
18.945 -10.121814196855656 4.973657290561141
18.946 -10.116839698685009 4.975339063536528
18.947 -10.111863519778375 4.977018762533905
18.948 -10.106885662209534 4.9786963879502055
18.949 -10.10190612805185 4.980371940216553
18.95 -10.096924919378239 4.982045419797124
18.951 -10.09194203826114 4.983716827188788
18.952 -10.086957486772478 4.985386162920192
18.953 -10.081971266983635 4.987053427551026
18.954 -10.076983380965414 4.9887186216715325
18.955000000000002 -10.071993830788015 4.990381745901371
18.956 -10.067002618521006 4.9920428008895374
18.957 -10.062009746233288 4.993701787312788
18.958000000000002 -10.057015215993074 4.995358705876039
18.959 -10.052019029867859 4.997013557310346
18.96 -10.047021189924394 4.998666342373703
18.961000000000002 -10.042021698228657 5.000317061848645
18.962 -10.037020556845833 5.001965716543404
18.963 -10.032017767840287 5.003612307289284
18.964 -10.027013333275537 5.005256834941833
18.965 -10.022007255214241 5.006899300378429
18.966 -10.016999535718163 5.008539704499145
18.967 -10.011990176848158 5.010178048224592
18.968 -10.006979180664151 5.011814332496688
18.969 -10.001966549225118 5.01344855827644
18.97 -9.996952284589057 5.0150807265449036
18.971 -9.991936388812979 5.016710838300684
18.972 -9.98691886395289 5.018338894561316
18.973 -9.981899712063768 5.01996489636022
18.974 -9.976878935199549 5.021588844748647
18.975 -9.971856535413112 5.023210740792212
18.976 -9.966832514756259 5.024830585573023
18.977 -9.961806875279706 5.026448380186319
18.978 -9.956779619033064 5.028064125742305
18.979 -9.95175074806483 5.029677823363101
18.98 -9.946720264422373 5.031289474184438
18.981 -9.941688170151917 5.032899079352549
18.982 -9.936654467298535 5.034506640026016
18.983 -9.931619157906141 5.036112157372584
18.984 -9.926582244017471 5.037715632570937
18.985 -9.921543727674079 5.03931706680772
18.986 -9.91650361091633 5.04091646127907
18.987000000000002 -9.911461895783386 5.0425138171879045
18.988 -9.906418584313206 5.044109135745136
18.989 -9.901373678542532 5.045702418167349
18.990000000000002 -9.896327180506889 5.047293665677616
18.991 -9.891279092240573 5.048882879503541
18.992 -9.886229415776654 5.050470060877759
18.993000000000002 -9.881178153146964 5.052055211036288
18.994 -9.8761253063821 5.05363833121876
18.995 -9.871070877511418 5.055219422666951
18.996 -9.866014868563028 5.056798486624939
18.997 -9.860957281563799 5.058375524337656
18.998 -9.855898118539354 5.0599505370510895
18.999 -9.850837381514069 5.061523526010689
19.0 -9.845775072511072 5.063094492461833
19.001 -9.840711193552254 5.064663437647972
19.002 -9.835645746658257 5.06623036281122
19.003 -9.830578733848485 5.067795269190573
19.004 -9.825510157141103 5.069358158022281
19.005 -9.820440018553043 5.0709190305383745
19.006 -9.815368320100008 5.0724778879666905
19.007 -9.810295063796476 5.074034731529792
19.008 -9.8052202516557 5.075589562444623
19.009 -9.800143885689723 5.077142381921715
19.01 -9.795065967909382 5.078693191164581
19.011 -9.789986500324314 5.0802419913692365
19.012 -9.784905484942964 5.081788783723297
19.013 -9.779822923772592 5.0833335694058
19.014 -9.774738818819285 5.084876349585906
19.015 -9.769653172087965 5.086417125423229
19.016000000000002 -9.764565985582403 5.087955898066024
19.017 -9.759477261305221 5.089492668651942
19.018 -9.754387001257916 5.091027438305921
19.019000000000002 -9.749295207440863 5.092560208141175
19.02 -9.744201881853332 5.094090979256852
19.021 -9.739107026493498 5.095619752739322
19.022000000000002 -9.73401064335846 5.097146529659543
19.023 -9.72891273444425 5.098671311074472
19.024 -9.723813301745855 5.100194098024483
19.025000000000002 -9.718712347257226 5.10171489153475
19.026 -9.7136098729713 5.103233692612616
19.027 -9.708505880880015 5.104750502249004
19.028 -9.703400372974325 5.106265321415907
19.029 -9.698293351244223 5.107778151067542
19.03 -9.693184817678755 5.109288992138104
19.031 -9.688074774266049 5.110797845542746
19.032 -9.68296322299332 5.112304712175457
19.033 -9.677850165846905 5.113809592909986
19.034 -9.672735604812278 5.11531248859768
19.035 -9.667619541874068 5.1168134000684855
19.036 -9.66250197901609 5.118312328128832
19.037 -9.657382918221362 5.119809273562374
19.038 -9.652262361472133 5.121304237128341
19.039 -9.6471403107499 5.122797219561699
19.04 -9.642016768035445 5.124288221572136
19.041 -9.636891735308847 5.125777243843568
19.042 -9.631765214549516 5.127264287033802
19.043 -9.626637207736218 5.128749351773409
19.044 -9.621507716847104 5.130232438665869
19.045 -9.61637674385973 5.1317135482861325
19.046 -9.611244290751097 5.1331926811810735
19.047 -9.60611035949767 5.134669837867694
19.048000000000002 -9.600974952075417 5.136145018833852
19.049 -9.595838070459827 5.137618224536344
19.05 -9.590699716625952 5.139089455401704
19.051000000000002 -9.585559892548433 5.140558711824248
19.052 -9.580418600201531 5.1420259941668185
19.053 -9.57527584155916 5.143491302759024
19.054000000000002 -9.570131618594923 5.144954637897677
19.055 -9.564985933282141 5.146415999845405
19.056 -9.559838787593891 5.147875388830716
19.057000000000002 -9.554690183503041 5.149332805047008
19.058 -9.549540122982279 5.150788248652163
19.059 -9.544388608004157 5.152241719768079
19.06 -9.53923564054112 5.153693218479784
19.061 -9.53408122256555 5.155142744835362
19.062 -9.528925356049799 5.156590298844871
19.063 -9.523768042966223 5.158035880480142
19.064 -9.518609285287233 5.1594794896741405
19.065 -9.513449084985325 5.1609211263201775
19.066 -9.508287444033117 5.162360790271877
19.067 -9.5031243644034 5.163798481341791
19.068 -9.497959848069168 5.165234199302006
19.069 -9.492793897003668 5.166667943882086
19.07 -9.487626513180434 5.168099714770294
19.071 -9.482457698573336 5.169529511611115
19.072 -9.47728745515662 5.1709573340066495
19.073 -9.472115784904956 5.172383181514219
19.074 -9.466942689793472 5.17380705364748
19.075 -9.461768171797809 5.1752289498744055
19.076 -9.456592232894165 5.1766488696180435
19.077 -9.451414875059331 5.178066812254808
19.078 -9.446236100270752 5.1794827771149805
19.079 -9.441055910506563 5.180896763481225
19.080000000000002 -9.435874307745639 5.18230877058888
19.081 -9.430691293967644 5.183718797624702
19.082 -9.425506871153084 5.1851268437268905
19.083000000000002 -9.420321041283346 5.186532907984202
19.084 -9.415133806340757 5.187936989435519
19.085 -9.40994516830863 5.189339087069404
19.086000000000002 -9.404755129171312 5.190739199823316
19.087 -9.399563690914238 5.192137326583453
19.088 -9.39437085552399 5.193533466183795
19.089 -9.389176624988334 5.194927617405961
19.09 -9.383981001296284 5.196319778978359
19.091 -9.378783986438155 5.197709949575925
19.092 -9.373585582405608 5.199098127819351
19.093 -9.368385791191717 5.20048431227481
19.094 -9.363184614791013 5.201868501453142
19.095 -9.357982055199546 5.203250693809692
19.096 -9.352778114414939 5.204630887743311
19.097 -9.347572794436445 5.206009081596492
19.098 -9.342366097265 5.20738527365392
19.099 -9.337158024903287 5.208759462143251
19.1 -9.33194857935579 5.210131645232889
19.101 -9.326737762628854 5.211501821033536
19.102 -9.321525576730743 5.212869987595378
19.103 -9.316312023671701 5.214236142909958
19.104 -9.31109710546401 5.215600284907307
19.105 -9.305880824122049 5.216962411457702
19.106 -9.300663181662365 5.218322520368992
19.107 -9.295444180103724 5.21968060938816
19.108 -9.290223821467174 5.221036676198845
19.109 -9.285002107776116 5.222390718422697
19.11 -9.279779041056354 5.223742733617141
19.111 -9.274554623336174 5.225092719276475
19.112000000000002 -9.269328856646394 5.226440672829897
19.113 -9.264101743020442 5.22778659164238
19.114 -9.258873284494404 5.229130473012868
19.115000000000002 -9.25364348310711 5.230472314175028
19.116 -9.248412340900185 5.231812112295591
19.117 -9.243179859918117 5.23314986447491
19.118000000000002 -9.237946042208334 5.23448556774556
19.119 -9.232710889821261 5.235819219072607
19.12 -9.227474404810396 5.237150815352497
19.121 -9.22223658923237 5.238480353413079
19.122 -9.216997445147024 5.2398078300127295
19.123 -9.211756974617476 5.24113324184013
19.124 -9.206515179710186 5.242456585513639
19.125 -9.201272062495036 5.2437778575809
19.126 -9.196027625045396 5.245097054518289
19.127 -9.190781869438192 5.246414172730532
19.128 -9.185534797753983 5.247729208550094
19.129 -9.180286412077033 5.249042158236892
19.13 -9.17503671449538 5.250353017977621
19.131 -9.169785707100916 5.2516617838854724
19.132 -9.164533391989453 5.25296845199952
19.133 -9.159279771260803 5.254273018284349
19.134 -9.154024847018851 5.2555754786295585
19.135 -9.148768621371628 5.2568758288492825
19.136 -9.143511096431395 5.258174064681791
19.137 -9.138252274314704 5.259470181788945
19.138 -9.132992157142489 5.260764175755844
19.139 -9.127730747040138 5.262056042090271
19.14 -9.122468046137568 5.263345776222323
19.141000000000002 -9.117204056569305 5.26463337350393
19.142 -9.111938780474565 5.265918829208368
19.143 -9.106672219997327 5.267202138529938
19.144000000000002 -9.101404377286416 5.268483296583324
19.145 -9.096135254495582 5.269762298403409
19.146 -9.090864853783584 5.271039138944553
19.147000000000002 -9.085593177314264 5.272313813080443
19.148 -9.080320227256632 5.273586315603391
19.149 -9.075046005784943 5.2748566412241455
19.150000000000002 -9.069770515078787 5.276124784571255
19.151 -9.064493757323165 5.2773907401908104
19.152 -9.059215734708573 5.278654502545891
19.153 -9.053936449431086 5.279916066016234
19.154 -9.04865590369244 5.281175424897769
19.155 -9.043374099700118 5.282432573402206
19.156 -9.038091039667437 5.283687505656649
19.157 -9.032806725813623 5.284940215703137
19.158 -9.027521160363909 5.286190697498293
19.159 -9.022234345549606 5.2874389449128625
19.16 -9.016946283608206 5.288684951731354
19.161 -9.011656976783458 5.289928711651608
19.162 -9.006366427325453 5.291170218284417
19.163 -9.001074637490717 5.292409465153125
19.164 -8.995781609542297 5.293646445693228
19.165 -8.990487345749846 5.294881153252007
19.166 -8.98519184838972 5.296113581088093
19.167 -8.979895119745056 5.297343722371172
19.168 -8.974597162105866 5.298571570181466
19.169 -8.969297977769129 5.299797117509546
19.17 -8.963997569038877 5.301020357255716
19.171 -8.958695938226287 5.302241282229922
19.172 -8.953393087649772 5.3034598851510815
19.173000000000002 -8.94808901963507 5.304676158647026
19.174 -8.942783736515342 5.305890095253834
19.175 -8.937477240631251 5.307101687415771
19.176000000000002 -8.93216953433107 5.308310927484637
19.177 -8.92686061997076 5.309517807719712
19.178 -8.921550499914074 5.310722320287115
19.179000000000002 -8.916239176532644 5.311924457259728
19.18 -8.910926652206072 5.313124210616616
19.181 -8.905612929322034 5.314321572242897
19.182000000000002 -8.900298010276366 5.315516533929222
19.183 -8.894981897473158 5.316709087371601
19.184 -8.889664593324856 5.317899224170955
19.185 -8.88434610025235 5.319086935832859
19.186 -8.87902642068507 5.320272213767218
19.187 -8.873705557061092 5.321455049287887
19.188 -8.868383511827219 5.322635433612482
19.189 -8.863060287439085 5.3238133578618845
19.19 -8.857735886361255 5.324988813060188
19.191 -8.852410311067317 5.326161790134086
19.192 -8.847083564039982 5.32733227991292
19.193 -8.841755647771178 5.328500273128033
19.194 -8.836426564762153 5.329665760412807
19.195 -8.831096317523569 5.330828732302114
19.196 -8.825764908575607 5.331989179232208
19.197 -8.820432340448054 5.333147091540363
19.198 -8.815098615680416 5.334302459464613
19.199 -8.809763736822006 5.335455273143537
19.2 -8.804427706432053 5.336605522615871
19.201 -8.799090527079791 5.337753197820422
19.202 -8.793752201344573 5.338898288595641
19.203 -8.788412731815956 5.3400407846794975
19.204 -8.783072121093815 5.3411806757091425
19.205000000000002 -8.777730371788435 5.34231795122078
19.206 -8.772387486520618 5.343452600649242
19.207 -8.76704346792178 5.344584613328038
19.208000000000002 -8.761698318634057 5.345713978488745
19.209 -8.7563520413104 5.346840685261269
19.21 -8.751004638614685 5.347964722673064
19.211000000000002 -8.74565611322181 5.349086079649507
19.212 -8.740306467817799 5.350204745013135
19.213 -8.734955705099905 5.3513207074839135
19.214 -8.729603827776714 5.3524339556787055
19.215 -8.724250838568246 5.35354447811121
19.216 -8.718896740206056 5.354652263191872
19.217 -8.713541535433345 5.355757299227408
19.218 -8.708185227005057 5.35685957442105
19.219 -8.702827817687982 5.357959076871886
19.22 -8.69746931026087 5.359055794575182
19.221 -8.692109707514518 5.36014971542178
19.222 -8.686749012251893 5.361240827198349
19.223 -8.681387227288223 5.3623291175867935
19.224 -8.676024355451109 5.363414574164655
19.225 -8.670660399580624 5.364497184404308
19.226 -8.665295362529426 5.365576935673563
19.227 -8.65992924716285 5.366653815234771
19.228 -8.654562056359028 5.367727810245556
19.229 -8.649193793008985 5.36879890775767
19.23 -8.643824460016745 5.369867094718097
19.231 -8.638454060299443 5.3709323579676465
19.232 -8.63308259678742 5.371994684242131
19.233 -8.627710072424334 5.373054060171098
19.234 -8.622336490167271 5.374110472278804
19.235 -8.616961852986847 5.375163906983229
19.236 -8.611586163867306 5.37621435059669
19.237000000000002 -8.606209425806638 5.377261789325326
19.238 -8.600831641816674 5.378306209269357
19.239 -8.595452814923204 5.3793475964227
19.240000000000002 -8.590072948166078 5.380385936673295
19.241 -8.584692044599304 5.381421215802759
19.242 -8.579310107291167 5.382453419486457
19.243000000000002 -8.573927139324333 5.383482533293674
19.244 -8.568543143795942 5.3845085426870165
19.245 -8.563158123817733 5.38553143302338
19.246 -8.557772082516134 5.386551189552627
19.247 -8.552385023032384 5.387567797419142
19.248 -8.546996948522628 5.388581241660145
19.249 -8.541607862158022 5.389591507207434
19.25 -8.536217767124851 5.390598578885748
19.251 -8.530826666624623 5.391602441414351
19.252 -8.525434563874185 5.392603079405572
19.253 -8.520041462105818 5.39360047736637
19.254 -8.514647364567352 5.394594619696789
19.255 -8.509252274522273 5.3955854906917065
19.256 -8.503856195249822 5.396573074539132
19.257 -8.498459130045104 5.3975573553221
19.258 -8.4930610822192 5.398538317016884
19.259 -8.487662055099257 5.399515943495062
19.26 -8.482262052028613 5.400490218521434
19.261 -8.476861076366887 5.401461125756561
19.262 -8.471459131490096 5.402428648754259
19.263 -8.466056220790753 5.403392770964409
19.264 -8.460652347677973 5.404353475730342
19.265 -8.45524751557758 5.405310746291903
19.266000000000002 -8.449841727932215 5.406264565782344
19.267 -8.444434988201433 5.407214917232106
19.268 -8.439027299861811 5.4081617835649824
19.269000000000002 -8.433618666407057 5.409105147602659
19.27 -8.428209091348108 5.410044992060192
19.271 -8.422798578213241 5.410981299551111
19.272000000000002 -8.417387130548166 5.411914052582583
19.273 -8.411974751916139 5.41284323356076
19.274 -8.406561445898067 5.413768824785743
19.275000000000002 -8.401147216092602 5.414690808457054
19.276 -8.39573206611625 5.415609166668705
19.277 -8.390315999603475 5.416523881414593
19.278 -8.384899020206799 5.417434934583384
19.279 -8.379481131596904 5.41834230796452
19.28 -8.374062337462737 5.419245983242259
19.281 -8.368642641511608 5.420145942002711
19.282 -8.363222047469293 5.421042165726828
19.283 -8.357800559080138 5.421934635798388
19.284 -8.352378180107156 5.422823333496466
19.285 -8.346954914332128 5.423708240003446
19.286 -8.34153076555571 5.4245893363979345
19.287 -8.33610573759752 5.425466603662264
19.288 -8.330679834296252 5.42634002267569
19.289 -8.325253059509762 5.427209574221978
19.29 -8.31982541711518 5.428075238982462
19.291 -8.314396911008995 5.428936997543716
19.292 -8.308967545107167 5.429794830390793
19.293 -8.303537323345216 5.430648717914151
19.294 -8.298106249678318 5.431498640404593
19.295 -8.292674328081409 5.432344578057996
19.296 -8.287241562549278 5.433186510972171
19.297 -8.281807957096664 5.434024419150512
19.298000000000002 -8.276373515758348 5.434858282499417
19.299 -8.270938242589255 5.4356880808312535
19.3 -8.26550214166454 5.436513793863289
19.301000000000002 -8.260065217079694 5.437335401218408
19.302 -8.25462747295063 5.438152882426718
19.303 -8.249188913413779 5.438966216923464
19.304000000000002 -8.243749542626178 5.439775384053543
19.305 -8.23830936476557 5.440580363066646
19.306 -8.23286838403049 5.441381133124367
19.307000000000002 -8.227426604640362 5.442177673293201
19.308 -8.221984030835584 5.442969962553165
19.309 -8.216540666877624 5.443757979790086
19.31 -8.211096517049102 5.444541703804343
19.311 -8.20565158565389 5.445321113303492
19.312 -8.200205877017192 5.446096186910575
19.313 -8.194759395485633 5.446866903157225
19.314 -8.189312145427351 5.447633240491225
19.315 -8.183864131232077 5.448395177271154
19.316 -8.17841535731123 5.449152691771843
19.317 -8.172965828097995 5.449905762181236
19.318 -8.167515548047414 5.450654366603797
19.319 -8.162064521636461 5.451398483059471
19.32 -8.156612753364136 5.452138089484934
19.321 -8.151160247751541 5.452873163734899
19.322 -8.145707009341967 5.453603683581043
19.323 -8.140253042700971 5.454329626715368
19.324 -8.13479835241646 5.455050970747716
19.325 -8.129342943098774 5.4557676932100225
19.326 -8.123886819380752 5.456479771553171
19.327 -8.11842998591783 5.457187183152036
19.328 -8.112972447388104 5.457889905301724
19.329 -8.107514208492415 5.458587915222949
19.330000000000002 -8.102055273954416 5.459281190057962
19.331 -8.096595648520662 5.459969706876765
19.332 -8.091135336960672 5.460653442671826
19.333000000000002 -8.085674344067009 5.461332374365502
19.334 -8.080212674655352 5.4620064788041285
19.335 -8.074750333564564 5.462675732765256
19.336000000000002 -8.069287325656775 5.463340112952898
19.337 -8.063823655817439 5.463999596003031
19.338 -8.058359328955412 5.464654158480807
19.339 -8.052894350003017 5.4653037768839505
19.34 -8.047428723916115 5.465948427642619
19.341 -8.041962455674167 5.466588087120088
19.342 -8.036495550280305 5.467222731614444
19.343 -8.0310280127614 5.467852337358886
19.344 -8.025559848168113 5.468476880522804
19.345 -8.020091061574972 5.4690963372132195
19.346 -8.01462165808043 5.4697106834748555
19.347 -8.009151642806922 5.4703198952922065
19.348 -8.003681020900931 5.4709239485893315
19.349 -7.998209797533045 5.4715228192321534
19.35 -7.992737977898014 5.472116483028173
19.351 -7.98726556721481 5.47270491572882
19.352 -7.981792570726681 5.473288093029082
19.353 -7.976318993701206 5.4738659905702605
19.354 -7.970844841430352 5.4744385839387455
19.355 -7.965370119230523 5.475005848670293
19.356 -7.9598948324426155 5.475567760246972
19.357 -7.954418986432068 5.476124294102939
19.358 -7.94894258658891 5.476675425621111
19.359 -7.94346563832781 5.477221130137836
19.36 -7.9379881470881255 5.477761382941694
19.361 -7.9325101183339495 5.478296159276033
19.362000000000002 -7.927031557554151 5.478825434338993
19.363 -7.921552470262424 5.479349183286207
19.364 -7.916072861997328 5.479867381230024
19.365000000000002 -7.910592738322332 5.480380003242783
19.366 -7.905112104825849 5.480887024356164
19.367 -7.899630967121283 5.481388419563932
19.368000000000002 -7.894149330847061 5.481884163821939
19.369 -7.888667201666674 5.482374232050558
19.37 -7.883184585268708 5.482858599134394
19.371 -7.877701487366882 5.483337239925782
19.372 -7.872217913700079 5.483810129243425
19.373 -7.866733870032379 5.484277241876173
19.374 -7.861249362153086 5.484738552582176
19.375 -7.855764395876765 5.485194036092569
19.376 -7.850278977043258 5.485643667109434
19.377 -7.84479311151772 5.4860874203118595
19.378 -7.839306805190637 5.4865252703516925
19.379 -7.83382006397786 5.486957191860427
19.38 -7.828332893820614 5.487383159446326
19.381 -7.822845300685527 5.487803147697582
19.382 -7.81735729056465 5.488217131185327
19.383 -7.811868869475469 5.488625084459948
19.384 -7.806380043460929 5.48902698206034
19.385 -7.800890818589446 5.489422798506309
19.386 -7.795401200954917 5.48981250830853
19.387 -7.789911196676738 5.490196085963173
19.388 -7.784420811899813 5.490573505958313
19.389 -7.778930052794562 5.490944742771848
19.39 -7.773438925556931 5.491309770876184
19.391000000000002 -7.767947436408398 5.491668564735888
19.392 -7.762455591595973 5.492021098814356
19.393 -7.756963397392211 5.492367347568864
19.394000000000002 -7.751470860095206 5.492707285459641
19.395 -7.745977986028592 5.493040886942847
19.396 -7.740484781541546 5.493368126482153
19.397000000000002 -7.734991253008781 5.493688978538653
19.398 -7.729497406830543 5.4940034175852315
19.399 -7.724003249432606 5.494311418095274
19.400000000000002 -7.718508787266261 5.494612954556211
19.401 -7.713014026808312 5.494908001460972
19.402 -7.7075189745610615 5.495196533317681
19.403 -7.702023637052298 5.495478524645092
19.404 -7.696528020835281 5.495753949978948
19.405 -7.691032132488731 5.496022783870354
19.406 -7.685535978616803 5.496285000889145
19.407 -7.680039565849077 5.496540575625364
19.408 -7.674542900840529 5.496789482690444
19.409 -7.6690459902715125 5.497031696718747
19.41 -7.663548840847733 5.497267192371571
19.411 -7.658051459300225 5.497495944333729
19.412 -7.652553852385319 5.4977179273229435
19.413 -7.647056026884616 5.497933116082163
19.414 -7.641557989604958 5.498141485391764
19.415 -7.636059747378387 5.498343010060466
19.416 -7.630561307062121 5.4985376649379045
19.417 -7.625062675538509 5.498725424906237
19.418 -7.619563859714999 5.498906264890614
19.419 -7.6140648665240915 5.499080159854466
19.42 -7.608565702923304 5.499247084805396
19.421 -7.603066375895123 5.499407014795282
19.422 -7.59756689244696 5.499559924921959
19.423000000000002 -7.592067259611106 5.499705790331951
19.424 -7.586567484444678 5.499844586221722
19.425 -7.581067574029572 5.49997628783986
19.426000000000002 -7.57556753547241 5.500100870488073
19.427 -7.570067375904481 5.500218309524597
19.428 -7.564567102481689 5.500328580364881
19.429000000000002 -7.559066722384494 5.500431658482908
19.43 -7.553566242817849 5.50052751941614
19.431 -7.54806567101114 5.500616138762406
19.432000000000002 -7.54256501421812 5.500697492187368
19.433 -7.537064279716845 5.500771555421984
19.434 -7.531563474809605 5.5008383042663125
19.435 -7.526062606822854 5.5008977145933295
19.436 -7.520561683107138 5.5009497623447166
19.437 -7.5150607110370204 5.500994423542783
19.438 -7.509559698011009 5.501031674279306
19.439 -7.504058651451477 5.501061490733778
19.44 -7.498557578804579 5.501083849155599
19.441 -7.493056487540177 5.501098725888656
19.442 -7.487555385151751 5.501106097349717
19.443 -7.482054279156315 5.501105940053246
19.444 -7.476553177094329 5.501098230592099
19.445 -7.471052086529613 5.501082945659001
19.446 -7.465551015049249 5.501060062031428
19.447 -7.460049970263491 5.501029556587522
19.448 -7.4545489598056704 5.500991406298319
19.449 -7.4490479913320975 5.500945588235302
19.45 -7.443547072521959 5.5008920795699785
19.451 -7.438046211077219 5.500830857577284
19.452 -7.432545414722516 5.500761899635768
19.453 -7.427044691205055 5.500685183232548
19.454 -7.421544048294501 5.500600685961337
19.455000000000002 -7.416043493782866 5.50050838552971
19.456 -7.4105430354844035 5.50040825975446
19.457 -7.405042681235487 5.500300286572166
19.458000000000002 -7.3995424388945 5.500184444031111
19.459 -7.3940423163417135 5.500060710304552
19.46 -7.388542321479169 5.49992906368075
19.461000000000002 -7.383042462230554 5.4997894825784535
19.462 -7.377542746541079 5.499641945533546
19.463 -7.372043182377349 5.499486431218399
19.464 -7.366543777727239 5.499322918426164
19.465 -7.3610445405997575 5.499151386089617
19.466 -7.3555454790249195 5.498971813268288
19.467 -7.3500466010536085 5.498784179163976
19.468 -7.344547914757441 5.498588463110308
19.469 -7.339049428228624 5.4983846445865
19.47 -7.333551149579821 5.498172703209547
19.471 -7.328053086944002 5.497952618743465
19.472 -7.322555248474301 5.497724371097708
19.473 -7.317057642343868 5.49748794032901
19.474 -7.311560276745721 5.497243306647546
19.475 -7.306063159892592 5.4969904504126665
19.476 -7.300566300016777 5.496729352141112
19.477 -7.295069705369974 5.4964599925059945
19.478 -7.289573384223132 5.496182352336641
19.479 -7.284077344866287 5.49589641262978
19.48 -7.278581595608401 5.495602154536208
19.481 -7.273086144777196 5.495299559382626
19.482 -7.26759100071899 5.494988608651897
19.483 -7.262096171798528 5.4946692840073075
19.484 -7.256601666398811 5.4943415672742
19.485 -7.251107492920922 5.494005440458575
19.486 -7.245613659783857 5.493660885738468
19.487000000000002 -7.24012017542434 5.493307885470395
19.488 -7.23462704829665 5.492946422192294
19.489 -7.229134286872437 5.492576478622231
19.490000000000002 -7.2236418996405405 5.492198037663575
19.491 -7.218149895106804 5.491811082405631
19.492 -7.212658281793888 5.4914155961264335
19.493000000000002 -7.2071670682410796 5.4910115622927265
19.494 -7.201676263004101 5.490598964567102
19.495 -7.196185874654918 5.490177786801886
19.496 -7.190695911781541 5.489748013051294
19.497 -7.185206382987832 5.489309627563737
19.498 -7.1797172968933 5.488862614791144
19.499 -7.174228662132904 5.488406959387167
19.5 -7.168740487356846 5.48794264620988
19.501 -7.163252781230364 5.487469660325822
19.502 -7.157765552433527 5.486987987008004
19.503 -7.152278809661026 5.486497611743172
19.504 -7.146792561621959 5.485998520228675
19.505 -7.141306817039618 5.485490698378213
19.506 -7.135821584651273 5.48497413232182
19.507 -7.130336873207955 5.484448808409271
19.508 -7.124852691474233 5.48391471321037
19.509 -7.119369048227997 5.483371833518595
19.51 -7.11388595226023 5.482820156352858
19.511 -7.1084034123747815 5.482259668957119
19.512 -7.102921437388145 5.481690358807779
19.513 -7.09744003612922 5.4811122136070844
19.514 -7.091959217439089 5.480525221296582
19.515 -7.086478990170775 5.479929370044965
19.516000000000002 -7.080999363189012 5.4793246482662274
19.517 -7.075520345370004 5.478711044604361
19.518 -7.070041945601186 5.478088547951959
19.519000000000002 -7.064564172780985 5.4774571474364535
19.52 -7.059087035818574 5.476816832438789
19.521 -7.053610543633626 5.4761675925733835
19.522000000000002 -7.048134705156069 5.475509417720101
19.523 -7.042659529325834 5.474842297988283
19.524 -7.037185025092609 5.474166223760694
19.525000000000002 -7.03171120141558 5.473481185653115
19.526 -7.02623806726318 5.472787174555828
19.527 -7.020765631612835 5.4720841815999535
19.528 -7.015293903450699 5.471372198189365
19.529 -7.009822891771399 5.470651215978814
19.53 -7.004352605577772 5.469921226892122
19.531 -6.998883053880601 5.469182223115156
19.532 -6.993414245698348 5.468434197099084
19.533 -6.987946190056892 5.467677141567682
19.534 -6.982478895989254 5.466911049505972
19.535 -6.977012372535328 5.466135914182769
19.536 -6.971546628741613 5.465351729125278
19.537 -6.966081673660932 5.464558488151723
19.538 -6.960617516352162 5.463756185339856
19.539 -6.955154165879953 5.4629448150631434
19.54 -6.949691631314451 5.46212437195842
19.541 -6.944229921731017 5.461294850958209
19.542 -6.938769046209943 5.46045624726603
19.543 -6.933309013836172 5.459608556381793
19.544 -6.927849833699007 5.458751774079296
19.545 -6.922391514891827 5.457885896433163
19.546 -6.916934066511801 5.4570109197948575
19.547 -6.911477497659592 5.456126840818062
19.548000000000002 -6.906021817439069 5.455233656439769
19.549 -6.900567034957016 5.454331363898152
19.55 -6.895113159322828 5.453419960720215
19.551000000000002 -6.889660199648228 5.452499444736764
19.552 -6.8842081650469575 5.4515698140704005
19.553 -6.878757064634486 5.450631067148608
19.554000000000002 -6.873306907527706 5.449683202697317
19.555 -6.8678577028446295 5.448726219744548
19.556 -6.86240945970409 5.447760117626385
19.557000000000002 -6.856962187225435 5.446784895977175
19.558 -6.8515158945282195 5.445800554746707
19.559 -6.8460705907319 5.444807094183293
19.56 -6.840626284955525 5.443804514853601
19.561 -6.8351829863174265 5.442792817626035
19.562 -6.829740703934905 5.4417720036898585
19.563 -6.8242994469239235 5.44074207453718
19.564 -6.818859224398787 5.439703031985811
19.565 -6.813420045471835 5.438654878156352
19.566 -6.807981919253118 5.437597615499487
19.567 -6.802544854850085 5.436531246768285
19.568 -6.797108861367266 5.435455775053313
19.569 -6.791673947905949 5.434371203742677
19.57 -6.786240123563862 5.433277536569649
19.571 -6.78080739743485 5.43217477756643
19.572 -6.775375778608554 5.431062931108499
19.573 -6.7699452761700885 5.429942001878385
19.574 -6.7645158991997105 5.4288119948992
19.575 -6.759087656772504 5.427672915503579
19.576 -6.753660557958043 5.426524769371586
19.577 -6.748234611820073 5.425367562485368
19.578 -6.742809827416175 5.424201301185907
19.579 -6.737386213797443 5.4230259921122075
19.580000000000002 -6.731963780008149 5.421841642265764
19.581 -6.726542535085415 5.420648258946899
19.582 -6.721122488058879 5.4194458498211056
19.583000000000002 -6.715703647950365 5.418234422854161
19.584 -6.710286023773547 5.41701398637678
19.585 -6.7048696245336155 5.4157845490245515
19.586000000000002 -6.699454459226947 5.414546119795068
19.587 -6.694040536840763 5.413298707998852
19.588 -6.688627866352796 5.412042323300475
19.589 -6.683216456730953 5.410776975688359
19.59 -6.677806316932979 5.409502675497748
19.591 -6.672397455906117 5.40821943339678
19.592 -6.666989882586773 5.406927260394526
19.593 -6.661583605900173 5.405626167837184
19.594 -6.656178634760026 5.404316167415392
19.595 -6.650774978068184 5.4029972711509275
19.596 -6.645372644714302 5.4016694914193675
19.597 -6.639971643575494 5.4003328409208216
19.598 -6.6345719835159995 5.398987332714907
19.599 -6.629173673386831 5.3976329801844845
19.6 -6.6237767220254415 5.39626979707153
19.601 -6.618381138255377 5.3948977974455214
19.602 -6.612986930885938 5.393516995730949
19.603 -6.607594108711834 5.39212740668465
19.604 -6.60220268051284 5.390729045415121
19.605 -6.596812655053458 5.389321927366353
19.606 -6.591424041082567 5.387906068333389
19.607 -6.586036847333086 5.386481484446566
19.608 -6.5806510825216264 5.3850481921878135
19.609 -6.575266755348151 5.38360620837462
19.61 -6.569883874495628 5.382155550177392
19.611 -6.564502448629688 5.380696235097546
19.612000000000002 -6.559122486398283 5.379228280997073
19.613 -6.553743996431339 5.37775170606098
19.614 -6.548366987340416 5.376266528840338
19.615000000000002 -6.5429914677183625 5.3747727682059665
19.616 -6.537617446138972 5.373270443394634
19.617 -6.53224493115664 5.37175957396618
19.618000000000002 -6.526873931306024 5.370240179840449
19.619 -6.521504455101696 5.3687122812628605
19.62 -6.516136511037804 5.367175898841274
19.621 -6.510770107587728 5.365631053500078
19.622 -6.5054052532037385 5.364077766536084
19.623 -6.500041956316655 5.362516059553292
19.624 -6.494680225335505 5.360945954532634
19.625 -6.489320068647183 5.359367473758575
19.626 -6.4839614946161115 5.3577806398924075
19.627 -6.478604511583898 5.356185475899977
19.628 -6.473249127868998 5.354582005119194
19.629 -6.467895351766377 5.352970251195122
19.63 -6.462543191547171 5.351350238140595
19.631 -6.457192655458348 5.349721990278995
19.632 -6.451843751722372 5.348085532293329
19.633 -6.446496488536867 5.346440889183158
19.634 -6.441150874074278 5.344788086301489
19.635 -6.4358069164815435 5.3431271493169605
19.636 -6.430464623879751 5.341458104254791
19.637 -6.425124004363813 5.33978097744562
19.638 -6.4197850660021265 5.338095795585248
19.639 -6.4144478168362475 5.3364025856636275
19.64 -6.409112264880555 5.334701375042075
19.641000000000002 -6.403778418121925 5.3329921913689
19.642 -6.3984462845193955 5.3312750626644965
19.643 -6.393115872003847 5.329550017234114
19.644000000000002 -6.387787188477666 5.327817083750804
19.645 -6.382460241814424 5.3260762911759505
19.646 -6.377135039858552 5.324327668828616
19.647000000000002 -6.371811590425015 5.322571246323657
19.648 -6.36648990129899 5.320807053618892
19.649 -6.361169980235541 5.319035120983049
19.650000000000002 -6.355851834959306 5.317255479004246
19.651 -6.3505354731641654 5.315468158600572
19.652 -6.345220902512936 5.313673190988232
19.653 -6.339908130637046 5.3118706077249405
19.654 -6.334597165136223 5.310060440656974
19.655 -6.329288013578179 5.308242721969779
19.656 -6.323980683498294 5.306417484135894
19.657 -6.318675182399309 5.304584759967583
19.658 -6.313371517751014 5.302744582551181
19.659 -6.308069696989936 5.30089698532455
19.66 -6.302769727519038 5.299042001982666
19.661 -6.297471616707409 5.297179666577509
19.662 -6.292175371889958 5.295310013413784
19.663 -6.286881000367115 5.293433077147022
19.664 -6.2815885094045285 5.291548892685228
19.665 -6.276297906232764 5.289657495283247
19.666 -6.271009198047009 5.287758920444747
19.667 -6.265722392006777 5.2858532040172035
19.668 -6.260437495235608 5.28394038209384
19.669 -6.2551545148207826 5.282020491105246
19.67 -6.249873457813025 5.28009356773162
19.671 -6.244594331226217 5.278159648976388
19.672 -6.239317142037111 5.276218772099186
19.673000000000002 -6.2340418971850395 5.27427097467126
19.674 -6.22876860357164 5.2723162945232875
19.675 -6.223497268060565 5.27035476978625
19.676000000000002 -6.218227897477206 5.268386438853353
19.677 -6.212960498608415 5.26641134040973
19.678 -6.20769507820223 5.264429513402117
19.679000000000002 -6.202431642967597 5.262440997061464
19.68 -6.197170199574104 5.260445830879768
19.681 -6.191910754651704 5.2584440546275015
19.682000000000002 -6.186653314790455 5.2564357083303745
19.683 -6.181397886540248 5.254420832293185
19.684 -6.176144476410548 5.252399467064575
19.685 -6.170893090870131 5.250371653475274
19.686 -6.1656437363468255 5.248337432589624
19.687 -6.1603964192272525 5.246296845754272
19.688 -6.155151145856576 5.24424993454033
19.689 -6.149907922538246 5.242196740800058
19.69 -6.144666755533754 5.240137306605299
19.691 -6.139427651062379 5.238071674302781
19.692 -6.134190615300948 5.235999886454362
19.693 -6.128955654383589 5.233921985894444
19.694 -6.123722774401491 5.2318380156639614
19.695 -6.11849198140267 5.2297480190745675
19.696 -6.113263281391727 5.227652039640148
19.697 -6.108036680329619 5.2255501211326125
19.698 -6.102812184133426 5.223442307536236
19.699 -6.097589798676127 5.2213286430710015
19.7 -6.092369529786371 5.219209172177851
19.701 -6.087151383248251 5.2170839395199815
19.702 -6.081935364801091 5.214952989980364
19.703 -6.0767214801392235 5.212816368657425
19.704 -6.071509734911773 5.2106741208664715
19.705000000000002 -6.0663001347224474 5.208526292125402
19.706 -6.061092685129325 5.206372928177635
19.707 -6.055887391644649 5.204214074948848
19.708000000000002 -6.050684259734623 5.202049778593099
19.709 -6.045483294819206 5.199880085441816
19.71 -6.04028450227192 5.197705042044108
19.711000000000002 -6.035087887419648 5.195524695125337
19.712 -6.029893455542442 5.193339091620801
19.713 -6.024701211873335 5.191148278637323
19.714 -6.01951116159815 5.188952303485635
19.715 -6.014323309855315 5.186751213643028
19.716 -6.009137661735684 5.1845450567812374
19.717 -6.003954222282356 5.182333880742593
19.718 -5.9987729964905 5.180117733541829
19.719 -5.993593989307176 5.177896663377213
19.72 -5.988417205631176 5.175670718596694
19.721 -5.983242650312845 5.173439947738902
19.722 -5.978070328153923 5.171204399477136
19.723 -5.972900243907384 5.168964122673859
19.724 -5.967732402277272 5.16671916632054
19.725 -5.9625668079185505 5.164469579587555
19.726 -5.95740346543695 5.16221541177515
19.727 -5.9522423793888155 5.159956712347783
19.728 -5.947083554280965 5.157693530901475
19.729 -5.941926994570541 5.1554259171857835
19.73 -5.936772704664875 5.15315392107697
19.731 -5.931620688921349 5.15087759259922
19.732 -5.926470951647259 5.148596981894543
19.733 -5.921323497099688 5.146312139250044
19.734 -5.916178329485376 5.144023115063118
19.735 -5.9110354529606 5.141729959867548
19.736 -5.9058948716310455 5.139432724307145
19.737000000000002 -5.900756589551695 5.137131459146403
19.738 -5.895620610726709 5.134826215263267
19.739 -5.8904869391093175 5.132517043642833
19.740000000000002 -5.885355578601708 5.130203995382192
19.741 -5.880226533054926 5.127887121674317
19.742 -5.875099806268765 5.125566473820945
19.743000000000002 -5.869975401991676 5.123242103213455
19.744 -5.8648533239206655 5.120914061345187
19.745 -5.859733575701208 5.118582399788393
19.746 -5.854616160927155 5.116247170217174
19.747 -5.849501083140649 5.1139084243760795
19.748 -5.8443883458320425 5.111566214098117
19.749 -5.839277952439816 5.109220591294875
19.75 -5.834169906350508 5.106871607942112
19.751 -5.829064210898634 5.104519316102605
19.752 -5.823960869366629 5.102163767885623
19.753 -5.818859884984767 5.099805015491288
19.754 -5.813761260931114 5.097443111147169
19.755 -5.808665000331455 5.095078107177969
19.756 -5.803571106259249 5.092710055917848
19.757 -5.798479581735571 5.090339009799994
19.758 -5.793390429729062 5.087965021256
19.759 -5.788303653155886 5.085588142807674
19.76 -5.783219254879687 5.083208426979411
19.761 -5.778137237711549 5.080825926360096
19.762 -5.773057604409961 5.078440693557108
19.763 -5.767980357680782 5.076052781213419
19.764 -5.762905500177219 5.07366224200445
19.765 -5.7578330344997894 5.071269128617848
19.766000000000002 -5.752762963196312 5.06887349377456
19.767 -5.747695288761878 5.066475390205197
19.768 -5.742630013638841 5.064074870654589
19.769000000000002 -5.737567140216803 5.061671987883997
19.77 -5.732506670832602 5.0592667946528636
19.771 -5.727448607770313 5.056859343733742
19.772000000000002 -5.722392953261242 5.054449687892829
19.773 -5.717339709483926 5.052037879896846
19.774 -5.712288878564141 5.049623972506781
19.775000000000002 -5.707240462574905 5.047208018470519
19.776 -5.702194463536497 5.044790070527954
19.777 -5.6971508834164615 5.04237018139956
19.778 -5.692109724129634 5.039948403786108
19.779 -5.68707098753816 5.0375247903674705
19.78 -5.682034675451518 5.035099393797367
19.781 -5.677000789626549 5.032672266695874
19.782 -5.671969331767488 5.0302434616582525
19.783 -5.666940303525996 5.027813031233068
19.784 -5.661913706501201 5.025381027939733
19.785 -5.656889542239736 5.022947504248499
19.786 -5.651867812235787 5.020512512584502
19.787 -5.646848517931137 5.018076105327688
19.788 -5.641831660715219 5.015638334797615
19.789 -5.63681724192517 5.013199253267925
19.79 -5.631805262845887 5.010758912942649
19.791 -5.626795724710091 5.008317365972972
19.792 -5.621788628698386 5.005874664437346
19.793 -5.616783975939334 5.003430860348372
19.794 -5.611781767509514 5.000986005650595
19.795 -5.60678200443361 4.998540152199889
19.796 -5.601784687684472 4.996093351796295
19.797 -5.596789818183211 4.993645656127156
19.798000000000002 -5.591797396799271 4.991197116834597
19.799 -5.586807424350525 4.988747785424444
19.8 -5.581819901603353 4.98629771336727
19.801000000000002 -5.576834829272746 4.983846951977796
19.802 -5.5718522080223964 4.981395552536098
19.803 -5.566872038464797 4.978943566163194
19.804000000000002 -5.561894321161344 4.976491043926775
19.805 -5.556919056622444 4.9740380367463
19.806 -5.551946245307619 4.971584595463614
19.807000000000002 -5.546975887625616 4.96913077078492
19.808 -5.542007983934533 4.966676613313757
19.809 -5.537042534541921 4.9642221735306835
19.81 -5.532079539704918 4.9617675017882705
19.811 -5.52711899963036 4.959312648330119
19.812 -5.522160914474918 4.956857663244707
19.813 -5.517205284345224 4.954402596528474
19.814 -5.512252109298002 4.951947497993455
19.815 -5.507301389340204 4.949492417373638
19.816 -5.50235312442915 4.947037404200185
19.817 -5.497407314472667 4.944582507924011
19.818 -5.492463959329238 4.942127777790823
19.819 -5.487523058808142 4.93967326295427
19.82 -5.48258461266961 4.9372190123611555
19.821 -5.477648620624975 4.934765074860668
19.822 -5.472715082336826 4.93231149908622
19.823 -5.467783997419174 4.929858333569425
19.824 -5.462855365437602 4.92740562662712
19.825 -5.457929185909441 4.9249534264525305
19.826 -5.453005458303925 4.922501781039729
19.827 -5.448084182042371 4.920050738233957
19.828 -5.443165356498344 4.917600345690586
19.829 -5.438248980997837 4.9151506509017135
19.830000000000002 -5.433335054819445 4.9127017011705325
19.831 -5.428423577194546 4.910253543623241
19.832 -5.423514547307486 4.907806225204482
19.833000000000002 -5.418607964295764 4.905359792661326
19.834 -5.413703827250215 4.902914292568965
19.835 -5.408802135215209 4.900469771288561
19.836000000000002 -5.40390288718884 4.898026275012463
19.837 -5.399006082123121 4.895583849705002
19.838 -5.394111718924182 4.893142541168823
19.839000000000002 -5.389219796452475 4.890702394959627
19.84 -5.384330313522974 4.888263456479446
19.841 -5.379443268905379 4.885825770870153
19.842 -5.374558661324327 4.88338938311433
19.843 -5.369676489459602 4.880954337941142
19.844 -5.364796751946348 4.878520679896767
19.845 -5.359919447375282 4.876088453291706
19.846 -5.355044574292916 4.873657702225543
19.847 -5.350172131201771 4.871228470579028
19.848 -5.345302116560605 4.8688008020005595
19.849 -5.340434528784631 4.866374739926182
19.85 -5.335569366245751 4.863950327548696
19.851 -5.330706627272776 4.861527607849317
19.852 -5.325846310151666 4.859106623555396
19.853 -5.320988413125757 4.856687417187266
19.854 -5.3161329343959975 4.854270030995358
19.855 -5.311279872121186 4.85185450703062
19.856 -5.3064292244182125 4.849440887063125
19.857 -5.3015809893622965 4.847029212660186
19.858 -5.296735164987232 4.844619525105204
19.859 -5.291891749285633 4.842211865475897
19.86 -5.287050740209182 4.839806274559299
19.861 -5.282212135668875 4.837402792935676
19.862000000000002 -5.2773759335352795 4.835001460888723
19.863 -5.272542131638782 4.832602318492396
19.864 -5.267710727769846 4.83020540552198
19.865000000000002 -5.262881719679267 4.827810761534625
19.866 -5.258055105078433 4.825418425792071
19.867 -5.253230881639582 4.82302843732701
19.868000000000002 -5.248409046996068 4.820640834879583
19.869 -5.243589598742623 4.818255656952718
19.87 -5.238772534435621 4.815872941757122
19.871 -5.23395785159335 4.8134927272590105
19.872 -5.229145547696273 4.811115051134195
19.873 -5.2243356201873095 4.808739950802925
19.874 -5.2195280664720975 4.806367463403486
19.875 -5.214722883919273 4.803997625801912
19.876 -5.209920069860741 4.8016304745911755
19.877 -5.205119621591958 4.7992660460801195
19.878 -5.200321536372206 4.796904376307995
19.879 -5.195525811424873 4.794545501022898
19.88 -5.190732443937734 4.792189455701378
19.881 -5.185941431063235 4.789836275528629
19.882 -5.181152769918772 4.7874859954104885
19.883 -5.176366457586986 4.7851386499648765
19.884 -5.1715824911160375 4.782794273522522
19.885 -5.166800867519904 4.780452900125456
19.886 -5.162021583778664 4.778114563528954
19.887 -5.157244636838787 4.775779297190878
19.888 -5.15247002361343 4.7734471342866
19.889 -5.147697740982725 4.771118107687063
19.89 -5.142927785794072 4.768792249979964
19.891000000000002 -5.138160154862439 4.766469593447671
19.892 -5.133394844970656 4.764150170085095
19.893 -5.1286318528697095 4.761834011579434
19.894000000000002 -5.123871175279042 4.759521149332648
19.895 -5.119112808886855 4.757211614429193
19.896 -5.1143567503504 4.754905437676457
19.897000000000002 -5.109602996296291 4.752602649551383
19.898 -5.104851543320796 4.7503032802620675
19.899 -5.100102387990147 4.748007359676529
19.900000000000002 -5.095355526840839 4.7457149173986135
19.901 -5.090610956379937 4.743425982683819
19.902 -5.08586867308538 4.741140584529498
19.903 -5.081128673406289 4.7388587515757985
19.904 -5.076390953763271 4.736580512207433
19.905 -5.07165551054873 4.734305894452157
19.906 -5.066922340127172 4.732034926072503
19.907 -5.062191438835512 4.729767634485107
19.908 -5.057462802983391 4.727504046827922
19.909 -5.05273642885348 4.725244189900953
19.91 -5.048012312701791 4.722988090221511
19.911 -5.043290450757991 4.720735773960983
19.912 -5.038570839225711 4.718487267022716
19.913 -5.033853474282861 4.716242594944697
19.914 -5.029138352081939 4.71400178301036
19.915 -5.024425468750349 4.711764856129938
19.916 -5.019714820390708 4.709531838958655
19.917 -5.015006403081167 4.7073027557804545
19.918 -5.0103002128757215 4.705077630621621
19.919 -5.005596245804526 4.702856487135741
19.92 -5.000894497874208 4.70063934872049
19.921 -4.996194965068189 4.69842623839954
19.922 -4.991497643346991 4.696217178937153
19.923000000000002 -4.986802528648559 4.69401219272944
19.924 -4.982109616888575 4.691811301904217
19.925 -4.977418903960774 4.689614528231546
19.926000000000002 -4.9727303857372585 4.687421893199656
19.927 -4.968044058068817 4.685233417954685
19.928 -4.963359916785241 4.683049123342285
19.929000000000002 -4.9586779576956355 4.680869029885473
19.93 -4.953998176588746 4.678693157787875
19.931 -4.949320569233263 4.676521526948927
19.932000000000002 -4.9446451313781505 4.6743541569297475
19.933 -4.9399718587529495 4.672191067005054
19.934 -4.935300747068107 4.670032276097458
19.935 -4.930631792015284 4.66787780285319
19.936 -4.925964989267673 4.665727665560039
19.937 -4.921300334480317 4.663581882232908
19.938 -4.916637823290422 4.661440470528472
19.939 -4.911977451317677 4.659303447829705
19.94 -4.907319214164561 4.657170831163217
19.941 -4.902663107416669 4.655042637280085
19.942 -4.898009126643019 4.652918882578608
19.943 -4.893357267396369 4.650799583180588
19.944 -4.888707525213533 4.6486847548535675
19.945 -4.884059895615693 4.646574413095048
19.946 -4.879414374108713 4.644468573041896
19.947 -4.8747709561834505 4.642367249566608
19.948 -4.870129637316075 4.640270457180888
19.949 -4.865490412968373 4.638178210131422
19.95 -4.860853278588066 4.636090522306772
19.951 -4.856218229609118 4.634007407330446
19.952 -4.851585261452048 4.631928878468912
19.953 -4.84695436952424 4.6298549487256455
19.954 -4.842325549220256 4.627785630745752
19.955000000000002 -4.8376987959221385 4.625720936915886
19.956 -4.833074104999725 4.623660879262681
19.957 -4.828451471810956 4.62160546955613
19.958000000000002 -4.823830891702179 4.619554719209681
19.959 -4.819212360008456 4.617508639377306
19.96 -4.814595872053875 4.615467240862552
19.961000000000002 -4.809981423151847 4.613430534206648
19.962 -4.8053690086054175 4.611398529604435
19.963 -4.800758623707566 4.609371236988976
19.964000000000002 -4.796150263741512 4.607348665949737
19.965 -4.791543923981019 4.605330825812137
19.966 -4.78693959969069 4.603317725566032
19.967 -4.782337286126275 4.601309373931524
19.968 -4.777736978534966 4.599305779301882
19.969 -4.773138672155699 4.597306949796215
19.97 -4.7685423622194545 4.595312893212555
19.971 -4.763948043949546 4.593323617075847
19.972 -4.759355712561928 4.591339128590038
19.973 -4.7547653632654825 4.589359434689471
19.974 -4.750176991262316 4.587384541990273
19.975 -4.745590591748058 4.585414456836455
19.976 -4.741006159912144 4.583449185263542
19.977 -4.736423690938117 4.581488733027575
19.978 -4.731843180003912 4.579533105587907
19.979 -4.727264622282146 4.577582308116902
19.98 -4.722688012940409 4.57563634550035
19.981 -4.718113347141549 4.573695222334879
19.982 -4.71354062004396 4.571758942933469
19.983 -4.708969826801865 4.5698275113221065
19.984 -4.704400962565602 4.567900931247293
19.985 -4.699834022481905 4.5659792061675875
19.986 -4.69526900169419 4.564062339267295
19.987000000000002 -4.690705895342829 4.562150333442915
19.988 -4.686144698565433 4.560243191321244
19.989 -4.681585406497131 4.558340915240499
19.990000000000002 -4.677028014270845 4.556443507277509
19.991 -4.672472517017567 4.554550969213187
19.992 -4.667918909866632 4.552663302582802
19.993000000000002 -4.663367187945993 4.550780508613973
19.994 -4.658817346382491 4.54890258830381
19.995 -4.654269380302127 4.547029542335041
19.996 -4.649723284830329 4.545161371168038
19.997 -4.645179055092224 4.543298074949837
19.998 -4.6406366862129005 4.54143965360614
19.999 -4.636096173317675 4.53958610675496
20.0 -4.6315575115323595 4.537737433793633
